Cod FGO,Cod produs,Nume produs,Categorie,Categorie conta,Stoc initial,UM,Pret vanzare fara TVA (RON),Pret vanzare cu TVA (RON),Pret intrare,Moneda pret intrare,TVA %,Descriere
00448146,11100-KGBG-C00,11100-KGBG-C00 CRANK CASE COMP,Pe comanda,Marfuri gestiune 1 firma,0,BUC,0,0,,EUR,21,
00451682,11100-KUDU-305,11100-KUDU-305 CRANK CASE COMP R,Pe comanda,Marfuri gestiune 1 firma,0,BUC,519.8347,629,,EUR,21,Carter
00448733,11100-KUDU-C00,11100-KUDU-C00 CRANK CASE SET,Pe comanda,Marfuri gestiune 1 firma,0,BUC,0,0,,EUR,21,
00445402,11102-1G87-004,11102-1G87-004 RUB BUSH ENG HANGER,Marfuri,Marfuri gestiune 1 firma,11,BUC,20.6612,25,,EUR,21,Bucsa motor
00450203,11102-1G87-C00,11102-1G87-C00 RUB BUSH ENG HANGER,Marfuri,Marfuri gestiune 1 firma,0,BUC,1.86,2.21,,EUR,21,Bucsa motor
00445403,11103-KHE7-900,11103-KHE7-900 RUB BUSH ENG HANGER,Pe comanda,Marfuri gestiune 1 firma,3,BUC,0,0,,EUR,21,
00446874,11107-PWB1-900,11107-PWB1-900 PIPE OIL,Pe comanda,Marfuri gestiune 1 firma,0,BUC,0,0,,EUR,21,
00449194,1110A-LDB5-E00,1110A-LDB5-E00 CRANK CASE COMP L/R,Pe comanda,Marfuri gestiune 1 firma,0,BUC,0,0,,EUR,21,
00448051,11110-LLJ3-E00,11110-LLJ3-E00 BUSH ASSY ENG HANGER,Pe comanda,Marfuri gestiune 1 firma,0,BUC,0,0,,EUR,21,
00448735,11152-KGBG-E00,11152-KGBG-E00 GASKET CRANK CASE,Pe comanda,Marfuri gestiune 1 firma,1,BUC,0,0,,EUR,21,
00448556,11152-KUDU-E90,11152-KUDU-E90 GASKET CRANK CASE,Pe comanda,Marfuri gestiune 1 firma,1,BUC,0,0,,EUR,21,
00448782,11152-LLB1-900,11152-LLB1-900 GASKET CRANK CASE,Pe comanda,Marfuri gestiune 1 firma,1,BUC,0,0,,EUR,21,
00448500,11191-KGG7-E90,11191-KGG7-E90 GASKET CRANK CASE,Pe comanda,Marfuri gestiune 1 firma,0,BUC,0,0,,EUR,21,
00449297,11191-LBA8-E90,11191-LBA8-E90 GASKET CRANK CASE,Pe comanda,Marfuri gestiune 1 firma,0,BUC,0,0,,EUR,21,
00447608,11191-LCA7-E90,11191-LCA7-E90 GASKET CRANK CASE,Pe comanda,Marfuri gestiune 1 firma,0,BUC,0,0,,EUR,21,
00451634,11192-BLB5-E00,11192-BLB5-E00 GASKET CRANK CASE,Pe comanda,Marfuri gestiune 1 firma,0,BUC,12.3967,15,,EUR,21,Garnitura
00451324,11192-KEBE-980,11192-KEBE-980 GASKET CRANK CASE,Pe comanda,Marfuri gestiune 1 firma,0,BUC,3.55,4.3,,EUR,21,Garnitura carter
00447414,11192-KGBG-980,11192-KGBG-980 GASKET CRANK CASE,Pe comanda,Marfuri gestiune 1 firma,2,BUC,0,0,,EUR,21,Garnitura intre cartere
00445462,11192-KGBG-C10,11192-KGBG-C10 GASKET CARNK CASE,Pe comanda,Marfuri gestiune 1 firma,0,BUC,0,0,,EUR,21,Garnitura intre cartere
00447086,11192-KGBG-E90,11192-KGBG-E90 GASKET CRANK CASE,Marfuri,Marfuri gestiune 1 firma,0,BUC,23.1405,28,,EUR,21,Garnitura intre cartere
00445655,11192-KHE7-900,11192-KHE7-900 GASKET CRANK CASE,Pe comanda,Marfuri gestiune 1 firma,0,BUC,0,0,,EUR,21,Garnitura intre cartere
00446730,11192-KHE7-980,11192-KHE7-980 GASKET CRANK CASE,Pe comanda,Marfuri gestiune 1 firma,2,BUC,0,0,,EUR,21,Garnitura intre cartere
00449069,11192-KUDU-980,11192-KUDU-980 GASKET CRANK CASE,Pe comanda,Marfuri gestiune 1 firma,0,BUC,0,0,,EUR,21,Garnitura intre cartere
00446731,11192-KUDU-E90,11192-KUDU-E90 GASKET CRANK CASE,Pe comanda,Marfuri gestiune 1 firma,1,BUC,22.314,27,,EUR,21,Garnitura intre cartere
00446656,11192-LBA7-900,11192-LBA7-900 GASKET CRANK CASE,Pe comanda,Marfuri gestiune 1 firma,2,BUC,0,0,,EUR,21,Garnitura intre cartere
00449567,11192-LDC8-E10,11192-LDC8-E10 GASKET CRANK CASE,Pe comanda,Marfuri gestiune 1 firma,0,BUC,0,0,,EUR,21,Garnitura intre cartere
00445577,11192-LEA5-E00,11192-LEA5-E00 GASKET CRANKE,Pe comanda,Marfuri gestiune 1 firma,0,BUC,0,0,,EUR,21,Garnitura intre cartere
00449419,11192-LFA7-E00,11192-LFA7-E00 GASKET CRANK CASE,Pe comanda,Marfuri gestiune 1 firma,0,BUC,0,0,,EUR,21,Garnitura intre cartere
00449568,11192-LGS6-E90,11192-LGS6-E90 GASKET CRANK CASE,Pe comanda,Marfuri gestiune 1 firma,0,BUC,0,0,,EUR,21,Garnitura intre cartere
00445942,11192-LLB1-900,11192-LLB1-900 GASKET CRANK CASE A,Marfuri,Marfuri gestiune 1 firma,3,BUC,74.3802,90,,EUR,21,Garnitura intre cartere
00448407,11192-LLB1-900,11192-LLB1-900 MV0004 SEAL CRANKCASE,Pe comanda,Marfuri gestiune 1 firma,0,BUC,0,0,,EUR,21,Garnitura intre cartere
00445578,11200-KKC3-315,11200-KKC3-315 CASE SET L CRANK,Pe comanda,Marfuri gestiune 1 firma,0,BUC,0,0,,EUR,21,
00447629,11200-LBD6-C00,11200-LBD6-C00 CRANK CASE COMP,Pe comanda,Marfuri gestiune 1 firma,0,BUC,0,0,,EUR,21,
00448294,11200-LBD6-E00,11200-LBD6-E00 CRANK CASE COMP LEFT,Pe comanda,Marfuri gestiune 1 firma,2,BUC,0,0,,EUR,21,
00450788,11200-LCD9-E00,11200-LCD9-E00 CRANK CASE COMP LEFT,Pe comanda,Marfuri gestiune 1 firma,0,BUC,182.41,217.07,,EUR,21,Carter stanga
00445686,11203-GGC7-W10,11203-GGC7-W10 UNDER RUBBER BUSH REAR CUSHION,Pe comanda,Marfuri gestiune 1 firma,2,BUC,0,0,,EUR,21,
00451358,11205-GHAH-C00,11205-GHAH-C00 BUSH 8*12*8,Pe comanda,Marfuri gestiune 1 firma,0,BUC,0.48,0.58,,EUR,21,Bucsa 8*2*8
00451355,11205-LAB4-900,11205-LAB4-900 BUSH MΑΙΝ STAND,Pe comanda,Marfuri gestiune 1 firma,0,BUC,1.5733,1.9,,EUR,21,Bucsa
00450616,11207-KKC4-900,11207-KKC4-900 STAY RR FENDER,Pe comanda,Marfuri gestiune 1 firma,0,BUC,5,5,,EUR,21,
00451408,11208-LBD6-C00,11208-LBD6-C00 STAY RR TIRE FENDER,Pe comanda,Marfuri gestiune 1 firma,1,BUC,4.57,4.57,,EUR,21,Suport aripa
00446952,11211-LBD6-E00,11211-LBD6-E00 TUBE BREATHER,Pe comanda,Marfuri gestiune 1 firma,0,BUC,27.2727,33,,EUR,21,Furtun
00451133,1121A-ABD2-C00,1121A-ABD2-C00 TUBE BREATHER,Pe comanda,Marfuri gestiune 1 firma,0,BUC,6.2,7.38,,EUR,21,Furtun
00450826,1121A-LDG7-900,1121A-LDG7-900 TUBE AIR/C,Pe comanda,Marfuri gestiune 1 firma,0,BUC,3.7,4.4,,EUR,21,Furtun
00446814,11221-LBA2-E00,11221-LBA2-E00 INSULATOR PLATE,Pe comanda,Marfuri gestiune 1 firma,0,BUC,0,0,,EUR,21,
00451411,1122A-LBA2-E00,1122A-LBA2-E00 TUBE ASSY,Pe comanda,Marfuri gestiune 1 firma,1,BUC,41.3223,50,,EUR,21,Furtun
00448752,11230-KFBF-900,11230-KFBF-900 RUBBER BUSH RR FORK,Pe comanda,Marfuri gestiune 1 firma,0,BUC,0,0,,EUR,21,
00450372,11330-KFA5-900,11330-KFA5-900 COVER R SIDE,Pe comanda,Marfuri gestiune 1 firma,0,BUC,39.34,46.81,,EUR,21,Capac dreapta
00445910,11330-LBD6-C00,11330-LBD6-C00 COVER COMP R CRANK CASE,Pe comanda,Marfuri gestiune 1 firma,0,BUC,0,0,,EUR,21,
00449280,11330-LBD6-E00,11330-LBD6-E00 COVER R CRANKE CASE,Pe comanda,Marfuri gestiune 1 firma,1,BUC,0,0,,EUR,21,
00449741,11330-LDE9-E00-M3A,11330-LDE9-E00-M3A COVER COMP R CRANK CASE,Pe comanda,Marfuri gestiune 1 firma,0,BUC,0,0,,EUR,21,
00451197,11330-LKM5-E00,11330-LKM5-E00 COVER COMP R CRANK CASE UXV7000I,Pe comanda,Marfuri gestiune 1 firma,0,BUC,50,59.5,,EUR,21,Capac carcasa dreapta
00451240,11330-PTA1-900,11330-PTA1-900 COVER LEFT CRANK CASE UXV450/450 E4,Pe comanda,Marfuri gestiune 1 firma,0,BUC,90,107.1,,EUR,21,Capac carter stanga
00449334,11340-LBD6-C00-N1A,11340-LBD6-C00-N1A COVER COMP L CRANK CASE,Pe comanda,Marfuri gestiune 1 firma,0,BUC,491.7355,595,,EUR,21,Capac variator - negru lucios
00447301,11340-LBD6-C00-NEA,11340-LBD6-C00-NEA COVER L SIDE,Pe comanda,Marfuri gestiune 1 firma,5,BUC,0,0,,EUR,21,Capac variator
00446501,11340-LBD6-E00-N8A,11340-LBD6-E00-N8A COVER L SIDE,Pe comanda,Marfuri gestiune 1 firma,0,BUC,0,0,,EUR,21,Capac variator
00445789,11340-LBD6-E00-NEA,11340-LBD6-E00-NEA COVER L SIDE,Pe comanda,Marfuri gestiune 1 firma,0,BUC,0,0,,EUR,21,Capac variator
00448501,11340-LCD2-E00-HJA,11340-LCD2-E00-HJA COVER L,Pe comanda,Marfuri gestiune 1 firma,0,BUC,0,0,,EUR,21,
00450199,11340-LCD2-E00-MX4553,11340-LCD2-E00-MX4553 COVER LEFT,Pe comanda,Marfuri gestiune 1 firma,0,BUC,115.74,137.73,,EUR,21,Capac variator
00446005,11340-LEJ2-E10-NEA,11340-LEJ2-E10-NEA COVER COMP L SIDE,Pe comanda,Marfuri gestiune 1 firma,4,BUC,0,0,,EUR,21,Capac variator
00450119,11341-KEC4-C00-HUA,11341-KEC4-C00-HUA COVER LEFT,Pe comanda,Marfuri gestiune 1 firma,0,BUC,52.26,62.19,,EUR,21,Capac stanga (variator)
00447446,11341-KFA6-900-HUA,11341-KFA6-900-HUA COVER L SIDE,Pe comanda,Marfuri gestiune 1 firma,0,BUC,0,0,,EUR,21,
00450563,11341-KFA6-900-NEA,11341-KFA6-900-NEA COVER L SIDE,Pe comanda,Marfuri gestiune 1 firma,0,BUC,56.13,66.79,,EUR,21,Capac variator
00448541,11341-KFC8-900-NEA,11341-KFC8-900-NEA COVER LEFT,Pe comanda,Marfuri gestiune 1 firma,0,BUC,0,0,,EUR,21,
00450652,11341-KHB4-900-HJA,11341-KHB4-900-HJA COVER LEFT,Pe comanda,Marfuri gestiune 1 firma,0,BUC,49.54,58.95,,EUR,21,Capac variator
00445872,11341-KHB4-900-N8A,11341-KHB4-900-N8A COVER LEFT,Pe comanda,Marfuri gestiune 1 firma,1,BUC,0,0,,EUR,21,
00446636,11341-KKD6-900-N8A,11341-KKD6-900-N8A COVER L SIDE,Pe comanda,Marfuri gestiune 1 firma,0,BUC,0,0,,EUR,21,
00447092,11341-LBA7-900-N8A,11341-LBA7-900-N8A COVER LEFT,Pe comanda,Marfuri gestiune 1 firma,0,BUC,0,0,,EUR,21,
00448938,11341-LBA8-C10-N8A,11341-LBA8-C10-N8A COVER LEFT CRANK CASE,Pe comanda,Marfuri gestiune 1 firma,0,BUC,0,0,,EUR,21,
00447599,11343-LBA2-E00-HQP,11343-LBA2-E00-HQP RR COVER L,Pe comanda,Marfuri gestiune 1 firma,0,BUC,0,0,,EUR,21,
00450827,11343-LDG7-E00-NEP,11343-LDG7-E00-NEP RR COVER L COVER,Pe comanda,Marfuri gestiune 1 firma,0,BUC,35.86,42.67,,EUR,21,Capac stanga
00449087,11344-LEA7-E00,11344-LEA7-E00 FOAM TEXTURE,Pe comanda,Marfuri gestiune 1 firma,0,BUC,0,0,,EUR,21,
00448905,11344-LHM2-E00,11344-LHM2-E00 DUCT B L COVER,Pe comanda,Marfuri gestiune 1 firma,0,BUC,0,0,,EUR,21,
00448229,11345-KHE7-901,11345-KHE7-901 DUCT L COVER,Pe comanda,Marfuri gestiune 1 firma,0,BUC,0,0,,EUR,21,
00448131,11345-LEJ3-E10,11345-LEJ3-E10 DUCT L COVER,Pe comanda,Marfuri gestiune 1 firma,0,BUC,0,0,,EUR,21,
00448638,11345-LFE9-E00,11345-LFE9-E00 DUCT A L COVER,Pe comanda,Marfuri gestiune 1 firma,0,BUC,0,0,,EUR,21,
00450800,11345-LHB3-E10,11345-LHB3-E10 DUCT L COVER,Pe comanda,Marfuri gestiune 1 firma,0,BUC,5.22,6.21,,EUR,21,Tub aerisire
00445404,11345-LLB1-900,11345-LLB1-900 DUCT L COVER,Marfuri,Marfuri gestiune 1 firma,2,BUC,105.7851,128,,EUR,21,Furtun aerisire
00448892,11345-PWB1-900,11345-PWB1-900 DUCT BELT AIR,Pe comanda,Marfuri gestiune 1 firma,0,BUC,0,0,,EUR,21,
00445252,11346-KKC3-900,11346-KKC3-900 BAND L COVER DUCT,Pe comanda,Marfuri gestiune 1 firma,1,BUC,0,0,,EUR,21,
00449522,11347-LBA2-E00,11347-LBA2-E00 BOSS DRIVE SHAFT,Pe comanda,Marfuri gestiune 1 firma,0,BUC,45.4545,55,,EUR,21,Bucsa capac variator
00445253,11347-LBA7-900,11347-LBA7-900 BOSS DRIVE SHAFT,Pe comanda,Marfuri gestiune 1 firma,3,BUC,45.4545,55,,EUR,21,Bucsa capac
00447607,11348-LBA2-E00-HQP,11348-LBA2-E00-HQP FRONT COVER L,Pe comanda,Marfuri gestiune 1 firma,0,BUC,0,0,,EUR,21,
00449771,11348-LCA5-E00,11348-LCA5-E00 COVER STARTING,Pe comanda,Marfuri gestiune 1 firma,0,BUC,0,0,,EUR,21,
00448867,11348-LDB5-E00-NEA,11348-LDB5-E00-NEA COVER STARTING,Pe comanda,Marfuri gestiune 1 firma,0,BUC,0,0,,EUR,21,
00447401,1134A-KHE7-900-N8P,1134A-KHE7-900-N8P COVER COMP L COVER,Pe comanda,Marfuri gestiune 1 firma,1,BUC,0,0,,EUR,21,
00448259,1134A-LEA7-E00-D2G,1134A-LEA7-E00-D2G L COVER COMP,Pe comanda,Marfuri gestiune 1 firma,0,BUC,0,0,,EUR,21,
00449444,1134B-LBA2-E00-HQP,1134B-LBA2-E00-HQP FRONT COVER L COVER,Pe comanda,Marfuri gestiune 1 firma,0,BUC,0,0,,EUR,21,
00450852,1134B-LDG7-E00-HJP,1134B-LDG7-E00-HJP FRONT COVER COMP L COVER,Pe comanda,Marfuri gestiune 1 firma,0,BUC,34.77,41.38,,EUR,21,Capac stanga
00451248,11350-LCA5-E00,11350-LCA5-E00 ELEMENT DUCT A L COVER,Pe comanda,Marfuri gestiune 1 firma,0,BUC,3.03,3.61,,EUR,21,Capac tub aerisire
00450436,11350-LEA7-E00,11350-LEA7-E00 ELEMENT DUCT A L COVER,Pe comanda,Marfuri gestiune 1 firma,0,BUC,3.7,4.4,,EUR,21,Capac
00450883,11350-LEA7-E02,11350-LEA7-E02 ELEMENT ASSY L COVER,Pe comanda,Marfuri gestiune 1 firma,0,BUC,95.0413,115,,EUR,21,Element filtru capac stanga
00448529,11361-LBA8-C10-NEA,11361-LBA8-C10-NEA COVER LEFT REAR CRANK,Pe comanda,Marfuri gestiune 1 firma,0,BUC,0,0,,EUR,21,
00450798,11361-LEC8-E00-NEP,11361-LEC8-E00-NEP COVER L RR CRANKCASE,Pe comanda,Marfuri gestiune 1 firma,0,BUC,115.12605,137,,EUR,21,
00447609,11393-1G07-980,11393-1G07-980 GASKET RIGHT CRANK CASE,Pe comanda,Marfuri gestiune 1 firma,0,BUC,0,0,,EUR,21,
00451653,11393-BLB3-E00,11393-BLB3-E00 GASKET RIGHT CRANK CASE COVER,Pe comanda,Marfuri gestiune 1 firma,0,BUC,42.9752,52,,EUR,21,Garnitura dreapta
00445911,11393-KEC2-900,11393-KEC2-900 GASKET RIGHT CRANK CASE COVER,Pe comanda,Marfuri gestiune 1 firma,0,BUC,0,0,,EUR,21,
00447975,11393-KEC2-980,11393-KEC2-980 GASKET RIGHT CRANK CASE COVER,Pe comanda,Marfuri gestiune 1 firma,1,BUC,0,0,,EUR,21,Garnitura carter dreapta
00448331,11393-KGC4-980,11393-KGC4-980 GASKET RIGHT CRANK CASE COVER,Pe comanda,Marfuri gestiune 1 firma,0,BUC,0,0,,EUR,21,
00448574,11393-LBA8-E90,11393-LBA8-E90 GASKET RIGHT CRANK CASE COVER,Pe comanda,Marfuri gestiune 1 firma,0,BUC,0,0,,EUR,21,
00447610,11393-LCA7-E90,11393-LCA7-E90 GASKET RIGHT CRANK CASE,Pe comanda,Marfuri gestiune 1 firma,0,BUC,0,0,,EUR,21,
00446246,11394-KED9-900,11394-KED9-900 GASKET R COVER,Pe comanda,Marfuri gestiune 1 firma,1,BUC,0,0,,EUR,21,Garnitura capac dreapta
00446781,11394-KGBG-980,11394-KGBG-980 GASKET,Pe comanda,Marfuri gestiune 1 firma,0,BUC,0,0,,EUR,21,Garnitura capac dreapta
00446815,11394-KGBG-E90,11394-KGBG-E90 GASKET R COVER,Marfuri,Marfuri gestiune 1 firma,6,BUC,28.9256,35,,EUR,21,Garnitura capac dreapta
00445181,11394-KHE7-900,11394-KHE7-900 GASKET R COVER,Marfuri,Marfuri gestiune 1 firma,0,BUC,45.4545,55,,EUR,21,Garnitura capac dreapta
00447178,11394-KHE7-980,11394-KHE7-980 GASKE R COVER,Marfuri,Marfuri gestiune 1 firma,4,BUC,0,0,,EUR,21,Garnitura capac dreapta
00446851,11394-KUDU-980,11394-KUDU-980 GASKET R COVER,Pe comanda,Marfuri gestiune 1 firma,1,BUC,0,0,,EUR,21,Garnitura capac dreapta
00446732,11394-KUDU-C10,11394-KUDU-C10 GASKET R COVER,Pe comanda,Marfuri gestiune 1 firma,0,BUC,0,0,,EUR,21,Garnitura capac dreapta
00447179,11394-KUDU-E90,11394-KUDU-E90 GASKER R COVER,Pe comanda,Marfuri gestiune 1 firma,3,BUC,26.4463,32,,EUR,21,Garnitura capac dreapta
00447093,11394-LBA2-E00,11394-LBA2-E00 GASKET L COVER,Marfuri,Marfuri gestiune 1 firma,1,BUC,53.719,65,,EUR,21,Garnitura capac stanga
00445194,11394-LBA7-900,11394-LBA7-900 GASKET R COVER,Marfuri,Marfuri gestiune 1 firma,10,BUC,45.4545,55,,EUR,21,Garnitura capac dreapta (magnetou)
00449815,11394-LBA7-900-FS2,11394-LBA7-900-FS2 GASCHET RIGHT COVER,Pe comanda,Marfuri gestiune 1 firma,1,BUC,0,0,,EUR,21,
00449837,11394-LBA7-900-FS9,11394-LBA7-900-FS9 GASKET RIGHT COVER,Pe comanda,Marfuri gestiune 1 firma,2,BUC,0,0,,EUR,21,
00447388,11394-LDB5-E00,11394-LDB5-E00 GASKET COVER,Marfuri,Marfuri gestiune 1 firma,3,BUC,45.4545,55,,EUR,21,Garnitura capac dreapta
00447743,11394-LEA5-E00,11394-LEA5-E00 GASKET R COVER,Pe comanda,Marfuri gestiune 1 firma,0,BUC,0,0,,EUR,21,Garnitura capac dreapta
00448571,11394-LEA7-305,11394-LEA7-305 GASKER R COVER,Pe comanda,Marfuri gestiune 1 firma,0,BUC,0,0,,EUR,21,Garnitura capac dreapta
00447022,11394-LEA7-E00,11394-LEA7-E00 GASKET R COVER,Marfuri,Marfuri gestiune 1 firma,1,BUC,52.0661,63,,EUR,21,Garnitura capac dreapta
00450667,11394-LFA7-E00,11394-LFA7-E00 GASKET R COVER,Pe comanda,Marfuri gestiune 1 firma,0,BUC,2.96,3.52,,EUR,21,Garnitura capac dreapta (stator)
00451036,11394-LGC6-E00,11394-LGC6-E00 GASKET R COVER,Pe comanda,Marfuri gestiune 1 firma,1,BUC,12.58,14.97,,EUR,21,Garnitura capac dreapta
00449611,11394-LKF5-E00,11394-LKF5-E00 GASKET R COVER,Pe comanda,Marfuri gestiune 1 firma,0,BUC,70.2479,85,,EUR,21,Garnitura capac dreapta
00450967,11394-LKM5-E00,11394-LKM5-E00 GASKET R COVER,Pe comanda,Marfuri gestiune 1 firma,1,BUC,61.9835,75,,EUR,21,Garnitura capac dreapta
00445943,11394-LLB1-900,11394-LLB1-900 GASKET R COVER,Marfuri,Marfuri gestiune 1 firma,2,BUC,45.4545,55,,EUR,21,Garnitura capac dr.
00448415,11394-LLB1-900,11394-LLB1-900 MV0015 SEAL HOUSING,Pe comanda,Marfuri gestiune 1 firma,1,BUC,0,0,,EUR,21,Garnitura capac dr.
00447545,11394-PWB1-900,11394-PWB1-900 GASKET L COVER,Marfuri,Marfuri gestiune 1 firma,3,BUC,64.4628,78,,EUR,21,Garnitura capac stanga
00446520,11395-GKAK-901,11395-GKAK-901 GASKET L COVER,Pe comanda,Marfuri gestiune 1 firma,2,BUC,53.719,65,,EUR,21,Garnitura capac stanga
00446361,11395-KEB7-900,11395-KEB7-900 GASKEL L COVER,Pe comanda,Marfuri gestiune 1 firma,1,BUC,0,0,,EUR,21,
00447483,11395-KEC2-980,11395-KEC2-980 GASKET L CRANK CASE,Pe comanda,Marfuri gestiune 1 firma,1,BUC,0,0,,EUR,21,
00446901,11395-KFA6-900,11395-KFA6-900 GASKET L COVER,Pe comanda,Marfuri gestiune 1 firma,0,BUC,39.6694,48,,EUR,21,Garnitura capac stanga
00448542,11395-KFC8-980,11395-KFC8-980 GASKET L COVER,Pe comanda,Marfuri gestiune 1 firma,0,BUC,0,0,,EUR,21,
00447165,11395-KGD4-980,11395-KGD4-980 GASKET L COVER,Pe comanda,Marfuri gestiune 1 firma,0,BUC,0,0,,EUR,21,
00448502,11395-KGG7-E90,11395-KGG7-E90 GASKET L CRANK CASE,Pe comanda,Marfuri gestiune 1 firma,0,BUC,0,0,,EUR,21,
00446657,11395-KHB4-900,11395-KHB4-900 GASKET L COVER,Pe comanda,Marfuri gestiune 1 firma,5,BUC,0,0,,EUR,21,Garnitura capac variator
00450033,11395-KHB4-C00,11395-KHB4-C00 GASKET L COVER @A,Pe comanda,Marfuri gestiune 1 firma,0,BUC,30.5785,37,,EUR,21,Garnitura capac stanga
00446073,11395-KHE7-900,11395-KHE7-900 GASKET L COVER,Pe comanda,Marfuri gestiune 1 firma,0,BUC,0,0,,EUR,21,
00446882,11395-KHE7-980,11395-KHE7-980 GASKET L COVER,Pe comanda,Marfuri gestiune 1 firma,0,BUC,0,0,,EUR,21,
00450728,11395-KKD6-E90,11395-KKD6-E90 GASKET L COVER,Pe comanda,Marfuri gestiune 1 firma,0,BUC,6.98,8.31,,EUR,21,Garnitura capac stanga
00445326,11395-KKD7-900,11395-KKD7-900 GASKET L COVER,Pe comanda,Marfuri gestiune 1 firma,0,BUC,0,0,,EUR,21,
00445624,11395-KKD7-C10,11395-KKD7-C10 GASKET L COVER,Pe comanda,Marfuri gestiune 1 firma,3,BUC,0,0,,EUR,21,
00449445,11395-KKD7-E90,11395-KKD7-E90 GASKET L COVER,Pe comanda,Marfuri gestiune 1 firma,0,BUC,90.9091,110,,EUR,21,Garnitura capac
00446816,11395-LBA2-E00,11395-LBA2-E00 GASKET L COVER A,Pe comanda,Marfuri gestiune 1 firma,3,BUC,0,0,,EUR,21,
00446658,11395-LBA7-900,11395-LBA7-900 GASKET L COVER,Marfuri,Marfuri gestiune 1 firma,1,BUC,0,0,,EUR,21,Garnitura capac stanga
00449836,11395-LBA7-900-FS9,11395-LBA7-900-FS9 GASKET L COVER,Pe comanda,Marfuri gestiune 1 firma,1,BUC,0,0,,EUR,21,
00446383,11395-LBD6-C00,11395-LBD6-C00 GASKET L COVER,Marfuri,Marfuri gestiune 1 firma,3,BUC,61.9835,75,,EUR,21,Garnitura capac variator
00449822,11395-LBD6-C00-FS5,11395-LBD6-C00-FS5 GASKET L COVER,Pe comanda,Marfuri gestiune 1 firma,2,BUC,0,0,,EUR,21,
00446875,11395-LBD6-E00,11395-LBD6-E00 GASKET L COVER,Pe comanda,Marfuri gestiune 1 firma,1,BUC,0,0,,EUR,21,Garnitura capac variator
00447484,11395-LCA7-E90,11395-LCA7-E90 GASKET L COVER,Pe comanda,Marfuri gestiune 1 firma,0,BUC,0,0,,EUR,21,
00449887,11395-LCD2-C00,11395-LCD2-C00 GASKET L COVER,Pe comanda,Marfuri gestiune 1 firma,0,BUC,89.2562,108,,EUR,21,Garnitura capac variator
00449813,11395-LCD2-C00-FS2,11395-LCD2-C00-FS2 GASKET L COVER,Pe comanda,Marfuri gestiune 1 firma,0,BUC,0,0,,EUR,21,
00445351,11395-LCD2-E00,11395-LCD2-E00 GASKET L COVER,Pe comanda,Marfuri gestiune 1 firma,1,BUC,0,0,,EUR,21,Garnitura capac variator
00448681,11395-LDB5-E00,11395-LDB5-E00 GASKET L COVER,Pe comanda,Marfuri gestiune 1 firma,0,BUC,0,0,,EUR,21,
00445944,11395-LEA7-E00,11395-LEA7-E00 GASKET L COVER,Pe comanda,Marfuri gestiune 1 firma,0,BUC,0,0,,EUR,21,
00451300,11395-LKF5-E00,11395-LKF5-E00 GASKET L COVER,Pe comanda,Marfuri gestiune 1 firma,0,BUC,10.81,13.08,,EUR,21,Garnitura capac stanga
00446166,11395-LLB1-900,11395-LLB1-900 GASKET L COVER A,Pe comanda,Marfuri gestiune 1 firma,3,BUC,0,0,,EUR,21,Garnitura capac stanga
00449515,11395-LLJ3-C00,11395-LLJ3-C00 GASKET L COVER,Pe comanda,Marfuri gestiune 1 firma,0,BUC,0,0,,EUR,21,
00449577,11395-LLJ3-E00,11395-LLJ3-E00 GASKET L COVER,Pe comanda,Marfuri gestiune 1 firma,0,BUC,0,0,,EUR,21,
00449266,11395-LLJ3-E01,11395-LLJ3-E01 GASKET L COVER,Pe comanda,Marfuri gestiune 1 firma,0,BUC,0,0,,EUR,21,
00447434,11395-PWB1-900,11395-PWB1-900 GASKER R COVER,Marfuri,Marfuri gestiune 1 firma,2,BUC,104.1322,126,,EUR,21,Garnitura capac dreapta
00446902,11396-KFA6-900,11396-KFA6-900 GASKET L COVER,Pe comanda,Marfuri gestiune 1 firma,0,BUC,0,0,,EUR,21,
00446109,11396-PWB1-900,11396-PWB1-900 GASKET R COVER,Marfuri,Marfuri gestiune 1 firma,3,BUC,63.6364,77,,EUR,21,Garnitura capac dreapta
00449355,11443-LDB5-900,11443-LDB5-900 GASKET PRIMARY SHAFT COVER,Pe comanda,Marfuri gestiune 1 firma,0,BUC,17.3554,21,,EUR,21,Garnitura
00448929,11451-LDB5-E00,11451-LDB5-E00 COVER CTV FAN,Pe comanda,Marfuri gestiune 1 firma,0,BUC,0,0,,EUR,21,
00448404,11495-LDB5-E00,11495-LDB5-E00 GASKET CLUTCH COVER,Pe comanda,Marfuri gestiune 1 firma,0,BUC,0,0,,EUR,21,
00451037,11495-LKM5-E00,11495-LKM5-E00 GASKET CLUTCH COVER,Pe comanda,Marfuri gestiune 1 firma,0,BUC,3.76,4.47,,EUR,21,Garnitura capac ambreaj
00448682,11496-LDB5-E00,11496-LDB5-E00 GASKET R CASE CAP,Pe comanda,Marfuri gestiune 1 firma,0,BUC,23.1405,28,,EUR,21,Garnitura dreapta capac
00451376,11496-LKM5-E00,11496-LKM5-E00 GASKET R CASE,Pe comanda,Marfuri gestiune 1 firma,0,BUC,4.51,5.46,,EUR,21,Garnitura capac dreapta
00446800,11496-PWB1-900,11496-PWB1-900 GASKET SENSOR HOUSING,Pe comanda,Marfuri gestiune 1 firma,0,BUC,0,0,,EUR,21,
00446247,11632-KED9-900,11632-KED9-900 GASKET CHANGER COVER,Pe comanda,Marfuri gestiune 1 firma,2,BUC,0,0,,EUR,21,
00446248,11636-KED9-900,11636-KED9-900 GASKET L COVER,Pe comanda,Marfuri gestiune 1 firma,2,BUC,0,0,,EUR,21,
00445501,11700-LCA5-E00,11700-LCA5-E00 RECOIL STARTING,Pe comanda,Marfuri gestiune 1 firma,0,BUC,0,0,,EUR,21,
00445687,11700-LDB5-E00,11700-LDB5-E00 RECOIL STARTING,Pe comanda,Marfuri gestiune 1 firma,4,BUC,0,0,,EUR,21,Demaror manual
00446733,11700-LDE9-E00,11700-LDE9-E00 RECOIL STARTING,Marfuri,Marfuri gestiune 1 firma,1,BUC,359.5041,435,,EUR,21,Demaror manual complet
00447046,11701-LDB5-E00,11701-LDB5-E00 REEL STARTING,Pe comanda,Marfuri gestiune 1 firma,1,BUC,0,0,,EUR,21,
00450828,11701-LDE9-E00,11701-LDE9-E00 REEL STARTING,Pe comanda,Marfuri gestiune 1 firma,0,BUC,8.99,10.7,,EUR,21,Rola demaror manual
00445464,11702-LCA5-E00,11702-LCA5-E00 SPIRAL SRG STARTING,Pe comanda,Marfuri gestiune 1 firma,3,BUC,0,0,,EUR,21,Arc spirala demaror manual
00446167,11702-LDB5-E00,11702-LDB5-E00 SPIRAL SRG STARTING,Pe comanda,Marfuri gestiune 1 firma,1,BUC,0,0,,EUR,21,
00447383,11703-LDB5-E00,11703-LDB5-E00 RATCHET STARTING,Pe comanda,Marfuri gestiune 1 firma,0,BUC,0,0,,EUR,21,Crabot demaror manual
00445466,11704-LCA5-E00,11704-LCA5-E00 SPRING RACKET GUIDE,Pe comanda,Marfuri gestiune 1 firma,2,BUC,0,0,,EUR,21,Arculet
00445467,11705-LCA5-E00,11705-LCA5-E00 SPACER STARTING,Pe comanda,Marfuri gestiune 1 firma,2,BUC,20.6612,25,,EUR,21,Distantier demaror manual
00445182,11706-LCA5-E00,11706-LCA5-E00 RATCHET GUIDE,Marfuri,Marfuri gestiune 1 firma,2,BUC,33.0579,40,,EUR,21,Platou ghidaj craboti
00447384,11706-LDB5-E00,11706-LDB5-E00 RATCHET GUIDE STARTING,Pe comanda,Marfuri gestiune 1 firma,0,BUC,0,0,,EUR,21,Platou ghidaj craboti
00449457,11707-LCA5-E00,11707-LCA5-E00 ROPE STARTING,Pe comanda,Marfuri gestiune 1 firma,1,BUC,0,0,,EUR,21,
00447047,11707-LDB5-E00,11707-LDB5-E00 ROPE STARTING,Pe comanda,Marfuri gestiune 1 firma,0,BUC,0,0,,EUR,21,
00445468,11708-LCA5-E00,11708-LCA5-E00 COLLAR,Pe comanda,Marfuri gestiune 1 firma,1,BUC,0,0,,EUR,21,
00449807,11710-LDB5-E00,11710-LDB5-E00 HOLDER ASSY,Pe comanda,Marfuri gestiune 1 firma,0,BUC,0,0,,EUR,21,
00447941,1171A-LCA5-E00,1171A-LCA5-E00 HOLDER ASSY STARTING,Pe comanda,Marfuri gestiune 1 firma,0,BUC,0,0,,EUR,21,
00447244,12000-KKA7-900,12000-KKA7-900 CYLINDER COMP,Pe comanda,Marfuri gestiune 1 firma,0,BUC,0,0,,EUR,21,
00451311,12100-ABD2-C00,12100-ABD2-C00 CYLINDER COMP,Pe comanda,Marfuri gestiune 1 firma,0,BUC,50,60.5,,EUR,21,Cilindru
00451654,12100-BLB3-E00,12100-BLB3-E00 CYLINDER COMP,Pe comanda,Marfuri gestiune 1 firma,0,BUC,309.9174,375,,EUR,21,Cilindru
00448367,12100-GFY6-901,12100-GFY6-901 CYLINDER COMP,Pe comanda,Marfuri gestiune 1 firma,1,BUC,342.9752,415,,EUR,21,Cilindru
00448557,12100-GFY6-C00,12100-GFY6-C00 CYLINDER COMP,Pe comanda,Marfuri gestiune 1 firma,1,BUC,376.0331,455,,EUR,21,Cilindru
00446782,12100-KEBE-900,12100-KEBE-900 CYLINDER COMP,Pe comanda,Marfuri gestiune 1 firma,0,BUC,0,0,,EUR,21,Cilindru
00448099,12100-KFB7-C00,12100-KFB7-C00 CYLINDER COMP,Pe comanda,Marfuri gestiune 1 firma,0,BUC,0,0,,EUR,21,Cilindru
00446249,12100-KGBG-A60,12100-KGBG-A60 CYLINDER COMP,Pe comanda,Marfuri gestiune 1 firma,0,BUC,0,0,,EUR,21,Cilindru
00446852,12100-KGBG-C00,12100-KGBG-C00 CYLINDER COMP,Pe comanda,Marfuri gestiune 1 firma,3,BUC,0,0,,EUR,21,Cilindru
00448657,12100-KGBG-C01,12100-KGBG-C01 CYLINDER COMP,Marfuri,Marfuri gestiune 1 firma,2,BUC,256.1983,310,,EUR,21,Cilindru 50cc
00445579,12100-KHE7-900,12100-KHE7-900 CYLINDER COMP,Marfuri,Marfuri gestiune 1 firma,4,BUC,797.5207,965,,EUR,21,Cilindru
00447245,12100-KKA7-900,12100-KKA7-900 CYLINDER COMP,Pe comanda,Marfuri gestiune 1 firma,0,BUC,0,0,,EUR,21,Cilindru
00446494,12100-KKA8-900-NJS,12100-KKA8-900-NJS CYLINDER COMP,Pe comanda,Marfuri gestiune 1 firma,0,BUC,753.719,912,,EUR,21,Cilindru
00447517,12100-KKAK-900,12100-KKAK-900 CYLINDER COMP,Pe comanda,Marfuri gestiune 1 firma,0,BUC,0,0,,EUR,21,Cilindru
00449692,12100-KKC1-900,12100-KKC1-900 CYLINDER COMP,Pe comanda,Marfuri gestiune 1 firma,0,BUC,0,0,,EUR,21,Cilindru
00446783,12100-LBA2-E00,12100-LBA2-E00 CYLINDER,Pe comanda,Marfuri gestiune 1 firma,0,BUC,785.124,950,,EUR,21,Cilindru
00447023,12100-LCA7-C10,12100-LCA7-C10 CYLINDER COMP,Pe comanda,Marfuri gestiune 1 firma,0,BUC,0,0,,EUR,21,Cilindru
00449569,12100-LCD4-E00,12100-LCD4-E00 CYLINDER,Pe comanda,Marfuri gestiune 1 firma,0,BUC,0,0,,EUR,21,Cilindru
00449298,12100-LCE6-E80,12100-LCE6-E80 CYLINDER COMP,Pe comanda,Marfuri gestiune 1 firma,0,BUC,0,0,,EUR,21,Cilindru
00447503,12100-LDB5-E00,12100-LDB5-E00 CYLINDER COMP,Pe comanda,Marfuri gestiune 1 firma,0,BUC,847.1074,1025,,EUR,21,Cilindru 500cc
00445254,12100-LDE9-E00,12100-LDE9-E00 CYLINDER COMP,Pe comanda,Marfuri gestiune 1 firma,5,BUC,0,0,,EUR,21,Cilindru
00449819,12100-LDE9-E00-FS2,12100-LDE9-E00-FS2 CYLINDER,Pe comanda,Marfuri gestiune 1 firma,1,BUC,0,0,,EUR,21,
00445822,12100-LEA5-E00,12100-LEA5-E00 CYLINDER COMP,Pe comanda,Marfuri gestiune 1 firma,0,BUC,632.2314,765,,EUR,21,Cilindru
00448351,12100-LEA6-900,12100-LEA6-900 CYLINDER COMP,Pe comanda,Marfuri gestiune 1 firma,0,BUC,0,0,,EUR,21,Cilindru
00451226,12100-LEA7-E00,12100-LEA7-E00 CYLINDER,Pe comanda,Marfuri gestiune 1 firma,1,BUC,80,95.2,,EUR,21,Cilindru
00450772,12100-LEC8-E00-MA8006,12100-LEC8-E00-MA8006 CYLINDER,Pe comanda,Marfuri gestiune 1 firma,0,BUC,121.89,145.05,,EUR,21,Cilindru
00447048,12100-LEC8-E00-NEA,12100-LEC8-E00-NEA CYLINDER COMP,Pe comanda,Marfuri gestiune 1 firma,0,BUC,0,0,,EUR,21,Cilindru
00450428,12100-LFA7-E00,12100-LFA7-E00 CYLINDER,Pe comanda,Marfuri gestiune 1 firma,0,BUC,979.3388,1185,,EUR,21,Cilindru 125cc
00449070,12100-LFC4-E10,12100-LFC4-E10 CYLINDER COMP,Pe comanda,Marfuri gestiune 1 firma,0,BUC,0,0,,EUR,21,Cilindru
00449484,12100-PTA1-900,12100-PTA1-900 CYLINDER COMP,Pe comanda,Marfuri gestiune 1 firma,2,BUC,838.843,1015,,EUR,21,Cilindru 450
00445469,12100-PWB1-900,12100-PWB1-900 CYLINDER COMP,Pe comanda,Marfuri gestiune 1 firma,14,BUC,0,0,,EUR,21,Cilindru
00449826,12100-PWB1-900-FS5,12100-PWB1-900-FS5 CYLINDER,Pe comanda,Marfuri gestiune 1 firma,2,BUC,0,0,,EUR,21,Cilindru
00446431,12101-GKAK-931,12101-GKAK-931 CYLINDER COMP,Pe comanda,Marfuri gestiune 1 firma,2,BUC,0,0,,EUR,21,Cilindru
00445839,12101-GLW0-901,12101-GLW0-901 CYLINDER A,Pe comanda,Marfuri gestiune 1 firma,1,BUC,0,0,,EUR,21,Cilindru
00445379,12101-KEB7-901,12101-KEB7-901 CYLINDER,Pe comanda,Marfuri gestiune 1 firma,0,BUC,370.2479,448,,EUR,21,Cilindru
00450383,12101-KEB7-C00,12101-KEB7-C00 CYLINDER 2T,Pe comanda,Marfuri gestiune 1 firma,0,BUC,34.85,41.47,,EUR,21,Cilindru 2T
00450617,12101-KFA5-900,12101-KFA5-900 CYLINDER,Pe comanda,Marfuri gestiune 1 firma,0,BUC,40.16,47.79,,EUR,21,Cilindru
00448263,12191-3G97-980,12191-3G97-980 GASKET CYLINDER,Pe comanda,Marfuri gestiune 1 firma,0,BUC,0,0,,EUR,21,Garnitura sub cilindru
00451635,12191-BLB3-E00,12191-BLB3-E00 GASKET CYLINDER,Pe comanda,Marfuri gestiune 1 firma,0,BUC,18.1818,22,,EUR,21,Garnitura cilindru
00445945,12191-GFY6-901,12191-GFY6-901 GASKET CYLINDER,Pe comanda,Marfuri gestiune 1 firma,0,BUC,0,0,,EUR,21,Garnitura sub cilindru
00447024,12191-GFY6-980,12191-GFY6-980 CYLINDER GASKET,Pe comanda,Marfuri gestiune 1 firma,0,BUC,0,0,,EUR,21,Garnitura sub cilindru
00450444,12191-GFY6-C10,12191-GFY6-C10 CYLINDER GASKET,Marfuri,Marfuri gestiune 1 firma,5,BUC,18.1818,22,,EUR,21,Garnitura cilindru
00449559,12191-GFY6-E90,12191-GFY6-E90 GASKET CYLINDER,Marfuri,Marfuri gestiune 1 firma,0,BUC,16.5289,20,,EUR,21,Garnitura sub cilindru
00445502,12191-GKAK-901,12191-GKAK-901 GASKET CYLINDER,Pe comanda,Marfuri gestiune 1 firma,0,BUC,0,0,,EUR,21,Garnitura sub cilindru
00445840,12191-GLW0-902,12191-GLW0-902 GASKET CYLINDER,Pe comanda,Marfuri gestiune 1 firma,1,BUC,0,0,,EUR,21,Garnitura sub cilindru
00445470,12191-KEB7-900,12191-KEB7-900 GASKET CYLINDR A,Pe comanda,Marfuri gestiune 1 firma,0,BUC,0,0,,EUR,21,Garnitura sub cilindru
00447226,12191-KEB7-980,12191-KEB7-980 GASKET CYLINDER,Marfuri,Marfuri gestiune 1 firma,0,BUC,12.3967,15,,EUR,21,Garnitura sub cilindru
00449834,12191-KEB7-980-FS9,12191-KEB7-980-FS9 GASKET CYLINDER,Pe comanda,Marfuri gestiune 1 firma,5,BUC,0,0,,EUR,21,Garnitura sub cilindru
00450265,12191-KEB7-E90,12191-KEB7-E90 GASKET CYLINDER,Marfuri,Marfuri gestiune 1 firma,1,BUC,12.3967,15,,EUR,21,Garnitura sub-cilindru
00446784,12191-KEBE-980,12191-KEBE-980 GASKET CYLINDER,Marfuri,Marfuri gestiune 1 firma,4,BUC,23.1405,28,,EUR,21,Garnitura sub cilindru
00447544,12191-KFBF-980,12191-KFBF-980 GASKET CYLINDER,Pe comanda,Marfuri gestiune 1 firma,0,BUC,0,0,,EUR,21,Garnitura sub cilindru
00447447,12191-KGAG-980,12191-KGAG-980 GASKET CYLINDER,Pe comanda,Marfuri gestiune 1 firma,3,BUC,0,0,,EUR,21,Garnitura sub cilindru
00446250,12191-KGBG-900,12191-KGBG-900 GASKET CYLINDER,Pe comanda,Marfuri gestiune 1 firma,0,BUC,0,0,,EUR,21,Garnitura sub cilindru
00446570,12191-KGBG-980,12191-KGBG-980 GASKET CYLINDER,Pe comanda,Marfuri gestiune 1 firma,3,BUC,0,0,,EUR,21,Garnitura sub cilindru
00446649,12191-KGBG-C10,12191-KGBG-C10 GASKET CYLINDER,Pe comanda,Marfuri gestiune 1 firma,2,BUC,0,0,,EUR,21,Garnitura sub cilindru
00450026,12191-KGBG-E90,12191-KGBG-E90 GASKET CYLINDER @A,Marfuri,Marfuri gestiune 1 firma,3,BUC,15.7025,19,,EUR,21,Garnitura cilindru
00447166,12191-KGD4-980,12191-KGD4-980 GASKET CYLINDERN,Pe comanda,Marfuri gestiune 1 firma,1,BUC,0,0,,EUR,21,Garnitura sub cilindru
00445255,12191-KHE7-910,12191-KHE7-910 GASKET CYLINDER,Marfuri,Marfuri gestiune 1 firma,3,BUC,86.7769,105,,EUR,21,Garnitura sub cilindru
00446006,12191-LBA2-E00,12191-LBA2-E00 GASKET CYLINDER,Marfuri,Marfuri gestiune 1 firma,3,BUC,86.7769,105,,EUR,21,Garnitura sub cilindru
00448584,12191-LBA8-E90,12191-LBA8-E90 GASKET CYLINDER,Pe comanda,Marfuri gestiune 1 firma,0,BUC,0,0,,EUR,21,Garnitura sub cilindru
00446432,12191-LBD3-900,12191-LBD3-900 GASKET CYLINDER,Pe comanda,Marfuri gestiune 1 firma,4,BUC,15.7025,19,,EUR,21,Garnitura sub cilindru
00447025,12191-LCA7-E90,12191-LCA7-E90 GASKET CYLINDER,Pe comanda,Marfuri gestiune 1 firma,0,BUC,0,0,,EUR,21,Garnitura sub cilindru
00449570,12191-LCD4-E00,12191-LCD4-E00 GASKET CYLINDER,Pe comanda,Marfuri gestiune 1 firma,0,BUC,0,0,,EUR,21,Garnitura sub cilindru
00448079,12191-LDB5-E00,12191-LDB5-E00 GASKET CYLINDER,Marfuri,Marfuri gestiune 1 firma,3,BUC,86.7769,105,,EUR,21,Garnitura sub-cilindru
00449693,12191-LEA5-E00,12191-LEA5-E00 GASKET CYLINDER,Pe comanda,Marfuri gestiune 1 firma,0,BUC,22.314,27,,EUR,21,Garnitura sub cilindru
00448352,12191-LEA6-900,12191-LEA6-900 GASKET CYLINDER,Pe comanda,Marfuri gestiune 1 firma,0,BUC,0,0,,EUR,21,Garnitura sub cilindru
00448575,12191-LEA7-E00,12191-LEA7-E00 GASKET CYLINDER,Pe comanda,Marfuri gestiune 1 firma,2,BUC,0,0,,EUR,21,Garnitura sub cilindru
00449420,12191-LFA7-E00,12191-LFA7-E00 GASKET CYLINDER,Pe comanda,Marfuri gestiune 1 firma,0,BUC,48.7603,59,,EUR,21,Garnitura sub cilindru
00450935,12191-LKF5-E00,12191-LKF5-E00 CYLINDER GASKET,Pe comanda,Marfuri gestiune 1 firma,0,BUC,9.89,11.77,,EUR,21,Garnitura sub cilindru
00450785,12191-LKH3-C00,12191-LKH3-C00 CYLINDER GASKET,Pe comanda,Marfuri gestiune 1 firma,0,BUC,4.19,4.99,,EUR,21,Garnitura sub cilindru
00451359,12191-LKM5-E00,12191-LKM5-E00 GASKET CYLINDER,Pe comanda,Marfuri gestiune 1 firma,1,BUC,119.8347,145,,EUR,21,Garnitura cilindru
00445946,12191-LLB1-900,12191-LLB1-900 GASKET CYLINDER,Marfuri,Marfuri gestiune 1 firma,3,BUC,37.1901,45,,EUR,21,Garnitura sub cilindru
00449835,12191-LLB1-900-FS9,12191-LLB1-900-FS9 GASKET CYLINDER,Pe comanda,Marfuri gestiune 1 firma,2,BUC,0,0,,EUR,21,Garnitura sub cilindru
00448842,12191-PTA1-900,12191-PTA1-900 GASKET CYLINDER,Marfuri,Marfuri gestiune 1 firma,3,BUC,72.7273,88,,EUR,21,Garnitura sub cilindru
00445474,12191-PWB1-900,12191-PWB1-900 GASKET CYLINDER,Marfuri,Marfuri gestiune 1 firma,2,BUC,61.157,74,,EUR,21,Garnitura sub cilindru
00451346,12200-ABD2-C00,12200-ABD2-C00 HEAD COMP CYLINDER,Pe comanda,Marfuri gestiune 1 firma,1,BUC,40,48.4,,EUR,21,Chiulasa
00450578,12200-ACJ1-E00,12200-ACJ1-E00 CYLINDER HEAD,Pe comanda,Marfuri gestiune 1 firma,0,BUC,166.87,198.58,,EUR,21,Chiulasa
00450699,12200-ADB2-C00,12200-ADB2-C00 HEAD COMP CYLINDER,Pe comanda,Marfuri gestiune 1 firma,1,BUC,40.14,47.77,,EUR,21,Chiulasa
00449890,12200-KFB1-E00,12200-KFB1-E00 HEAD COMP CYLINDER,Pe comanda,Marfuri gestiune 1 firma,0,BUC,136.7,136.7,,EUR,21,CHIULASA
00447246,12200-KGBG-C10,12200-KGBG-C10 CYLINDER ASSY,Pe comanda,Marfuri gestiune 1 firma,2,BUC,0,0,,EUR,21,Chiulasa
00450380,12200-KHE7-900,12200-KHE7-900 HEAD COMP CYLINDER,Pe comanda,Marfuri gestiune 1 firma,0,BUC,131.05,155.95,,EUR,21,Chiulasa
00447448,12200-KKAK-Q00,12200-KKAK-Q00 HEAD COMP CYLINDER,Pe comanda,Marfuri gestiune 1 firma,0,BUC,0,0,,EUR,21,Chiulasa
00451276,12200-KKE3-900,12200-KKE3-900 HEAD COMP CYLINDER,Pe comanda,Marfuri gestiune 1 firma,0,BUC,112.81,134.24,,EUR,21,Chiulasa
00447680,12200-KUDU-900,12200-KUDU-900 HEAD COMP CYLINDER,Pe comanda,Marfuri gestiune 1 firma,0,BUC,0,0,,EUR,21,Chiulasa
00449299,12200-LCE6-EY1,12200-LCE6-EY1 HEAD COMP CYLINDER,Pe comanda,Marfuri gestiune 1 firma,0,BUC,0,0,,EUR,21,Chiulasa
00450389,12200-LDB2-E00,12200-LDB2-E00 HEAD COMP CYLINDER,Pe comanda,Marfuri gestiune 1 firma,0,BUC,122.33,145.57,,EUR,21,Chiulasa
00449499,12201-GKAK-921,12201-GKAK-921 HEAD CYLINDER,Pe comanda,Marfuri gestiune 1 firma,0,BUC,0,0,,EUR,21,Cap cilindru 2T
00447269,12201-KNBN-901,12201-KNBN-901 HEAD CYLINDER,Pe comanda,Marfuri gestiune 1 firma,0,BUC,0,0,,EUR,21,
00446900,12205-GHAH-004,12205-GHAH-004 BUSH 8*12*8,Pe comanda,Marfuri gestiune 1 firma,1,BUC,0,0,,EUR,21,
00449517,12206-4C13-004,12206-4C13-004 SEAT VALVE STEM,Pe comanda,Marfuri gestiune 1 firma,2,BUC,0,0,,EUR,21,
00446007,12206-LBA2-E00,12206-LBA2-E00 GASKET HEAD COVER,Pe comanda,Marfuri gestiune 1 firma,1,BUC,0,0,,EUR,21,
00445790,12208-4C13-004,12208-4C13-004 SEAL VALVE STEM,Pe comanda,Marfuri gestiune 1 firma,5,BUC,20.6612,25,,EUR,21,Simering supapa
00451636,12209-BLA6-900,12209-BLA6-900 SEAL VALVE STEM,Pe comanda,Marfuri gestiune 1 firma,0,BUC,20.6612,25,,EUR,21,Simering supapa
00445405,12209-GDB4-68A,12209-GDB4-68A SEAL VALVE STEM,Pe comanda,Marfuri gestiune 1 firma,0,BUC,0,0,,EUR,21,Simering supapa
00446817,12209-GDB4-68B,12209-GDB4-68B SEAL VALVE STEM,Marfuri,Marfuri gestiune 1 firma,32,BUC,21.4876,26,,EUR,21,Simering supapa
00446818,12209-GDB4-C00,12209-GDB4-C00 SEAL VALVE STEM,Marfuri,Marfuri gestiune 1 firma,8,BUC,21.4876,26,,EUR,21,Simering supapa
00448332,12209-KGB4-C00,12209-KGB4-C00 SEAL VALVE STEM,Pe comanda,Marfuri gestiune 1 firma,10,BUC,0,0,,EUR,21,
00449538,12209-KHD6-900,12209-KHD6-900 SEAL VALVE STEM,Pe comanda,Marfuri gestiune 1 firma,4,BUC,0,0,,EUR,21,
00449537,12209-KKD6-900,12209-KKD6-900 SEAT VALVE STEM,Pe comanda,Marfuri gestiune 1 firma,0,BUC,0,0,,EUR,21,
00449644,12209-LBC9-900,12209-LBC9-900 SEAL VALVE STEM,Pe comanda,Marfuri gestiune 1 firma,0,BUC,0,0,,EUR,21,
00450564,12209-LEA2-90A,12209-LEA2-90A SEAL VALVE STEM,Pe comanda,Marfuri gestiune 1 firma,0,BUC,1.7475,2.08,,EUR,21,Simering supapa
00449071,12209-PUA5-E00,12209-PUA5-E00 VALVE STEAM SEAL,Pe comanda,Marfuri gestiune 1 firma,0,BUC,0,0,,EUR,21,
00448444,12209-PWB1-900,12209-PWB1-900 SEAL VALVE STEM,Marfuri,Marfuri gestiune 1 firma,30,BUC,21.4876,26,,EUR,21,Simering supapa
00449802,12209-PWB1-900-MV7026,12209-PWB1-900-MV7026 SIMERING SUPAPA,Pe comanda,Marfuri gestiune 1 firma,0,BUC,0,0,,EUR,21,
00449222,1220A-KUDU-C00,1220A-KUDU-C00 HEAD COMP CYLINDER,Pe comanda,Marfuri gestiune 1 firma,0,BUC,0,0,,EUR,21,Chiulasa
00449369,1220A-LDG7-900,1220A-LDG7-900 HEAD COMP CYLINDER,Pe comanda,Marfuri gestiune 1 firma,2,BUC,1752.0661,2120,,EUR,21,Chiulasa
00445688,1220A-LFA5-E00,1220A-LFA5-E00 HEAD ASSY CYLN,Pe comanda,Marfuri gestiune 1 firma,0,BUC,0,0,,EUR,21,Chiulasa
00450189,1220A-PTA1-800,1220A-PTA1-800 HEAD ASSY CYLINDER,Pe comanda,Marfuri gestiune 1 firma,0,BUC,140,166.6,,EUR,21,Chiulasa
00445988,12211-KEC8-900,12211-KEC8-900 HOLDER ASSY,Pe comanda,Marfuri gestiune 1 firma,1,BUC,0,0,,EUR,21,
00451187,12211-KGBG-900,12211-KGBG-900 HOLDER CAM SHAFT,Pe comanda,Marfuri gestiune 1 firma,0,BUC,10.94,13.02,,EUR,21,Rampa culbutori
00451404,12211-KUDU-W10,12211-KUDU-W10 HOLDER CAM SHAFT,Pe comanda,Marfuri gestiune 1 firma,0,BUC,10.42,12.61,,EUR,21,Rampa axa cu came
00448587,12211-LCA4-E00,12211-LCA4-E00 HOLDER COMP SHAFT,Pe comanda,Marfuri gestiune 1 firma,0,BUC,0,0,,EUR,21,
00451264,1221A-KHE7-900,1221A-KHE7-900 HOLDER COMP CAM SHAFT,Pe comanda,Marfuri gestiune 1 firma,0,BUC,13.45,16.01,,EUR,21,Suport arbore cu came
00449179,1221A-LBA7-900,1221A-LBA7-900 HOLDER COMP CAM SPEED,Pe comanda,Marfuri gestiune 1 firma,0,BUC,0,0,,EUR,21,
00449206,1221A-LDB2-E00,1221A-LDB2-E00 HOLDER COMP CAM SHAFT,Pe comanda,Marfuri gestiune 1 firma,0,BUC,0,0,,EUR,21,
00451325,12251-ACD5-E00,12251-ACD5-E00 GASKET CYLINDER HEAD,Pe comanda,Marfuri gestiune 1 firma,0,BUC,19.42,23.5,,EUR,21,Garnitura chiulasa
00448423,12251-AEG8-900,12251-AEG8-900 GASKET CYLINDER,Pe comanda,Marfuri gestiune 1 firma,4,BUC,45.4545,55,,EUR,21,Garnitura chiulasa
00451637,12251-BLB3-900,12251-BLB3-900 GASKET CYLINDER HEAD,Pe comanda,Marfuri gestiune 1 firma,0,BUC,47.9339,58,,EUR,21,Garnitura chiulasa
00445625,12251-GFY6-90A,12251-GFY6-90A GASKET CYLINDER HEAD,Pe comanda,Marfuri gestiune 1 firma,0,BUC,0,0,,EUR,21,Garnitura chiulasa
00449943,12251-GFY6-C00,12251-GFY6-C00 GASKET CYLINDER HEAD,Marfuri,Marfuri gestiune 1 firma,0,BUC,3.42,4.07,,EUR,21,Garnitura chiulasa
00445503,12251-GKAK-902,12251-GKAK-902 GASKET CYLINDER HEAD,Pe comanda,Marfuri gestiune 1 firma,7,BUC,18.1818,22,,EUR,21,Garnitura chiulasa
00445841,12251-GLW0-001,12251-GLW0-001 GASKET CYLINDER HEAD,Pe comanda,Marfuri gestiune 1 firma,1,BUC,0,0,,EUR,21,Garnitura chiulasa
00445471,12251-KEB7-900,12251-KEB7-900 GASKET CYLINDER HEAD,Pe comanda,Marfuri gestiune 1 firma,0,BUC,9.9174,12,,EUR,21,Garnitura chiulasa
00450489,12251-KEB7-C00,12251-KEB7-C00 GASKET CYLINDER HEAD,Marfuri,Marfuri gestiune 1 firma,1,BUC,0.68,0.81,,EUR,21,Garnitura chiulasa
00450418,12251-KEBE-900,12251-KEBE-900 GASKET CYLINDER HEAD,Marfuri,Marfuri gestiune 1 firma,0,BUC,102.4793,124,,EUR,21,Garnitura chiulasa
00445472,12251-KEBE-901,12251-KEBE-901 GASKET CYLINDER HEAD,Pe comanda,Marfuri gestiune 1 firma,3,BUC,0,0,,EUR,21,Garnitura chiulasa
00445842,12251-KEC8-900,12251-KEC8-900 GASKET CYLINDER HEAD,Marfuri,Marfuri gestiune 1 firma,9,BUC,70.2479,85,,EUR,21,Garnitura chiulasa
00445256,12251-KED1-901,12251-KED1-901 GASKET CYLINDER HEAD,Pe comanda,Marfuri gestiune 1 firma,2,BUC,0,0,,EUR,21,Garnitura chiulasa
00446433,12251-KED9-900,12251-KED9-900 GASKET CYLINDER HEAD,Pe comanda,Marfuri gestiune 1 firma,2,BUC,0,0,,EUR,21,Garnitura chiulasa
00445791,12251-KFB1-900,12251-KFB1-900 GASKET CYLINDER HEAD,Marfuri,Marfuri gestiune 1 firma,2,BUC,57.8512,70,,EUR,21,Garnitura chiulasa
00447541,12251-KFBF-900,12251-KFBF-900 GASKET CYLINDER HEAD,Pe comanda,Marfuri gestiune 1 firma,1,BUC,0,0,,EUR,21,
00447449,12251-KGAG-90A,12251-KGAG-90A GASKET CYLINDER HEAD,Pe comanda,Marfuri gestiune 1 firma,0,BUC,0,0,,EUR,21,Garnitura chiulasa
00446251,12251-KGBG-900,12251-KGBG-900 GASKET CYLINDER HEAD,Marfuri,Marfuri gestiune 1 firma,5,BUC,38.843,47,,EUR,21,Garnitura chiulasa
00446705,12251-KGBG-C00,12251-KGBG-C00 GASKET CYLINDER HEAD,Pe comanda,Marfuri gestiune 1 firma,5,BUC,0,0,,EUR,21,Garnitura chiulasa
00447167,12251-KGC4-E01,12251-KGC4-E01 GASKET CYLINDER,Pe comanda,Marfuri gestiune 1 firma,0,BUC,0,0,,EUR,21,Garnitura chiulasa
00445183,12251-KHE7-901,12251-KHE7-901 GASKET CYLINDER HEAD,Marfuri,Marfuri gestiune 1 firma,0,BUC,111.5702,135,,EUR,21,Garnitura chiulasa
00449832,12251-KHE7-901-FS9,12251-KHE7-901-FS9 CYLINDER HEAD GASKET,Pe comanda,Marfuri gestiune 1 firma,2,BUC,0,0,,EUR,21,Garnitura chiulasa
00448262,12251-KLAL-90A,12251-KLAL-90A GASKET CYLINDER HEAD,Pe comanda,Marfuri gestiune 1 firma,0,BUC,0,0,,EUR,21,Garnitura chiulasa
00445504,12251-LBA2-E00,12251-LBA2-E00 GASKET CYLINDER HEAD,Marfuri,Marfuri gestiune 1 firma,3,BUC,144.6281,175,,EUR,21,Garnitura chiulasa
00448417,12251-LBA2-E00,12251-LBA2-E00 MA3020 GASKET CYLINDER,Pe comanda,Marfuri gestiune 1 firma,1,BUC,0,0,,EUR,21,
00449174,12251-LBA7-E00,12251-LBA7-E00 GASKET CYLINDER COMP,Pe comanda,Marfuri gestiune 1 firma,0,BUC,0,0,,EUR,21,Garnitura chiulasa
00448583,12251-LBA8-C11,12251-LBA8-C11 GASKET CYLINDER COMP,Pe comanda,Marfuri gestiune 1 firma,0,BUC,0,0,,EUR,21,Garnitura chiulasa
00447026,12251-LCA7-C10,12251-LCA7-C10 GASKET CYLINDER HEAD,Pe comanda,Marfuri gestiune 1 firma,0,BUC,0,0,,EUR,21,
00449571,12251-LCD4-E00,12251-LCD4-E00 GASKET CYLINDER HEAD,Pe comanda,Marfuri gestiune 1 firma,0,BUC,0,0,,EUR,21,Garnitura chiulasa
00449300,12251-LCE6-E80,12251-LCE6-E80 GASKET CYLINDER HEAD,Pe comanda,Marfuri gestiune 1 firma,0,BUC,0,0,,EUR,21,Garnitura chiulasa
00445820,12251-LEA5-E00,12251-LEA5-E00 GASKET CYLINDER HEAD,Pe comanda,Marfuri gestiune 1 firma,0,BUC,100.8264,122,,EUR,21,Garnitura chiulasa
00448353,12251-LEA6-900,12251-LEA6-900 GASKET CYLINDER HEAD,Pe comanda,Marfuri gestiune 1 firma,0,BUC,0,0,,EUR,21,Garnitura chiulasa
00448576,12251-LEA7-E00,12251-LEA7-E00 GASKET CYLINDER HEAD,Pe comanda,Marfuri gestiune 1 firma,1,BUC,143.8017,174,,EUR,21,Garnitura chiulasa
00449421,12251-LFA7-E00,12251-LFA7-E00 GASKET CYLINDER HEAD,Pe comanda,Marfuri gestiune 1 firma,0,BUC,0,0,,EUR,21,Garnitura chiulasa
00450671,12251-LGF9-E00,12251-LGF9-E00 GASKET CYLINDER HEAD,Pe comanda,Marfuri gestiune 1 firma,0,BUC,14.9,17.73,,EUR,21,Garnitura chiulasa
00451095,12251-LKH3-C00,12251-LKH3-C00 CYLINDER GASKET,Pe comanda,Marfuri gestiune 1 firma,0,BUC,10,10,,EUR,21,
00449935,12251-LKM8-E00,12251-LKM8-E00 CYLINDER HEAD GASKET,Pe comanda,Marfuri gestiune 1 firma,3,BUC,185.9504,225,,EUR,21,Garnitura chiulasa
00448843,12251-PTA1-900,12251-PTA1-900 GASKET CYLINDER HEAD,Marfuri,Marfuri gestiune 1 firma,3,BUC,156.1983,189,,EUR,21,Garnitura chiulasa
00446804,12251-PWB1-900,12251-PWB1-900 GASKET CYLINDER HEAD,Marfuri,Marfuri gestiune 1 firma,0,BUC,119.8347,145,,EUR,21,Garnitura chiulasa
00450897,12302-PTA1-900,12302-PTA1-900 PLUG HEAD,Pe comanda,Marfuri gestiune 1 firma,0,BUC,33.0579,40,,EUR,21,Capac
00447338,12310-LDB5-E00-N8A,12310-LDB5-E00-N8A COVER COMP CYLINDER HEAD,Pe comanda,Marfuri gestiune 1 firma,0,BUC,0,0,,EUR,21,
00450585,1231A-KUDU-C11,1231A-KUDU-C11 COVER ASS'Y HEAD,Pe comanda,Marfuri gestiune 1 firma,0,BUC,22.78,27.11,,EUR,21,Capac chiulasa
00445195,12361-GFY6-901,12361-GFY6-901 HOLE CAP TAPPET ADJUSTING,Marfuri,Marfuri gestiune 1 firma,10,BUC,20.6612,25,,EUR,21,Buson golire ulei
00446289,12361-GFY6-C00,12361-GFY6-C00 HOLE CAP TAPPET ADJUSTING,Pe comanda,Marfuri gestiune 1 firma,0,BUC,0,0,,EUR,21,Buson golire ulei
00451517,12361-YZA6-E00,12361-YZA6-E00 CAP VALVE,Pe comanda,Marfuri gestiune 1 firma,1,BUC,19.0083,23,,EUR,21,Surub ulei
00447450,12391-3G97-010,12391-3G97-010 PACKING CYLINDER HEAD,Pe comanda,Marfuri gestiune 1 firma,0,BUC,0,0,,EUR,21,
00451661,12391-BLB3-E00,12391-BLB3-E00 GASKET HEAD COVER,Pe comanda,Marfuri gestiune 1 firma,0,BUC,33.0579,40,,EUR,21,Garnitura capac chiulasa
00445626,12391-GFY6-901,12391-GFY6-901 GASKET HEAD COVER,Pe comanda,Marfuri gestiune 1 firma,0,BUC,0,0,,EUR,21,Garnitura capac chiulasa
00447543,12391-GFY6-941,12391-GFY6-941 GASKET HEAD COVER,Pe comanda,Marfuri gestiune 1 firma,0,BUC,0,0,,EUR,21,Garnitura capac chiulasa
00448790,12391-KEBE-900,12391-KEBE-900 GASKET HEAD COVER,Pe comanda,Marfuri gestiune 1 firma,0,BUC,0,0,,EUR,21,Garnitura capac chiulasa
00445792,12391-KEC8-900,12391-KEC8-900 GASKET HEAD COVER,Pe comanda,Marfuri gestiune 1 firma,4,BUC,0,0,,EUR,21,Garnitura capac chiulasa
00449969,12391-KEE1-900,12391-KEE1-900 GASKET HEAD COVER,Pe comanda,Marfuri gestiune 1 firma,4,BUC,27.2727,33,,EUR,21,Garnitura capac chiulasa
00445473,12391-KEE1-C00,12391-KEE1-C00 GASKET HEAD COVER,Pe comanda,Marfuri gestiune 1 firma,0,BUC,27.2727,33,,EUR,21,Garnitura capac chiulasa
00445380,12391-KHE7-900,12391-KHE7-900 GASKET HEAD COVER,Pe comanda,Marfuri gestiune 1 firma,1,BUC,0,0,,EUR,21,Garnitura capac chiulasa
00447049,12391-KKA7-900,12391-KKA7-900 PACKING CYLINDER HEAD,Pe comanda,Marfuri gestiune 1 firma,0,BUC,0,0,,EUR,21,Garnitura capac chiulasa
00445406,12391-LBA2-E00,12391-LBA2-E00 GASKET HEAD COVER,Marfuri,Marfuri gestiune 1 firma,6,BUC,92.562,112,,EUR,21,Garnitura capac chiulasa
00449301,12391-LBA8-E90,12391-LBA8-E90 GASKET CYLINDER HEAD,Pe comanda,Marfuri gestiune 1 firma,0,BUC,0,0,,EUR,21,Garnitura capac chiulasa
00447027,12391-LCA7-E90,12391-LCA7-E90 GASKET CYLINDER,Pe comanda,Marfuri gestiune 1 firma,0,BUC,0,0,,EUR,21,Garnitura capac chiulasa
00445258,12391-LDB2-E00,12391-LDB2-E00 GASKET HEAD COVER,Pe comanda,Marfuri gestiune 1 firma,3,BUC,0,0,,EUR,21,Garnitura capac chiulasa
00448490,12391-LEA7-E00,12391-LEA7-E00 GASKET HEAD COVER,Pe comanda,Marfuri gestiune 1 firma,1,BUC,105.7851,128,,EUR,21,Garnitura capac chiulasa
00450730,12391-LFA7-E00,12391-LFA7-E00 GASKET HEAD COVER,Pe comanda,Marfuri gestiune 1 firma,0,BUC,122.314,148,,EUR,21,Garnitura capac chiulasa
00451525,12391-YZA6-EZ5,12391-YZA6-EZ5 GASKET HEAD COVER MODULE,Pe comanda,Marfuri gestiune 1 firma,0,BUC,81.8182,99,,EUR,21,Garnitura capac chiulasa
00447028,12395-LBA8-E90,12395-LBA8-E90 GASKET CYLINDER HEAD,Pe comanda,Marfuri gestiune 1 firma,0,BUC,0,0,,EUR,21,
00449340,12395-LCE6-E90,12395-LCE6-E90 GASKET,Pe comanda,Marfuri gestiune 1 firma,0,BUC,0,0,,EUR,21,
00447709,12431-LBA7-E00,12431-LBA7-E00 GEAR TACHOMETER,Marfuri,Marfuri gestiune 1 firma,1,BUC,0,0,,EUR,21,
00445505,12431-LCD9-E00,12431-LCD9-E00 GEAR TACHOMETER,Pe comanda,Marfuri gestiune 1 firma,1,BUC,0,0,,EUR,21,Melc km
00451652,13000-BLB3-910,13000-BLB3-910 CARNK SHAFT COMP,Pe comanda,Marfuri gestiune 1 firma,0,BUC,842.9752,1020,,EUR,21,Ambielaj
00451365,13000-GKAK-921,13000-GKAK-921 CRANK SHAFT,Pe comanda,Marfuri gestiune 1 firma,0,BUC,62,75.02,,EUR,21,Ambielaj
00451531,13000-KFC8-900,13000-KFC8-900 CRANK SHAFT COMP,Pe comanda,Marfuri gestiune 1 firma,0,BUC,849.5868,1028,,EUR,21,Ambielaj
00447094,13000-KHE7-900,13000-KHE7-900 CRANK SHAFT,Pe comanda,Marfuri gestiune 1 firma,0,BUC,0,0,,EUR,21,
00446219,13000-KHE7-910,13000-KHE7-910 CRANK SHAFT COMP,Pe comanda,Marfuri gestiune 1 firma,3,BUC,0,0,,EUR,21,
00446734,13000-KUDU-900,13000-KUDU-900 CRANK SHAFT COMP,Pe comanda,Marfuri gestiune 1 firma,0,BUC,842.9752,1020,,EUR,21,Ambielaj
00449593,13000-KUDU-C00,13000-KUDU-C00 CRANK SHAFT COMP,Pe comanda,Marfuri gestiune 1 firma,0,BUC,0,0,,EUR,21,Ambielaj
00446434,13000-LBD3-900,13000-LBD3-900 CRANK SHAFT COMP,Pe comanda,Marfuri gestiune 1 firma,2,BUC,0,0,,EUR,21,
00451109,13000-LCA4-E00,13000-LCA4-E00 CRANK SHAFT COMP,Pe comanda,Marfuri gestiune 1 firma,0,BUC,85,101.15,,EUR,21,Ambielaj 150
00448893,13000-LDC3-C00,13000-LDC3-C00 CRANK SHAFT FINAL,Pe comanda,Marfuri gestiune 1 firma,0,BUC,0,0,,EUR,21,
00446648,13000-LDC5-C00,13000-LDC5-C00 CRANK SHAFT COMP,Pe comanda,Marfuri gestiune 1 firma,1,BUC,0,0,,EUR,21,
00448498,13000-LDG7-E01,13000-LDG7-E01 PUMP ASSY OIL,Pe comanda,Marfuri gestiune 1 firma,3,BUC,0,0,,EUR,21,
00449630,13000-LEA7-E00,13000-LEA7-E00 CRANK SHAFT COMP,Pe comanda,Marfuri gestiune 1 firma,0,BUC,0,0,,EUR,21,Ambielaj
00450646,13000-LEC8-E00,13000-LEC8-E00 CRANK SHAFT COMP,Pe comanda,Marfuri gestiune 1 firma,0,BUC,155.55,185.1,,EUR,21,Ambielaj
00449422,13000-LFA7-E00,13000-LFA7-E00 CRANK SHAFT COMP,Pe comanda,Marfuri gestiune 1 firma,0,BUC,0,0,,EUR,21,
00450740,13000-LFG2-E00,13000-LFG2-E00 CRANK SHAFT COMP,Pe comanda,Marfuri gestiune 1 firma,0,BUC,150,178.5,,EUR,21,Ambielaj
00450672,13000-LGF9-E00,13000-LGF9-E00 CRANK SHAFT COMP,Pe comanda,Marfuri gestiune 1 firma,0,BUC,237.63,282.78,,EUR,21,Ambielaj
00450812,13000-LKH3-C00,13000-LKH3-C00 CRANKSHAFT,Pe comanda,Marfuri gestiune 1 firma,0,BUC,105.58,125.64,,EUR,21,Ambielaj
00447247,13000-LLB1-900,13000-LLB1-900 CRANK SHAFT,Pe comanda,Marfuri gestiune 1 firma,1,BUC,0,0,,EUR,21,
00446106,13000-PWB1-900,13000-PWB1-900 CRANKSHAFT,Pe comanda,Marfuri gestiune 1 firma,9,BUC,1817.3554,2199,,EUR,21,Ambielaj
00448861,13000-PWB1-900,13000-PWB1-900 MV7033 CRANKSHAFT,Pe comanda,Marfuri gestiune 1 firma,0,BUC,0,0,,EUR,21,
00448712,13001-KHE7-900,13001-KHE7-900 PISTON,Pe comanda,Marfuri gestiune 1 firma,0,BUC,0,0,,EUR,21,
00448539,13001-LCB9-E20,13001-LCB9-E20 PISTON,Pe comanda,Marfuri gestiune 1 firma,0,BUC,0,0,,EUR,21,
00446864,1300A-LBA2-308,1300A-LBA2-308 CRANK BLANCER,Pe comanda,Marfuri gestiune 1 firma,0,BUC,1685.124,2039,,EUR,21,Ambielaj cu arbore de balansare
00449347,1300A-LDB5-308,1300A-LDB5-308 CRANK SHAFT COMP,Pe comanda,Marfuri gestiune 1 firma,0,BUC,2685.9504,3250,,EUR,21,Ambielaj (L)
00447504,1300A-LDB5-309,1300A-LDB5-309 CRANK BLANCER COMP,Pe comanda,Marfuri gestiune 1 firma,1,BUC,0,0,,EUR,21,
00451131,1300A-LDE9-305,1300A-LDE9-305 CRANK BALANCER COMP,Pe comanda,Marfuri gestiune 1 firma,0,SET,180,214.2,,EUR,21,Ambielaj cu arbore de balansare
00450605,1300A-LKM5-305,1300A-LKM5-305 CRANKSHAFT BALANCER 700,Pe comanda,Marfuri gestiune 1 firma,0,BUC,290,345.1,,EUR,21,Ambielaj cu balancer
00447270,1300A-PWA1-305,1300A-PWA1-305 CRANK SHAFT,Pe comanda,Marfuri gestiune 1 firma,0,BUC,1223.1405,1480,,EUR,21,Ambielaj cu balancer
00445843,13011-3C83-62B,13011-3C83-62B PISTON RING SET,Pe comanda,Marfuri gestiune 1 firma,1,SET,0,0,,EUR,21,Set segmenti
00451638,13011-AFF8-900,13011-AFF8-900 RING ASSY PISTON,Pe comanda,Marfuri gestiune 1 firma,0,SET,90.0826,109,,EUR,21,Segmenti
00445184,13011-GFY6-900,13011-GFY6-900 RING SET PISTON,Pe comanda,Marfuri gestiune 1 firma,0,BUC,0,0,,EUR,21,
00446633,13011-GFY6-C00,13011-GFY6-C00 RING SET PISTON,Marfuri,Marfuri gestiune 1 firma,0,SET,67.7686,82,,EUR,21,Set segmenti
00445506,13011-GKAK-91A,13011-GKAK-91A RING ASSY PISTON,Pe comanda,Marfuri gestiune 1 firma,8,SET,95.0413,115,,EUR,21,Set segmenti
00445381,13011-GLW0-90A,13011-GLW0-90A PISTON RING SET,Marfuri,Marfuri gestiune 1 firma,0,SET,79.3388,96,,EUR,21,Set segmenti
00450536,13011-GLW0-C00,13011-GLW0-C00 PISTON,Marfuri,Marfuri gestiune 1 firma,0,BUC,9.77,11.63,,EUR,21,Piston
00448032,13011-KED9-900,13011-KED9-900 RING SET PISTON,Pe comanda,Marfuri gestiune 1 firma,0,BUC,0,0,,EUR,21,
00445793,13011-KFBF-E0A,13011-KFBF-E0A RING ASSY PISTON,Marfuri,Marfuri gestiune 1 firma,2,SET,0,0,,EUR,21,Set segmenti
00447744,13011-KGAG-900,13011-KGAG-900 RING SET PISTON,Marfuri,Marfuri gestiune 1 firma,5,SET,78.5124,95,,EUR,21,Set segmenti
00449929,13011-KGAG-901-MX2953,13011-KGAG-901-MX2953 PISTON RING SET 150CCM,Pe comanda,Marfuri gestiune 1 firma,1,SET,0,0,,EUR,21,
00446252,13011-KGBG-901,13011-KGBG-901 RING SET PISTON,Pe comanda,Marfuri gestiune 1 firma,2,SET,0,0,,EUR,21,Set segmenti
00450063,13011-KGBG-C00,13011-KGBG-C00 - RING SET PISTON,Pe comanda,Marfuri gestiune 1 firma,2,SET,11.37,13.53,,EUR,21,Set segmenti
00448333,13011-KGD4-COD,13011-KGD4-COD RING ASSY PISTON,Pe comanda,Marfuri gestiune 1 firma,0,BUC,0,0,,EUR,21,
00445142,13011-KHE7-900,13011-KHE7-900 RING SET PISTON,Marfuri,Marfuri gestiune 1 firma,5,SET,111.5702,135,,EUR,21,Set segmenti
00451368,13011-LAC7-90B,13011-LAC7-90B PISTON RINGS SET,Pe comanda,Marfuri gestiune 1 firma,1,SET,106.6116,129,,EUR,21,Set segmenti
00445794,13011-LBA2-E0A,13011-LBA2-E0A RING SET PISTON,Pe comanda,Marfuri gestiune 1 firma,0,SET,0,0,,EUR,21,Set segmenti
00447339,13011-LBA2-E0B,13011-LBA2-E0B RING SET PISTON,Marfuri,Marfuri gestiune 1 firma,5,SET,161.157,195,,EUR,21,Set segmenti
00448573,13011-LBA8-C10,13011-LBA8-C10 RING ASSY PISTON,Pe comanda,Marfuri gestiune 1 firma,0,BUC,0,0,,EUR,21,
00446801,13011-LBC9-900,13011-LBC9-900 RING SET PISTON,Marfuri,Marfuri gestiune 1 firma,3,SET,80.9917,98,,EUR,21,Set segmenti
00450759,13011-LBC9-C00,13011-LBC9-C00 PISTON RINGS SET,Marfuri,Marfuri gestiune 1 firma,0,BUC,80.9917,98,,EUR,21,Set segmenti
00445507,13011-LBF6-E00,13011-LBF6-E00 RING SET PISTON,Pe comanda,Marfuri gestiune 1 firma,2,SET,0,0,,EUR,21,Set segmenti
00447029,13011-LCA7-C10,13011-LCA7-C10 RING SET PISTON,Pe comanda,Marfuri gestiune 1 firma,0,BUC,0,0,,EUR,21,
00450918,13011-LCD4-C00,13011-LCD4-C00 RING ASSY PISTON,Pe comanda,Marfuri gestiune 1 firma,0,SET,8.715,10.37,,EUR,21,Set segmenti
00447828,13011-LCD4-E00,13011-LCD4-E00 RING ASSY PISTON,Pe comanda,Marfuri gestiune 1 firma,0,SET,0,0,,EUR,21,Set segmenti
00448368,13011-LEA7-E00,13011-LEA7-E00 RING SET PISTON,Pe comanda,Marfuri gestiune 1 firma,1,SET,169.4215,205,,EUR,21,Set segmenti
00449423,13011-LEB1-90B,13011-LEB1-90B RING SET PISTON,Pe comanda,Marfuri gestiune 1 firma,0,SET,105.7851,128,,EUR,21,Set segmenti
00446308,13011-LEC8-E00,13011-LEC8-E00 RING SET PISTON,Pe comanda,Marfuri gestiune 1 firma,2,SET,0,0,,EUR,21,Set segmenti
00448830,13011-LEC8-E00,13011-LEC8-E00 MA8012 PISTON RING SET,Pe comanda,Marfuri gestiune 1 firma,2,SET,0,0,,EUR,21,Set segmenti
00451304,13011-LFG2-C00,13011-LFG2-C00 RING SET PISTON,Pe comanda,Marfuri gestiune 1 firma,0,SET,11.43,11.43,,EUR,21,Set segmenti
00450742,13011-LFG2-E0B,13011-LFG2-E0B RING ASSY PISTON,Pe comanda,Marfuri gestiune 1 firma,0,SET,15,17.85,,EUR,21,Set segmenti
00450673,13011-LGF9-E00,13011-LGF9-E00 RING SET PISTON,Pe comanda,Marfuri gestiune 1 firma,0,SET,18.44,21.94,,EUR,21,Set segmenti
00450784,13011-LKH3-C00,13011-LKH3-C00 PISTON RINGS SET,Pe comanda,Marfuri gestiune 1 firma,0,BUC,12.37,14.72,,EUR,21,Set segmenti
00449072,13011-LKM5-E00,13011-LKM5-E00 RING SET PISTON,Marfuri,Marfuri gestiune 1 firma,1,SET,0,0,,EUR,21,Set segmenti
00448844,13011-PTA1-90B,13011-PTA1-90B RING SET PISTON,Marfuri,Marfuri gestiune 1 firma,2,SET,156.1983,189,,EUR,21,Set segmenti
00448266,13011-PWB1-900,13011-PWB1-900 RING SET PISTON,Marfuri,Marfuri gestiune 1 firma,0,SET,134.7107,163,,EUR,21,Set segmenti
00446401,13100-PWB1-900,13100-PWB1-900 CRANK SFAT COMP,Pe comanda,Marfuri gestiune 1 firma,1,BUC,0,0,,EUR,21,
00445844,13101-3C83-500,13101-3C83-500 PISTON,Pe comanda,Marfuri gestiune 1 firma,1,BUC,0,0,,EUR,21,Piston
00451662,13101-AAG3-EZ5,13101-AAG3-EZ5 PISTON,Pe comanda,Marfuri gestiune 1 firma,0,BUC,104.9587,127,,EUR,21,Piston
00451366,13101-AKC6-C00,13101-AKC6-C00 PISTON,Pe comanda,Marfuri gestiune 1 firma,0,BUC,8,9.68,,EUR,21,Piston
00451432,13101-AKC6-E10,13101-AKC6-E10 PISTON,Pe comanda,Marfuri gestiune 1 firma,1,BUC,158.6777,192,,EUR,21,PISTON
00451659,13101-BLB3-900,13101-BLB3-900 PISTON,Pe comanda,Marfuri gestiune 1 firma,0,BUC,90.0826,109,,EUR,21,Piston
00449631,13101-GKAG-901,13101-GKAG-901 PISTON,Pe comanda,Marfuri gestiune 1 firma,0,BUC,0,0,,EUR,21,Piston
00445508,13101-GKAK-902,13101-GKAK-902 PISTON,Pe comanda,Marfuri gestiune 1 firma,3,BUC,0,0,,EUR,21,Piston
00445196,13101-GLW0-901,13101-GLW0-901 PISTON,Marfuri,Marfuri gestiune 1 firma,0,BUC,64.4628,78,,EUR,21,Piston 50cc - aer
00446785,13101-KEBE-900,13101-KEBE-900 PISTON,Pe comanda,Marfuri gestiune 1 firma,1,BUC,0,0,,EUR,21,Piston
00445821,13101-KED1-900,13101-KED1-900 PISTON,Pe comanda,Marfuri gestiune 1 firma,0,BUC,90.9091,110,,EUR,21,Piston
00448033,13101-KED9-900,13101-KED9-900 PISTON,Pe comanda,Marfuri gestiune 1 firma,0,BUC,0,0,,EUR,21,Piston
00445197,13101-KFA5-900,13101-KFA5-900 PISTON,Pe comanda,Marfuri gestiune 1 firma,0,BUC,0,0,,EUR,21,Piston
00447079,13101-KFB7-900,13101-KFB7-900 PISTON,Pe comanda,Marfuri gestiune 1 firma,2,BUC,0,0,,EUR,21,Piston
00445989,13101-KGAG-901,13101-KGAG-901 PISTON,Pe comanda,Marfuri gestiune 1 firma,4,BUC,80.9917,98,,EUR,21,Piston
00448734,13101-KGBG-901,13101-KGBG-901 PISTON,Pe comanda,Marfuri gestiune 1 firma,1,BUC,0,0,,EUR,21,Piston
00448334,13101-KGD4-C00,13101-KGD4-C00 PISTON,Pe comanda,Marfuri gestiune 1 firma,0,BUC,0,0,,EUR,21,Piston
00445185,13101-KHE7-900,13101-KHE7-900 PISTON,Marfuri,Marfuri gestiune 1 firma,1,BUC,107.438,130,,EUR,21,Piston 250cc
00450519,13101-KKA7-900,13101-KKA7-900 PISTON 125,Pe comanda,Marfuri gestiune 1 firma,0,BUC,11.03,13.13,,EUR,21,Piston 125
00446736,13101-KUDU-900,13101-KUDU-900 PISTON,Marfuri,Marfuri gestiune 1 firma,7,BUC,78.5124,95,,EUR,21,Piston 125cc aer
00447030,13101-LBC9-900,13101-LBC9-900 PISTON,Marfuri,Marfuri gestiune 1 firma,5,BUC,78.5124,95,,EUR,21,Piston
00450758,13101-LBC9-C00,13101-LBC9-C00 PISTON,Marfuri,Marfuri gestiune 1 firma,0,BUC,78.5124,95,,EUR,21,Piston
00445509,13101-LBF6-E00,13101-LBF6-E00 PISTON,Pe comanda,Marfuri gestiune 1 firma,0,BUC,0,0,,EUR,21,Piston
00447031,13101-LCA7-C10,13101-LCA7-C10 PISTON,Pe comanda,Marfuri gestiune 1 firma,0,BUC,0,0,,EUR,21,Piston
00446571,13101-LCB9-B20,13101-LCB9-B20 PISTON,Pe comanda,Marfuri gestiune 1 firma,1,BUC,0,0,,EUR,21,Piston
00449388,13101-LCD4-E00,13101-LCD4-E00 PISTON,Pe comanda,Marfuri gestiune 1 firma,0,BUC,0,0,,EUR,21,Piston
00449303,13101-LCE6-E80,13101-LCE6-E80 PISTON,Pe comanda,Marfuri gestiune 1 firma,0,BUC,0,0,,EUR,21,Piston
00445259,13101-LDB2-E00,13101-LDB2-E00 PISTON,Pe comanda,Marfuri gestiune 1 firma,9,BUC,119.8347,145,,EUR,21,Piston
00445795,13101-LDG7-E00,13101-LDG7-E00 PISTON,Marfuri,Marfuri gestiune 1 firma,2,BUC,210.7438,255,,EUR,21,Piston 500cc
00448354,13101-LEA6-900,13101-LEA6-900 PISTON,Pe comanda,Marfuri gestiune 1 firma,0,BUC,0,0,,EUR,21,Piston
00451225,13101-LEA7-E00,13101-LEA7-E00 PISTON,Pe comanda,Marfuri gestiune 1 firma,1,BUC,20,23.8,,EUR,21,Piston
00446309,13101-LEC8-E00,13101-LEC8-E00 PISTON,Pe comanda,Marfuri gestiune 1 firma,2,BUC,0,0,,EUR,21,Piston 125 cc Quannon
00450422,13101-LFA7-E00,13101-LFA7-E00 PISTON,Pe comanda,Marfuri gestiune 1 firma,0,BUC,10.58,12.59,,EUR,21,Piston
00450748,13101-LFG2-E00,13101-LFG2-E00 PISTON,Pe comanda,Marfuri gestiune 1 firma,0,BUC,14.54,17.3,,EUR,21,PISTON
00448845,13101-LGC7-E00,13101-LGC7-E00 PISTON,Marfuri,Marfuri gestiune 1 firma,2,BUC,219.0083,265,,EUR,21,Piston
00450674,13101-LGF9-E00,13101-LGF9-E00 PISTON,Pe comanda,Marfuri gestiune 1 firma,0,BUC,14.1,16.78,,EUR,21,Piston
00451326,13101-LHG7-C00,13101-LHG7-C00 PISTON,Pe comanda,Marfuri gestiune 1 firma,1,BUC,9.81,11.87,,EUR,21,Piston
00450789,13101-LKH3-900,13101-LKH3-900 PISTON,Pe comanda,Marfuri gestiune 1 firma,0,BUC,16.45,19.58,,EUR,21,Piston
00449088,13101-LKM5-E00,13101-LKM5-E00 PISTON,Pe comanda,Marfuri gestiune 1 firma,0,BUC,0,0,,EUR,21,Piston
00448267,13101-PWB1-900,13101-PWB1-900 PISTON,Marfuri,Marfuri gestiune 1 firma,0,BUC,161.157,195,,EUR,21,Piston
00448390,13105-KHE7-308,13105-KHE7-308 MV2019 GEAR BOX,Pe comanda,Marfuri gestiune 1 firma,2,BUC,0,0,,EUR,21,
00445475,13111-1F66-001,13111-1F66-001 PISTON PIN,Marfuri,Marfuri gestiune 1 firma,1,BUC,20.6612,25,,EUR,21,Bolt piston
00447032,13111-3D84-001,13111-3D84-001 PIN PISTON,Marfuri,Marfuri gestiune 1 firma,5,BUC,20.6612,25,,EUR,21,Bolt piston
00446496,13111-4D14-001,13111-4D14-001 PIN PISTON 15MM,Pe comanda,Marfuri gestiune 1 firma,3,BUC,18.1818,22,,EUR,21,Bolt piston
00445845,13111-4L40-001,13111-4L40-001 PIN PISTON,Pe comanda,Marfuri gestiune 1 firma,2,BUC,0,0,,EUR,21,Bolt piston
00448034,13111-KED9-900,13111-KED9-900 PIN PISTON,Pe comanda,Marfuri gestiune 1 firma,0,BUC,0,0,,EUR,21,Bolt piston
00450786,13111-KEE1-900,13111-KEE1-900 PISTON PIN,Pe comanda,Marfuri gestiune 1 firma,0,BUC,1.58,1.88,,EUR,21,Bolt cilindru
00450811,13111-KEE1-C00,13111-KEE1-C00 PISTON PIN,Pe comanda,Marfuri gestiune 1 firma,0,BUC,3.05,3.63,,EUR,21,Bolt
00446253,13111-KGBG-900,13111-KGBG-900 PISTON,Pe comanda,Marfuri gestiune 1 firma,0,BUC,0,0,,EUR,21,Bolt piston
00446572,13111-KGBG-C00,13111-KGBG-C00 PIN PISTON,Marfuri,Marfuri gestiune 1 firma,4,BUC,20.6612,25,,EUR,21,Bolt piston
00448335,13111-KGD4-C00,13111-KGD4-C00 PIN PISTON,Pe comanda,Marfuri gestiune 1 firma,0,BUC,0,0,,EUR,21,Bolt piston
00445581,13111-KHE7-900,13111-KHE7-900 PIN PISTON,Marfuri,Marfuri gestiune 1 firma,2,BUC,26.4463,32,,EUR,21,Bolt piston
00446786,13111-KKJ9-001,13111-KKJ9-001 PIN PISTON,Pe comanda,Marfuri gestiune 1 firma,1,BUC,0,0,,EUR,21,Bolt piston
00449073,13111-KKJ9-C10,13111-KKJ9-C10 PIN PISTON,Pe comanda,Marfuri gestiune 1 firma,0,BUC,0,0,,EUR,21,
00445476,13111-LBA2-E00,13111-LBA2-E00 PIN PISTON,Marfuri,Marfuri gestiune 1 firma,4,BUC,33.0579,40,,EUR,21,Bolt piston
00447033,13111-LCA7-C10,13111-LCA7-C10 PIN PISTON,Pe comanda,Marfuri gestiune 1 firma,0,BUC,0,0,,EUR,21,Bolt piston
00449304,13111-LCE6-E80,13111-LCE6-E80 PIN PISTON,Pe comanda,Marfuri gestiune 1 firma,0,BUC,0,0,,EUR,21,Bolt piston
00448836,13111-LDB2-C00,13111-LDB2-C00 PIN PISTON,Pe comanda,Marfuri gestiune 1 firma,2,BUC,0,0,,EUR,21,Bolt piston
00445260,13111-LDB2-E00,13111-LDB2-E00 PIN PISTON,Pe comanda,Marfuri gestiune 1 firma,3,BUC,0,0,,EUR,21,Bolt piston
00449665,13111-LEA7-E00,13111-LEA7-E00 PIN PISTON,Pe comanda,Marfuri gestiune 1 firma,2,BUC,0,0,,EUR,21,
00450423,13111-LFA7-E00,13111-LFA7-E00 PIN PISTON,Pe comanda,Marfuri gestiune 1 firma,0,BUC,3.2,3.81,,EUR,21,Bolt piston
00451639,13111-LKB9-C00,13111-LKB9-C00 PIN PISTON,Pe comanda,Marfuri gestiune 1 firma,0,BUC,23.9669,29,,EUR,21,Bolt piston
00450941,13111-LKF5-E00,13111-LKF5-E00 PIN PISTON,Pe comanda,Marfuri gestiune 1 firma,0,BUC,3.95,4.7,,EUR,21,Bolt piston
00450599,13111-LKM5-E00,13111-LKM5-E00 PIN PISTON,Pe comanda,Marfuri gestiune 1 firma,0,BUC,4.85,5.77,,EUR,21,Bolt piston
00448270,13111-PWB1-900,13111-PWB1-900 PIN PISTON,Marfuri,Marfuri gestiune 1 firma,15,BUC,26.4463,32,,EUR,21,Bolt piston
00448420,13111-PWB1-900,13111-PWB1-900 MV7036 PISTON PIN,Pe comanda,Marfuri gestiune 1 firma,1,BUC,0,0,,EUR,21,Bolt piston
00450787,13115-0A01-001,13115-0A01-001 PISTON PIN CLIP,Marfuri,Marfuri gestiune 1 firma,0,BUC,0.61,0.73,,EUR,21,Siguranta bolt
00446687,13115-0A01-C00,13115-0A01-C00 CLIP PISTON PIN 12MM,Marfuri,Marfuri gestiune 1 firma,32,BUC,5.7851,7,,EUR,21,Siguranta bolt piston
00445477,13115-1F56-001,13115-1F56-001 CLIP PISTON PIN 12 MM,Marfuri,Marfuri gestiune 1 firma,2,BUC,5.3719,6.5,,EUR,21,Siguranta bolt
00450642,13115-1F56-C00,13115-1F56-C00 CLIP PISTON PIN 12MM,Pe comanda,Marfuri gestiune 1 firma,0,BUC,5.7851,7,,EUR,21,Sigurante bolt
00450763,13153-LBA2-E00,13153-LBA2-E00 SPRING STOPPER,Pe comanda,Marfuri gestiune 1 firma,1,BUC,1.19,1.42,,EUR,21,Arc opritor
00450934,13210-LKF5-E00-1,13210-LKF5-E00-1 CONN. ROD ASSY,Pe comanda,Marfuri gestiune 1 firma,0,BUC,68.15,81.1,,EUR,21,Biela
00450936,13221-LKF5-E00,13221-LKF5-E00 BEARING CON ROD (RED),Pe comanda,Marfuri gestiune 1 firma,0,BUC,6.45,7.68,,EUR,21,Cuzinet
00448450,13314-LBA2-E0A,13314-LBA2-E0A BEARING CRANK SHAFT,Pe comanda,Marfuri gestiune 1 firma,0,BUC,0,0,,EUR,21,
00448449,13314-LBA2-E0B,13314-LBA2-E0B BEARING CRANK SHAFT B,Pe comanda,Marfuri gestiune 1 firma,0,BUC,51.2397,62,,EUR,21,Cuzinet
00448451,13314-LBA2-E0C,13314-LBA2-E0C BEARING CRANK SHAFT C,Pe comanda,Marfuri gestiune 1 firma,0,BUC,0,0,,EUR,21,
00448582,13314-LEA7-E0A,13314-LEA7-E0A BEARING CRANK SHAFT A,Pe comanda,Marfuri gestiune 1 firma,0,BUC,0,0,,EUR,21,
00450931,13314-LKF5-E00-B,13314-LKF5-E00-B EARING. CRANK SHAFT (GREEN/1.491~1.494),Pe comanda,Marfuri gestiune 1 firma,0,BUC,9,10.71,,EUR,21,Cuzinet - verde
00448452,13315-LBA2-E0A,13315-LBA2-E0A BEARING CRANK SHAFT A,Pe comanda,Marfuri gestiune 1 firma,0,BUC,0,0,,EUR,21,
00448454,13315-LBA2-E0B,13315-LBA2-E0B BEARING CRANK SHAFT B,Pe comanda,Marfuri gestiune 1 firma,0,BUC,51.2397,62,,EUR,21,Cuzinet
00448453,13315-LBA2-E0C,13315-LBA2-E0C BEARING CRANK SHAFT C,Pe comanda,Marfuri gestiune 1 firma,0,BUC,0,0,,EUR,21,
00451263,13406-LEA7-E00,13406-LEA7-E00 PLATE FUEL INJECTOR,Pe comanda,Marfuri gestiune 1 firma,0,BUC,15.7025,19,,EUR,21,Suport Injector
00451683,14100-ALJ9-E10,14100-ALJ9-E10 SHAFT COMP CAM,Pe comanda,Marfuri gestiune 1 firma,0,BUC,256.1983,310,,EUR,21,Axa cu came
00445510,14100-GKAK-921,14100-GKAK-921 VALVE COMP REED,Pe comanda,Marfuri gestiune 1 firma,3,BUC,0,0,,EUR,21,
00445198,14100-KEB7-900,14100-KEB7-900 VALVE COMP REED,Marfuri,Marfuri gestiune 1 firma,1,BUC,103.3058,125,,EUR,21,Muzicuta (valva)
00450204,14100-KEB7-C00,14100-KEB7-C00 VALVE COMP REED,Pe comanda,Marfuri gestiune 1 firma,0,BUC,12.97,15.43,,EUR,21,Valva admisie (muzicuta)
00449594,14100-KEC8-200,14100-KEC8-200 SHAFT COMP CAM,Pe comanda,Marfuri gestiune 1 firma,0,BUC,0,0,,EUR,21,Axa cu came
00449602,14100-KEC8-220,14100-KEC8-220 SHAFT COMP CAM,Pe comanda,Marfuri gestiune 1 firma,0,BUC,0,0,,EUR,21,Axa cu came
00447034,14100-KFA9-220,14100-KFA9-220 SHAFT COMP,Pe comanda,Marfuri gestiune 1 firma,1,BUC,0,0,,EUR,21,Axa cu came
00447849,14100-KGBG-C00,14100-KGBG-C00 SHAFT COMP CAM,Pe comanda,Marfuri gestiune 1 firma,0,BUC,0,0,,EUR,21,Axa cu came
00446138,14100-KKA7-220,14100-KKA7-220 CAM SHAFT COMP,Pe comanda,Marfuri gestiune 1 firma,1,BUC,0,0,,EUR,21,Axa cu came
00448018,14100-KKC2-220,14100-KKC2-220 SHAFT COMP CAM,Pe comanda,Marfuri gestiune 1 firma,0,BUC,0,0,,EUR,21,Axa cu came
00447260,14100-LBA7-900,14100-LBA7-900 SHAFT COMP CAM,Pe comanda,Marfuri gestiune 1 firma,1,BUC,0,0,,EUR,21,Axa cu came
00447127,14100-LCA4-E00,14100-LCA4-E00 SHAFT COMP CAM,Pe comanda,Marfuri gestiune 1 firma,2,BUC,0,0,,EUR,21,Axa cu came
00449250,14100-LCA5-E00,14100-LCA5-E00 SHAFT COMP CAM,Pe comanda,Marfuri gestiune 1 firma,0,BUC,0,0,,EUR,21,Axa cu came
00449305,14100-LCE6-E80,14100-LCE6-E80 SHAFT COMP CAM,Pe comanda,Marfuri gestiune 1 firma,0,BUC,0,0,,EUR,21,Axa cu came
00445736,14100-LDB2-E00,14100-LDB2-E00 SHAFT COMP CAM,Pe comanda,Marfuri gestiune 1 firma,1,BUC,0,0,,EUR,21,Axa cu came
00450741,14100-LFG2-E00,14100-LFG2-E00 SHAFT COMP CAM,Pe comanda,Marfuri gestiune 1 firma,0,BUC,40,47.6,,EUR,21,Axa cu came
00445627,14100-LGS6-E10,14100-LGS6-E10 SHAFT COMP CAM,Pe comanda,Marfuri gestiune 1 firma,3,BUC,243.8017,295,,EUR,21,Axa cu came
00445737,14100-LLB1-900,14100-LLB1-900 SHAFT COMP CAM,Pe comanda,Marfuri gestiune 1 firma,2,BUC,318.1818,385,,EUR,21,Axa cu came
00449458,14100-PTA1-910,14100-PTA1-910 SHAFT COMP CAM,Pe comanda,Marfuri gestiune 1 firma,0,BUC,0,0,,EUR,21,Axa cu came
00446110,14100-PWB1-900,14100-PWB1-900 SHAFT COMP CAM,Pe comanda,Marfuri gestiune 1 firma,5,BUC,0,0,,EUR,21,Axa cu came
00449942,14100-PWB1-910,14100-PWB1-910 SHAFT COMP CAM,Pe comanda,Marfuri gestiune 1 firma,2,BUC,0,0,,EUR,21,Axa cu came
00450399,14102-LDG7-E00,14102-LDG7-E00 CAM,Pe comanda,Marfuri gestiune 1 firma,0,BUC,12.28,14.61,,EUR,21,Cama
00450460,14103-GEN5-912,14103-GEN5-912 SPG ROLLER,Pe comanda,Marfuri gestiune 1 firma,0,BUC,0.9367,1.11,,EUR,21,Arculet
00450426,14105-GEN5-910,14105-GEN5-910 ROLLER 3*5,Pe comanda,Marfuri gestiune 1 firma,0,BUC,0.9366,1.11,,EUR,21,
00446384,1411A-LBA2-E00,1411A-LBA2-E00 CAM SHAFT INLET COMP,Marfuri,Marfuri gestiune 1 firma,1,BUC,0,0,,EUR,21,Axa came admisie
00445407,1412A-LDG7-E00,1412A-LDG7-E00 CAM SHAFT EXH COMP,Marfuri,Marfuri gestiune 1 firma,1,BUC,640.4959,775,,EUR,21,Axa came evacuare
00449124,14150-LCA4-E00,14150-LCA4-E00 PLATE COMP CAM,Pe comanda,Marfuri gestiune 1 firma,0,BUC,0,0,,EUR,21,
00447035,14153-LBA2-E00,14153-LBA2-E00 STOPPER,Pe comanda,Marfuri gestiune 1 firma,0,BUC,0,0,,EUR,21,Stoper
00447036,14154-LBA2-E00,14154-LBA2-E00 SPRING STOPPER,Pe comanda,Marfuri gestiune 1 firma,0,BUC,0,0,,EUR,21,Arc
00449446,14311-KHE7-900,14311-KHE7-900 GEAR TIMMING,Pe comanda,Marfuri gestiune 1 firma,0,BUC,0,0,,EUR,21,
00450643,14321-KED9-900,14321-KED9-900 SPROCKET CAMSHAFT,Pe comanda,Marfuri gestiune 1 firma,0,BUC,72.7273,88,,EUR,21,Pinion axa cu came
00447340,14321-LBA2-E00,14321-LBA2-E00 SPROCKET ROCKER ARM,Pe comanda,Marfuri gestiune 1 firma,0,BUC,76.0331,92,,EUR,21,Pinion axa cu came
00449156,14321-LCA7-C10,14321-LCA7-C10 SPROCKET CAM,Pe comanda,Marfuri gestiune 1 firma,0,BUC,0,0,,EUR,21,
00446811,14321-PWB1-900,14321-PWB1-900 SPROCKET CAM,Pe comanda,Marfuri gestiune 1 firma,2,BUC,0,0,,EUR,21,
00448894,14323-PWB1-900,14323-PWB1-900 ORING CAM RETAINER,Pe comanda,Marfuri gestiune 1 firma,0,BUC,0,0,,EUR,21,
00447808,14324-PWB1-900,14324-PWB1-900 WASHER LOCK AMSHAFT,Pe comanda,Marfuri gestiune 1 firma,0,BUC,0,0,,EUR,21,
00446008,14401-KEC8-90A,14401-KEC8-90A CHAIN CAM,Pe comanda,Marfuri gestiune 1 firma,7,BUC,0,0,,EUR,21,Lant distributie
00449006,14401-KEC8-90B,14401-KEC8-90B CHAIN CAM,Pe comanda,Marfuri gestiune 1 firma,0,BUC,0,0,,EUR,21,Lant distributie
00448306,14401-KGB4-C00,14401-KGB4-C00 GAIN CAM,Pe comanda,Marfuri gestiune 1 firma,0,BUC,0,0,,EUR,21,Lant distributie
00446111,14401-KGBG-900,14401-KGBG-900 CHAIN CAM,Pe comanda,Marfuri gestiune 1 firma,2,BUC,0,0,,EUR,21,Lant distributie
00450951,14401-KGBG-C00,14401-KGBG-C00 CHAIN CAM,Pe comanda,Marfuri gestiune 1 firma,2,BUC,12.04,14.33,,EUR,21,Lant distributie
00445873,14401-KGN7-67A,14401-KGN7-67A CHAIN CAM,Pe comanda,Marfuri gestiune 1 firma,3,BUC,0,0,,EUR,21,Lant distributie
00445738,14401-KHE7-90A,14401-KHE7-90A CHAIN CAM,Marfuri,Marfuri gestiune 1 firma,3,BUC,111.5702,135,,EUR,21,Lant distributie
00446793,14401-KHE7-90B,14401-KHE7-90B CHAIN CAM,Pe comanda,Marfuri gestiune 1 firma,0,BUC,0,0,,EUR,21,Lant distributie
00445628,14401-KUDU-C00,14401-KUDU-C00 CHAIN CAM,Marfuri,Marfuri gestiune 1 firma,0,BUC,103.3058,125,,EUR,21,Lant distributie
00446009,14401-LBA2-900,14401-LBA2-900 CHAIN CAM,Pe comanda,Marfuri gestiune 1 firma,0,BUC,0,0,,EUR,21,Lant distributie
00446011,14401-LBA2-E00,14401-LBA2-E00 CHAIN CAM,Marfuri,Marfuri gestiune 1 firma,2,BUC,285.124,345,,EUR,21,Lant distributie
00449157,14401-LCA7-C10,14401-LCA7-C10 CHAIN CAM,Pe comanda,Marfuri gestiune 1 firma,0,BUC,0,0,,EUR,21,Lant distributie
00445261,14401-LDE9-E00,14401-LDE9-E00 CHAIN CAM,Marfuri,Marfuri gestiune 1 firma,2,BUC,152.8926,185,,EUR,21,Lant distributie
00451032,14401-LKM5-E00,14401-LKM5-E00 CHAIN CAM,Pe comanda,Marfuri gestiune 1 firma,1,BUC,35,41.65,,EUR,21,Lant de distributie
00448165,14401-PWB1-900,14401-PWB1-900 CHAIN CAM,Marfuri,Marfuri gestiune 1 firma,2,BUC,243.8017,295,,EUR,21,Lant distributie
00449306,1441A-LCE6-E80,1441A-LCE6-E80 ROCKER ARM ASSEMBLY,Pe comanda,Marfuri gestiune 1 firma,0,BUC,0,0,,EUR,21,
00449424,14420-PTA1-900,14420-PTA1-900 ARM VALVE ROCKER,Pe comanda,Marfuri gestiune 1 firma,0,BUC,204.9587,248,,EUR,21,Culbutor evacuare
00451602,14430-PTA1-900,14430-PTA1-900 ARM COMP IN VALVE ROCKER,Pe comanda,Marfuri gestiune 1 firma,0,BUC,264.4628,320,,EUR,21,Culbutor admisie
00446139,14431-KAA7-900,14431-KAA7-900 ARM VALVE ROCKER,Pe comanda,Marfuri gestiune 1 firma,1,BUC,0,0,,EUR,21,Culbutor
00445739,14431-KEC8-900,14431-KEC8-900 ARM VALVE ROCKER,Marfuri,Marfuri gestiune 1 firma,0,BUC,136.3636,165,,EUR,21,Culbutor
00450449,14431-KGBG-900,14431-KGBG-900 ARM VALVE ROCKER,Pe comanda,Marfuri gestiune 1 firma,0,BUC,17.01,20.24,,EUR,21,Culbutor
00448080,14431-KHE7-900,14431-KHE7-900 ARM VALVE ROCKER,Pe comanda,Marfuri gestiune 1 firma,2,BUC,0,0,,EUR,21,Culbutor
00450227,14431-KKA7-900,14431-KKA7-900 ARM VALVE ROCKER,Pe comanda,Marfuri gestiune 1 firma,0,BUC,43.34,51.57,,EUR,21,Culbutor
00445947,14431-KKC1-900,14431-KKC1-900 ARM VALVE ROCKET,Pe comanda,Marfuri gestiune 1 firma,2,BUC,0,0,,EUR,21,Culbutor
00447037,14431-KUDU-900,14431-KUDU-900 ARM VALVE ROCKER,Pe comanda,Marfuri gestiune 1 firma,0,BUC,0,0,,EUR,21,Culbutor
00447965,14431-KUDU-W10,14431-KUDU-W10 ARM VALVE ROCKER,Pe comanda,Marfuri gestiune 1 firma,6,BUC,103.3058,125,,EUR,21,Culbutor
00446707,14431-LCA4-E00,14431-LCA4-E00 ARM IN VALVE ROCKER,Pe comanda,Marfuri gestiune 1 firma,1,BUC,0,0,,EUR,21,Culbutor admisie
00445740,14431-LDB2-E00,14431-LDB2-E00 ARM VALVE ROCKER,Pe comanda,Marfuri gestiune 1 firma,2,BUC,0,0,,EUR,21,Culbutor
00445689,14431-PWB1-900,14431-PWB1-900 ARM VALVE ROCKER,Pe comanda,Marfuri gestiune 1 firma,16,BUC,0,0,,EUR,21,Culbutor admisie
00448930,14432-LCA4-E00,14432-LCA4-E00 ARM EX VALVE ROCKER,Pe comanda,Marfuri gestiune 1 firma,0,BUC,0,0,,EUR,21,Culbutor evacuare
00446112,14432-PWB1-900,14432-PWB1-900 ARM EX VALVE ROCKER,Pe comanda,Marfuri gestiune 1 firma,8,BUC,0,0,,EUR,21,Culbutor evacuare
00447050,14450-GFY6-901,14450-GFY6-901 SHAFT COMP IN ROCKER ARM,Pe comanda,Marfuri gestiune 1 firma,2,BUC,0,0,,EUR,21,
00445741,14450-KEBE-900,14450-KEBE-900 SHAFT COMP IN ROCKER ARM,Pe comanda,Marfuri gestiune 1 firma,1,BUC,0,0,,EUR,21,Ax culbutor admisie
00448765,14451-KEC8-900,14451-KEC8-900 SHAFT IN ROCKER ARM,Pe comanda,Marfuri gestiune 1 firma,0,BUC,39.6694,48,,EUR,21,Ax culbutor admisie
00447341,14451-LBA2-E00,14451-LBA2-E00 SHAFT ROCKER ARM,Pe comanda,Marfuri gestiune 1 firma,1,BUC,0,0,,EUR,21,
00447144,14451-LCA4-E00,14451-LCA4-E00 SHAFT IN ROCKER,Pe comanda,Marfuri gestiune 1 firma,2,BUC,0,0,,EUR,21,Ax culbutor admisie
00447051,14452-GFY6-901,14452-GFY6-901 SHAFT EXH ROCKER ARM,Pe comanda,Marfuri gestiune 1 firma,2,BUC,0,0,,EUR,21,
00447151,14452-KEC8-900,14452-KEC8-900 SHAFT EXH ROCKER,Pe comanda,Marfuri gestiune 1 firma,1,BUC,36.3636,44,,EUR,21,Ax culbutor evacuare
00445742,14452-LDB2-E00,14452-LDB2-E00 SHAFT EXH ROCKER ARM,Pe comanda,Marfuri gestiune 1 firma,1,BUC,0,0,,EUR,21,
00449125,14453-KEC8-900,14453-KEC8-900 SET PLATE ROOKER ARM SHAFT,Pe comanda,Marfuri gestiune 1 firma,0,BUC,0,0,,EUR,21,
00447261,14461-KHE7-900,14461-KHE7-900 SHAFT EX ROCKER,Pe comanda,Marfuri gestiune 1 firma,0,BUC,0,0,,EUR,21,Ax culbutor evacuare
00449158,14502-LCA7-C10,14502-LCA7-C10 ROLLER COMP CAM CHAIN TENSIONER,Pe comanda,Marfuri gestiune 1 firma,0,BUC,0,0,,EUR,21,
00445199,14510-KEBE-900,14510-KEBE-900 TENSIONER CAM CHAIN,Pe comanda,Marfuri gestiune 1 firma,0,BUC,0,0,,EUR,21,Patina mobila
00448700,14510-KEC8-900,14510-KEC8-900 TENSIONER CAM CHAIN,Pe comanda,Marfuri gestiune 1 firma,1,BUC,0,0,,EUR,21,Patina mobila
00446737,14510-KGBG-900,14510-KGBG-900 TENSIONER CAM CHAIN,Pe comanda,Marfuri gestiune 1 firma,1,BUC,0,0,,EUR,21,Patina mobila
00450816,14510-KGBG-C00,14510-KGBG-C00 TENSIONER CAM CHAIN,Pe comanda,Marfuri gestiune 1 firma,0,BUC,66.1157,80,,EUR,21,Patina mobila
00445262,14510-KHE7-900,14510-KHE7-900 TENSIONER CAM CHAIN,Marfuri,Marfuri gestiune 1 firma,0,BUC,76.0331,92,,EUR,21,Patina mobila
00449074,14510-KUDU-C0B,14510-KUDU-C0B TENSIONER CAM CHAIN,Pe comanda,Marfuri gestiune 1 firma,0,BUC,0,0,,EUR,21,Patina mobila
00447389,14510-LDB5-E00,14510-LDB5-E00 TENSIONER CAM CHAIN,Marfuri,Marfuri gestiune 1 firma,0,BUC,152.8926,185,,EUR,21,Patina mobila
00450749,14510-LDE9-C00,14510-LDE9-C00 TENSIONER CAM CHAIN,Pe comanda,Marfuri gestiune 1 firma,0,BUC,8.48,10.09,,EUR,21,Patina mobila
00448758,14510-LDE9-E00,14510-LDE9-E00 TENSIONER CAM CHAIN,Pe comanda,Marfuri gestiune 1 firma,0,BUC,0,0,,EUR,21,Patina mobila
00448580,14510-LEA7-E00,14510-LEA7-E00 TENSIONER CAM CHAIN,Pe comanda,Marfuri gestiune 1 firma,0,BUC,0,0,,EUR,21,Patina mobila
00451033,14510-LKM5-E00,14510-LKM5-E00 TENSIONER CAM CHAIN,Pe comanda,Marfuri gestiune 1 firma,2,BUC,12,14.28,,EUR,21,Patina distributie
00445948,14510-LLB1-900,14510-LLB1-900 TENSIONER CAM CHAIN,Pe comanda,Marfuri gestiune 1 firma,5,BUC,0,0,,EUR,21,Patina mobila
00445690,14510-PWB1-900,14510-PWB1-900 TENSIONER CAM CHAIN,Marfuri,Marfuri gestiune 1 firma,1,BUC,122.314,148,,EUR,21,Patina mobila
00447420,14520-GFY6-90C,14520-GFY6-90C LIFTER ASSY TENSIONER,Pe comanda,Marfuri gestiune 1 firma,3,BUC,0,0,,EUR,21,Intinzator lant distributie
00446063,14520-GFY6-C00,14520-GFY6-C00 LIFTER ASSY TENSIONER,Marfuri,Marfuri gestiune 1 firma,2,BUC,90.9091,110,,EUR,21,Intinzator lant distributie
00446041,14520-KED9-900,14520-KED9-900 LIFTER ASSY TENSIONER,Pe comanda,Marfuri gestiune 1 firma,1,BUC,0,0,,EUR,21,Intinzator lant distributie
00450597,14520-LBE8-900,14520-LBE8-900 LIFTER ASSY TENSIONER,Pe comanda,Marfuri gestiune 1 firma,1,BUC,6.84,8.14,,EUR,21,Intinzator lant
00447038,14520-LDB5-E00,14520-LDB5-E00 LIFTER ASSY TENSIONER,Marfuri,Marfuri gestiune 1 firma,3,BUC,134.7107,163,,EUR,21,Intinzator lant distributie
00445874,14523-GFY6-901,14523-GFY6-901 GASKET TENSIONER LIFTER,Pe comanda,Marfuri gestiune 1 firma,0,BUC,0,0,,EUR,21,Garnitura intinzator
00445629,14523-GFY6-C10,14523-GFY6-C10 GASKET TENSIONER LIFTER,Pe comanda,Marfuri gestiune 1 firma,3,BUC,0,0,,EUR,21,
00447188,14523-GFY6-E90,14523-GFY6-E90 GASKET TENSIONER LIFTER,Marfuri,Marfuri gestiune 1 firma,1,BUC,0,0,,EUR,21,Garnitura intinzator
00446688,14523-KED9-900,14523-KED9-900 GASKET TENSIONER LIFTER,Pe comanda,Marfuri gestiune 1 firma,0,BUC,0,0,,EUR,21,Garnitura intinzator
00450714,14523-KED9-920,14523-KED9-920 GASKET TENSIONER LIFTER,Pe comanda,Marfuri gestiune 1 firma,0,BUC,1.36,1.62,,EUR,21,Garnitura intinzator
00450548,14523-KED9-C00,14523-KED9-C00 GASKET TENSIONER LIFTER @A,Pe comanda,Marfuri gestiune 1 firma,5,BUC,16.5289,20,,EUR,21,Garnitura intinzator
00449612,14523-LKF5-E00,14523-LKF5-E00 GASKET CHAIN TENSIONER,Pe comanda,Marfuri gestiune 1 firma,0,BUC,0,0,,EUR,21,
00447899,14531-KHE7-900,14531-KHE7-900 PIVOT CAM CHAIN TENSIONER,Pe comanda,Marfuri gestiune 1 firma,0,BUC,0,0,,EUR,21,
00448336,14541-KGC4-E00,14541-KGC4-E00 SPRING TENSIONER,Pe comanda,Marfuri gestiune 1 firma,0,BUC,0,0,,EUR,21,
00446385,14546-LBA2-E00,14546-LBA2-E00 GUIDE UPPER TENSIONER,Pe comanda,Marfuri gestiune 1 firma,0,BUC,0,0,,EUR,21,Patina superioara
00451504,14550-KDS4-00B,14550-KDS4-00B ADJUSTER CAM CHAIN,Pe comanda,Marfuri gestiune 1 firma,1,BUC,90.9091,110,,EUR,21,Intinzator lant distributie
00445143,14550-LBA2-E00,14550-LBA2-E00 ADJUSTER CAM CHAIN,Marfuri,Marfuri gestiune 1 firma,8,BUC,100.8264,122,,EUR,21,Intinzator lant distributie
00448666,14550-LDC8-C10,14550-LDC8-C10 ADJUSTER CAM CHAIN,Pe comanda,Marfuri gestiune 1 firma,1,BUC,0,0,,EUR,21,Intinzator lant distributie
00451034,14550-LKF5-E00,14550-LKF5-E00 CHAIN TENSIONER,Pe comanda,Marfuri gestiune 1 firma,1,BUC,20,23.8,,EUR,21,Intinzator lant distributie
00450270,14552-KGBG-900,14552-KGBG-900 STOPPER BOLT,Pe comanda,Marfuri gestiune 1 firma,0,BUC,0.74,0.88,,EUR,21,Stoper surub
00447850,14555-KKJ9-E90,14555-KKJ9-E90 GASKET CAM CHAIN ADJUSTER,Pe comanda,Marfuri gestiune 1 firma,0,BUC,9.9174,12,,EUR,21,Garnitura intinzator
00446865,14555-LBA2-E00,14555-LBA2-E00 GASKET CAM CHAIN,Marfuri,Marfuri gestiune 1 firma,2,BUC,0,0,,EUR,21,Garnitura intinzator
00448702,14610-KEC8-900,14610-KEC8-900 GUIDE COMP CAM CHAIN,Pe comanda,Marfuri gestiune 1 firma,1,BUC,0,0,,EUR,21,Patina fixa
00448667,14610-KGBG-900,14610-KGBG-900 GUIDE COMP CAM CHAIN,Pe comanda,Marfuri gestiune 1 firma,1,BUC,28.9256,35,,EUR,21,Patina fixa
00449159,14610-KGC4-E00,14610-KGC4-E00 ROLLER COMP CAM CHAIN,Pe comanda,Marfuri gestiune 1 firma,0,BUC,0,0,,EUR,21,Patina fixa
00447180,14610-KHE7-900,14610-KHE7-900 GUIDE COMP CHAIN,Marfuri,Marfuri gestiune 1 firma,1,BUC,55.3719,67,,EUR,21,Patina fixa
00445200,14610-KKJ9-001,14610-KKJ9-001 GUIDE COMP CHAIN,Pe comanda,Marfuri gestiune 1 firma,0,BUC,0,0,,EUR,21,Patina fixa
00449075,14610-KUDU-C0B,14610-KUDU-C0B GUIDE COMP CAM CHAIN,Pe comanda,Marfuri gestiune 1 firma,0,BUC,0,0,,EUR,21,Patina fixa
00445263,14610-KUDU-C10,14610-KUDU-C10 GUIDE COMP CHAIN CAME,Pe comanda,Marfuri gestiune 1 firma,0,BUC,0,0,,EUR,21,Patina fixa
00447540,14610-LBA2-E00,14610-LBA2-E00 GUIDE COMP CAM CHAIN,Marfuri,Marfuri gestiune 1 firma,1,BUC,103.3058,125,,EUR,21,Patina fixa
00450958,14610-LDE9-C00,14610-LDE9-C00 GUIDE COMP CAM CHAIN,Pe comanda,Marfuri gestiune 1 firma,0,BUC,4.23,5.03,,EUR,21,Patina fixa
00445264,14610-LDE9-E00,14610-LDE9-E00 GUIDE COMP CAM CHAIN,Pe comanda,Marfuri gestiune 1 firma,2,BUC,0,0,,EUR,21,Patina fixa
00448581,14610-LEA7-E00,14610-LEA7-E00 GUIDE COMP CAM CHAIN,Pe comanda,Marfuri gestiune 1 firma,0,BUC,0,0,,EUR,21,Patina fixa
00451035,14610-LKM5-E00,14610-LKM5-E00 GUIDE COMP CAM CHAIN,Pe comanda,Marfuri gestiune 1 firma,1,BUC,9.58,11.4,,EUR,21,Patina lant
00445949,14610-LLB1-900,14610-LLB1-900 GUIDE COMP CAM CHAIN,Marfuri,Marfuri gestiune 1 firma,2,BUC,0,0,,EUR,21,Patina fixa
00448648,14610-LLB1-900,14610-LLB1-900 MV0033 RAIL FR CONTROL CHAIN,Pe comanda,Marfuri gestiune 1 firma,1,BUC,0,0,,EUR,21,
00448939,14610-PTA1-900,14610-PTA1-900 GUIDE COMP CAM CHAIN,Marfuri,Marfuri gestiune 1 firma,1,BUC,0,0,,EUR,21,Patina fixa
00448166,14610-PWB1-900,14610-PWB1-900 GUIDE COMP CM CHAIN,Pe comanda,Marfuri gestiune 1 firma,1,BUC,90.9091,110,,EUR,21,Patina fixa
00446386,14611-LBA2-E00,14611-LBA2-E00 ARM VALVE ROCKER,Marfuri,Marfuri gestiune 1 firma,4,BUC,138.843,168,,EUR,21,Culbutor
00449160,14670-LCA7-C10,14670-LCA7-C10 SPROCKET CAM CHAIN GUIDE,Pe comanda,Marfuri gestiune 1 firma,0,BUC,0,0,,EUR,21,
00449784,14711-3C83-001,14711-3C83-001 VALVE INLET,Pe comanda,Marfuri gestiune 1 firma,0,BUC,0,0,,EUR,21,Supapa admisie
00445990,14711-4G37-001,14711-4G37-001 VALVE INLET,Pe comanda,Marfuri gestiune 1 firma,17,BUC,70.2479,85,,EUR,21,Supapa admisie
00449841,14711-4G37-001-FS9,14711-4G37-001-FS9 VALVE INLET,Pe comanda,Marfuri gestiune 1 firma,1,BUC,0,0,,EUR,21,
00451640,14711-BLB3-900,14711-BLB3-900 VALVE INLET,Pe comanda,Marfuri gestiune 1 firma,0,BUC,57.8512,70,,EUR,21,Supapa
00448476,14711-GFY6-901,14711-GFY6-901 VALVE INLET,Pe comanda,Marfuri gestiune 1 firma,0,BUC,0,0,,EUR,21,Supapa admisie
00445382,14711-KEBE-900,14711-KEBE-900 VALVE INLET,Marfuri,Marfuri gestiune 1 firma,1,BUC,57.8512,70,,EUR,21,Supapa admisie
00449639,14711-KFB7-900,14711-KFB7-900 VALVE INLET,Pe comanda,Marfuri gestiune 1 firma,0,BUC,0,0,,EUR,21,Supapa admisie
00449032,14711-KFBF-900,14711-KFBF-900 VALVE INLET,Pe comanda,Marfuri gestiune 1 firma,0,BUC,0,0,,EUR,21,
00446799,14711-KGBG-900,14711-KGBG-900 VALVE INLET,Marfuri,Marfuri gestiune 1 firma,1,BUC,66.1157,80,,EUR,21,Supapa admisie
00445991,14711-KGBG-C00,14711-KGBG-C00 VALVE INLET,Pe comanda,Marfuri gestiune 1 firma,1,BUC,0,0,,EUR,21,Supapa admisie
00451043,14711-KGBG-C0A,14711-KGBG-C0A VALVE INLET,Pe comanda,Marfuri gestiune 1 firma,8,BUC,66.1157,80,,EUR,21,Supapa admisie
00445327,14711-KHE7-900,14711-KHE7-900 VALVE INLET,Marfuri,Marfuri gestiune 1 firma,2,BUC,57.8512,70,,EUR,21,Supapa admisie
00450514,14711-KKA7-900,14711-KKA7-900 VALVE INLET,Pe comanda,Marfuri gestiune 1 firma,0,BUC,6.5,7.74,,EUR,21,Supapa admisie
00451641,14711-KKC2-800,14711-KKC2-800 VALVE INLET,Pe comanda,Marfuri gestiune 1 firma,0,BUC,57.8512,70,,EUR,21,Supapa admisie
00445478,14711-KUDU-900,14711-KUDU-900 VALVE INLET,Marfuri,Marfuri gestiune 1 firma,2,BUC,61.9835,75,,EUR,21,Supapa admisie
00450898,14711-KUDU-C0B,14711-KUDU-C0B VALVE INLET,Marfuri,Marfuri gestiune 1 firma,0,BUC,5.93,7.06,,EUR,21,Supapa admisie
00447142,14711-LBA2-E00,14711-LBA2-E00 VALVE INLETB,Pe comanda,Marfuri gestiune 1 firma,3,BUC,0,0,,EUR,21,Supapa admisie
00449645,14711-LBC9-900,14711-LBC9-900 VALVE INLET,Pe comanda,Marfuri gestiune 1 firma,0,BUC,0,0,,EUR,21,Supapa admisie
00449307,14711-LCE6-E80,14711-LCE6-E80 VALVE INLET,Pe comanda,Marfuri gestiune 1 firma,0,BUC,0,0,,EUR,21,Supapa admisie
00445265,14711-LDB2-E00,14711-LDB2-E00 VALVE INLET,Pe comanda,Marfuri gestiune 1 firma,1,BUC,0,0,,EUR,21,
00447917,14711-LDE2-900,14711-LDE2-900 EINLASSVENTIL,Pe comanda,Marfuri gestiune 1 firma,0,BUC,0,0,,EUR,21,Supapa admisie
00446659,14711-LDF2-900,14711-LDF2-900 VALVE INLET,Marfuri,Marfuri gestiune 1 firma,1,BUC,0,0,,EUR,21,Supapa admisie
00447039,14711-LDG7-900,14711-LDG7-900 VALVE INLET,Marfuri,Marfuri gestiune 1 firma,7,BUC,70.2479,85,,EUR,21,Supapa admisie
00449824,14711-LDG7-900-FS5,14711-LDG7-900-FS5 INTAKE VALVE,Pe comanda,Marfuri gestiune 1 firma,2,BUC,0,0,,EUR,21,Supapa admisie
00449632,14711-LEA7-E00,14711-LEA7-E00 VALVE INLET,Pe comanda,Marfuri gestiune 1 firma,0,BUC,0,0,,EUR,21,Supapa admisie
00447829,14711-LEC8-E00,14711-LEC8-E00 VALVE INLET,Pe comanda,Marfuri gestiune 1 firma,0,BUC,0,0,,EUR,21,Supapa admisie
00450565,14711-LFA7-E00,14711-LFA7-E00 VALVE INLET,Pe comanda,Marfuri gestiune 1 firma,0,BUC,6.12,7.28,,EUR,21,Supapa admisie
00448862,14711-PTA1-900,14711-PTA1-900 MV8021 EINLASSVENTIL,Pe comanda,Marfuri gestiune 1 firma,0,BUC,0,0,,EUR,21,Supapa admisie
00449938,14711-PTA1-900,14711-PTA1-900 VALVE INLET,Marfuri,Marfuri gestiune 1 firma,4,BUC,70.2479,85,,EUR,21,Supapa admisie
00449208,14711-PWB1-900,14711-PWB1-900 VALVE INTAKE,Pe comanda,Marfuri gestiune 1 firma,6,BUC,0,0,,EUR,21,Supapa admisie
00445992,14721-4G37-001,14721-4G37-001 VALVE EXHAUST,Pe comanda,Marfuri gestiune 1 firma,5,BUC,111.5702,135,,EUR,21,Supapa evacuare
00449840,14721-4G37-001-FS9,14721-4G37-001-FS9 VALVE EXHAUST,Pe comanda,Marfuri gestiune 1 firma,1,BUC,0,0,,EUR,21,Supapa evacuare
00451642,14721-BLB3-900,14721-BLB3-900 VALVE EXHAUST,Pe comanda,Marfuri gestiune 1 firma,0,BUC,86.7769,105,,EUR,21,Supapa evacuare
00448477,14721-GFY6-901,14721-GFY6-901 VALVE EXHAUST,Pe comanda,Marfuri gestiune 1 firma,0,BUC,0,0,,EUR,21,Supapa evacuare
00445383,14721-KAAA-900,14721-KAAA-900 VALVE EXHAUST,Marfuri,Marfuri gestiune 1 firma,1,BUC,103.3058,125,,EUR,21,Supapa evacuare
00449666,14721-KFB7-900,14721-KFB7-900 VALVE EXHAUST,Pe comanda,Marfuri gestiune 1 firma,0,BUC,0,0,,EUR,21,Supapa evacuare
00451378,14721-KGBG-900,14721-KGBG-900 VALVE EXHAUST,Marfuri,Marfuri gestiune 1 firma,0,BUC,12.25,13.72,,EUR,21,Supapa evacuare
00445993,14721-KGBG-C00,14721-KGBG-C00 VALVE EXHAUST,Pe comanda,Marfuri gestiune 1 firma,1,BUC,0,0,,EUR,21,Supapa evacuare
00451044,14721-KGBG-C0A,14721-KGBG-C0A VALVE EXHAUST,Pe comanda,Marfuri gestiune 1 firma,4,BUC,70.2479,85,,EUR,21,Supapa evacuare
00451045,14721-KGBG-C0B,14721-KGBG-C0B VALVE EXHAUST,Pe comanda,Marfuri gestiune 1 firma,7,BUC,70.2479,85,,EUR,21,Supapa evacuare
00445328,14721-KHE7-900,14721-KHE7-900 VALVE EXHAUST,Marfuri,Marfuri gestiune 1 firma,2,BUC,103.3058,125,,EUR,21,Supapa evacuare
00447830,14721-KKA7-900,14721-KKA7-900 VALVE EXHAUST,Pe comanda,Marfuri gestiune 1 firma,0,BUC,0,0,,EUR,21,Supapa evacuare
00445630,14721-KUDU-900,14721-KUDU-900 VALVE EXHAUST,Marfuri,Marfuri gestiune 1 firma,2,BUC,61.9835,75,,EUR,21,Supapa evacuare
00446485,14721-LBA2-E00,14721-LBA2-E00 VALVE EXAUST,Marfuri,Marfuri gestiune 1 firma,4,BUC,105.7851,128,,EUR,21,Supapa evacuare
00449814,14721-LBA2-E00-FS2,14721-LBA2-E00-FS2 EXHAUST VALVE,Pe comanda,Marfuri gestiune 1 firma,2,BUC,0,0,,EUR,21,Supapa evacuare
00449821,14721-LBA2-E00-FS5,14721-LBA2-E00-FS5 EXHAUST VALVE,Pe comanda,Marfuri gestiune 1 firma,0,BUC,0,0,,EUR,21,Supapa evacuare
00449801,14721-LBA2-E00-MA3042,14721-LBA2-E00-MA3042 SUPAPA EVACUARE,Pe comanda,Marfuri gestiune 1 firma,0,BUC,0,0,,EUR,21,
00449646,14721-LBC9-900,14721-LBC9-900 VALVE EXHAUST,Pe comanda,Marfuri gestiune 1 firma,0,BUC,0,0,,EUR,21,Supapa evacuare
00449308,14721-LCE6-E80,14721-LCE6-E80 VALVE EXHAUST,Pe comanda,Marfuri gestiune 1 firma,0,BUC,0,0,,EUR,21,Supapa evacuare
00445266,14721-LDB2-E00,14721-LDB2-E00 VALVE EXHAUST,Marfuri,Marfuri gestiune 1 firma,1,BUC,103.3058,125,,EUR,21,Supapa evacuare
00448285,14721-LDB2-E00,14721-LDB2-E00 MA4512 OUTLET VALVE,Pe comanda,Marfuri gestiune 1 firma,0,BUC,0,0,,EUR,21,
00449633,14721-LEA7-E00,14721-LEA7-E00 VALVE EXHAUST,Pe comanda,Marfuri gestiune 1 firma,0,BUC,0,0,,EUR,21,Supapa evacuare
00450566,14721-LFA7-E00,14721-LFA7-E00 VALVE EXHAUST,Pe comanda,Marfuri gestiune 1 firma,0,BUC,12.62,15.02,,EUR,21,Supapa evacuare
00449356,14721-PTA1-900,14721-PTA1-900 VALVE EXHAUST,Marfuri,Marfuri gestiune 1 firma,4,BUC,136.3636,165,,EUR,21,Supapa evacuare
00449209,14721-PWB1-900,14721-PWB1-900 VALVE EXHAUST,Pe comanda,Marfuri gestiune 1 firma,8,BUC,0,0,,EUR,21,Supapa evacuare
00450384,14751-GEN5-C00,14751-GEN5-C00 SPRING VALVE OUTER,Pe comanda,Marfuri gestiune 1 firma,2,BUC,1.04,1.24,,EUR,21,Arc exterior supapa
00451041,14751-KGBG-C00,14751-KGBG-C00 VALVE OUTER,Pe comanda,Marfuri gestiune 1 firma,0,BUC,1.47,1.75,,EUR,21,Arc exterior supapa
00447189,14751-KHE7-900,14751-KHE7-900 SPG VALVE OUTER,Pe comanda,Marfuri gestiune 1 firma,0,BUC,0,0,,EUR,21,
00450895,14751-KKJ9-003,14751-KKJ9-003 SPRING OUTER,Pe comanda,Marfuri gestiune 1 firma,0,BUC,2.29,2.73,,EUR,21,Arc exterior supapa
00450549,14751-LBA2-E00,14751-LBA2-E00 SPG VALVE OUTER,Pe comanda,Marfuri gestiune 1 firma,0,BUC,1.9875,2.37,,EUR,21,Arc exterior supapa
00448479,14751-LLB1-900,14751-LLB1-900 SPG VALVE OUTER,Pe comanda,Marfuri gestiune 1 firma,3,BUC,0,0,,EUR,21,
00449932,14751-LLB1-900,14751-LLB1-900 MV4716 VALVE SPRING OUTSIDE,Pe comanda,Marfuri gestiune 1 firma,1,BUC,0,0,,EUR,21,
00449845,14751-PTA1-900,14751-PTA1-900 SPG VALVE,marfuri,Marfuri gestiune 1 firma,4,BUC,2.055,2.45,,EUR,21,
00450385,14761-KGBG-C00,14761-KGBG-C00 SPRING VALVE INNER,Pe comanda,Marfuri gestiune 1 firma,2,BUC,1.24,1.48,,EUR,21,Arc interior supapa
00447190,14761-KHE7-900,14761-KHE7-900 SPG VALVE INNER,Pe comanda,Marfuri gestiune 1 firma,2,BUC,0,0,,EUR,21,
00450914,14761-KKJ9-003,14761-KKJ9-003 SPRING VALVE INNER,Pe comanda,Marfuri gestiune 1 firma,0,BUC,0.99,1.18,,EUR,21,Arc interior supapa
00450894,14761-KKJ9-C00,14761-KKJ9-C00 SPRING INNER,Pe comanda,Marfuri gestiune 1 firma,0,BUC,0.95,1.13,,EUR,21,Arc interior supapa
00448940,14761-LDG7-900,14761-LDG7-900 SPG VALVE INNER,Pe comanda,Marfuri gestiune 1 firma,0,BUC,0,0,,EUR,21,Arc interior supapa
00448475,14761-LLB1-900,14761-LLB1-900 SPG VALVE INNER,Pe comanda,Marfuri gestiune 1 firma,0,BUC,0,0,,EUR,21,
00449928,14761-LLB1-900-MV4717,14761-LLB1-900-MV4717 VALVE SPRING INNEN,Pe comanda,Marfuri gestiune 1 firma,2,BUC,0,0,,EUR,21,
00449891,14771-1G07-021,14771-1G07-021 RETAINER VLV SPG,Pe comanda,Marfuri gestiune 1 firma,0,BUC,1.77,2.11,,EUR,21,ARC SUPAPA
00447191,14771-GDB4-680,14771-GDB4-680 RETAINER VALVE SPRING,Pe comanda,Marfuri gestiune 1 firma,0,BUC,0,0,,EUR,21,
00451046,14771-GDB4-C00,14771-GDB4-C00 RETAINER VALVE SPG,Pe comanda,Marfuri gestiune 1 firma,0,BUC,1.41,1.68,,EUR,21,Saiba arc supapa
00450572,14771-KED9-900,14771-KED9-900 RETAINER VALVE SPRING,Pe comanda,Marfuri gestiune 1 firma,0,BUC,33.613445,39.99,,EUR,21,
00451305,14771-PWB1-900,14771-PWB1-900 RETAINER UPPER SPRING,Pe comanda,Marfuri gestiune 1 firma,0,BUC,2.56,3.1,,EUR,21,Flansa arc supapa
00449925,14775-1G07-001,14775-1G07-001 SEAT VALVE SPRING OUTER,Pe comanda,Marfuri gestiune 1 firma,0,BUC,0,0,,EUR,21,
00447192,14775-MFA6-001,14775-MFA6-001 SEAT VALVE SPG OUTER,Pe comanda,Marfuri gestiune 1 firma,0,BUC,0,0,,EUR,21,Scaun supapa
00451313,14775-MFA6-C00,14775-MFA6-C00 SEAT VALVE SPG OUTER,Pe comanda,Marfuri gestiune 1 firma,0,BUC,0.88,1.06,,EUR,21,Scaun arc exterior supapa
00449892,14776-1G07-011,14776-1G07-011 SEAT VALVE SPRING INNER,Pe comanda,Marfuri gestiune 1 firma,0,BUC,0.735,0.87,,EUR,21,SCAUN SUPAPA
00450550,14777-LBA2-E00,14777-LBA2-E00 SEAT VALVE SPG,Pe comanda,Marfuri gestiune 1 firma,0,BUC,1.3575,1.62,,EUR,21,Scaun arc supapa
00448482,14781-1G07-021,14781-1G07-021 COTTER VALVE,Pe comanda,Marfuri gestiune 1 firma,0,BUC,0,0,,EUR,21,Siguranta supapa
00447193,14781-MFA6-001,14781-MFA6-001 COTTER VALVE,Pe comanda,Marfuri gestiune 1 firma,13,BUC,0,0,,EUR,21,Siguranta supapa
00450131,14781-MFA6-C00,14781-MFA6-C00 COTTER VALVE,Pe comanda,Marfuri gestiune 1 firma,0,BUC,0.645,0.77,,EUR,21,Siguranta supapa
00447220,15000-PWB1-900,15000-PWB1-900 (MV7057) OLPUMPE,Pe comanda,Marfuri gestiune 1 firma,0,BUC,0,0,,EUR,21,
00446641,15100-KEB7-E00,15100-KEB7-E00 PUMP OIL ASSY,Pe comanda,Marfuri gestiune 1 firma,0,BUC,338.0165,409,,EUR,21,Pompa de ulei
00448062,15100-KEBE-900,15100-KEBE-900 OIL PUMP ASSY,Pe comanda,Marfuri gestiune 1 firma,0,BUC,0,0,,EUR,21,Pompa de ulei
00446521,15100-KFA1-900,15100-KFA1-900 PUMP OIL ASSY,Pe comanda,Marfuri gestiune 1 firma,1,BUC,0,0,,EUR,21,Pompa de ulei
00447586,15100-KFB7-900,15100-KFB7-900 PUMP OIL ASSY,Pe comanda,Marfuri gestiune 1 firma,0,BUC,0,0,,EUR,21,Pompa de ulei
00451154,15100-KFB7-C00,15100-KFB7-C00 OIL PUMP,Pe comanda,Marfuri gestiune 1 firma,0,BUC,10.24,12.19,,EUR,21,Pompa ulei
00448337,15100-KGC4-E00,15100-KGC4-E00 OIL PUMP ASSY,Pe comanda,Marfuri gestiune 1 firma,0,BUC,0,0,,EUR,21,Pompa de ulei
00447342,15100-KKC3-900,15100-KKC3-900 PUMP OIL ASSY,Pe comanda,Marfuri gestiune 1 firma,0,BUC,0,0,,EUR,21,Pompa de ulei
00450750,15100-KKC3-C00,15100-KKC3-C00 PUMP ASSY OIL,Pe comanda,Marfuri gestiune 1 firma,0,BUC,8.8,10.47,,EUR,21,Pompa de ulei
00450136,15100-KUDU-W10,15100-KUDU-W10 OIL PUMP,Pe comanda,Marfuri gestiune 1 firma,0,BUC,8.32,9.9,,EUR,21,Pompa de ulei
00446478,15100-LBA7-900,15100-LBA7-900 PUMP OIL ASSY,Pe comanda,Marfuri gestiune 1 firma,1,BUC,0,0,,EUR,21,Pompa de ulei
00448456,15100-LDB5-E00,15100-LDB5-E00 PUMP ASSY OIL,Marfuri,Marfuri gestiune 1 firma,2,BUC,158.6777,192,,EUR,21,Pompa de ulei
00448668,15100-LDC3-C00,15100-LDC3-C00 PUMP ASSY OIL,Pe comanda,Marfuri gestiune 1 firma,0,BUC,0,0,,EUR,21,Pompa de ulei
00450175,15100-LDC5-C00,15100-LDC5-C00 PUMP ASSY OIL,Marfuri,Marfuri gestiune 1 firma,0,BUC,8.14,9.69,,EUR,21,Pompa de ulei
00448455,15100-LDG7-E01,15100-LDG7-E01 PUMP ASSY OIL,Pe comanda,Marfuri gestiune 1 firma,0,BUC,0,0,,EUR,21,Pompa de ulei
00449469,15100-LEA7-E00,15100-LEA7-E00 PUMP ASSY OIL,Pe comanda,Marfuri gestiune 1 firma,0,BUC,0,0,,EUR,21,Pompa de ulei
00448436,15100-LLB1-900,15100-LLB1-900 PUMP ASSY OIL,Pe comanda,Marfuri gestiune 1 firma,1,BUC,0,0,,EUR,21,Pompa de ulei
00447271,15100-PWB1-900,15100-PWB1-900 PUMP ASSY OIL,Marfuri,Marfuri gestiune 1 firma,2,BUC,147.1074,178,,EUR,21,Pompa de ulei
00448473,15119-KGC4-E00,15119-KGC4-E00 OIL PUMP BODY GASKET,Pe comanda,Marfuri gestiune 1 firma,0,BUC,0,0,,EUR,21,
00449937,15131-LLB1-900,15131-LLB1-900 SPROCKET OIL PUMP DRIVE,Pe comanda,Marfuri gestiune 1 firma,1,BUC,0,0,,EUR,21,
00445329,15131-PWB1-900,15131-PWB1-900 SPROCKET OIL PUMP DRIVEN,Pe comanda,Marfuri gestiune 1 firma,0,BUC,0,0,,EUR,21,
00451545,15133-BLB3-E00,15133-BLB3-E00 GEAR OIL PUMP DRIVEN,Pe comanda,Marfuri gestiune 1 firma,0,BUC,24.7934,30,,EUR,21,Pinion pompa ulei
00447194,15133-KAM1-001,15133-KAM1-001 SPRKT OIL PUMP DRIVE,Pe comanda,Marfuri gestiune 1 firma,2,BUC,0,0,,EUR,21,
00451546,15133-KGBG-900,15133-KGBG-900 GEAR OIL PUMP DRIVEN,Pe comanda,Marfuri gestiune 1 firma,0,BUC,32.2314,39,,EUR,21,Pinion pompa ulei
00447920,15133-LBA2-E00,15133-LBA2-E00 SPRKT OIL PUMP DRIVEN,Pe comanda,Marfuri gestiune 1 firma,0,BUC,0,0,,EUR,21,
00450195,15133-LDC5-C00,15133-LDC5-C00 SPRKT OIL PUMP DRIVEN,Pe comanda,Marfuri gestiune 1 firma,0,BUC,2.32,2.76,,EUR,21,Pinion pompa ulei
00449470,15133-LGF9-E00,15133-LGF9-E00 SPRKT OIL PUMP DRIVEN,Pe comanda,Marfuri gestiune 1 firma,0,BUC,35.5372,43,,EUR,21,Pinion pompa ulei
00448882,15133-PWB1-900,15133-PWB1-900 SPROCKET OIL PUMP DRIVEN,Pe comanda,Marfuri gestiune 1 firma,0,BUC,80.1653,97,,EUR,21,Pinion pompa ulei
00450702,15134-KHE7-900,15134-KHE7-900 GEAR OIL PUMP DRIVE,Pe comanda,Marfuri gestiune 1 firma,0,BUC,12.96,15.42,,EUR,21,Pinion pompa ulei
00447343,15141-GFY6-90B,15141-GFY6-90B CHAIN OIL PUMP,Pe comanda,Marfuri gestiune 1 firma,0,BUC,0,0,,EUR,21,Lant pompa ulei
00450130,15141-GFY6-C00,15141-GFY6-C00 CHAIN OIL PUMP,Pe comanda,Marfuri gestiune 1 firma,0,BUC,7.31,8.7,,EUR,21,Lant pompa ulei
00445950,15141-KEC2-900,15141-KEC2-900 CHAIN OIL PUMP,Pe comanda,Marfuri gestiune 1 firma,1,BUC,0,0,,EUR,21,Lant pompa ulei
00447195,15141-KKJ9-004,15141-KKJ9-004 CHAIN OIL PUMP DRIVE,Pe comanda,Marfuri gestiune 1 firma,0,BUC,0,0,,EUR,21,Lant pompa ulei
00450268,15141-KKJ9-C00,15141-KKJ9-C00 CHAIN OIL PUMP,Marfuri,Marfuri gestiune 1 firma,1,BUC,40.4959,49,,EUR,21,Lant pompa de ulei
00446660,15141-LBA2-E00,15141-LBA2-E00 CHAIN OIL PUMP,Pe comanda,Marfuri gestiune 1 firma,2,BUC,0,0,,EUR,21,Lant pompa ulei
00447547,15141-LDB5-E00,15141-LDB5-E00 CHAIN OIL PUMP,Pe comanda,Marfuri gestiune 1 firma,0,BUC,80.9917,98,,EUR,21,Lant pompa ulei
00451134,15141-LEA7-E00,15141-LEA7-E00 CHAIN OIL PUMP,Pe comanda,Marfuri gestiune 1 firma,0,BUC,7.78,9.26,,EUR,21,Lant pompa de ulei
00449471,15141-LGF9-E00,15141-LGF9-E00 CHAIN OIL PUMP,Pe comanda,Marfuri gestiune 1 firma,0,BUC,57.0248,69,,EUR,21,Lant pompa ulei
00446113,1514A-LEH6-E00,1514A-LEH6-E00 ELEMENT COMP OIL FILTER,Pe comanda,Marfuri gestiune 1 firma,4,BUC,0,0,,EUR,21,
00447451,15161-PUA5-E00,15161-PUA5-E00 PLUG SCREW SECTION FILTER,Pe comanda,Marfuri gestiune 1 firma,0,BUC,39.6694,48,,EUR,21,Surub
00450675,15200-KED9-900,15200-KED9-900 OIL RELIEF VALVE ASSY,Pe comanda,Marfuri gestiune 1 firma,0,BUC,12.31,14.65,,EUR,21,Supapa ulei
00451671,15411-KED9-900,15411-KED9-900 CAP OIL FILTER,Pe comanda,Marfuri gestiune 1 firma,0,BUC,57.0248,69,,EUR,21,Cap filtru ulei
00451672,15414-KED9-900,15414-KED9-900 SEAT OIL FILTER SPG,Pe comanda,Marfuri gestiune 1 firma,0,BUC,18.1818,22,,EUR,21,Scaun arc filtru
00445582,1541A-KED9-90A,1541A-KED9-90A ELEMENT COMP AIR,Pe comanda,Marfuri gestiune 1 firma,6,BUC,0,0,,EUR,21,Filtru ulei
00449843,1541A-KED9-90B,1541A-KED9-90B ELEMENT COMP AIR,Pe comanda,Marfuri gestiune 1 firma,0,BUC,3.2,3.2,,EUR,21,Filtru ulei
00446738,1541A-KKC3-900,1541A-KKC3-900 ELEMENT ASSY OIL FILTER,Marfuri,Marfuri gestiune 1 firma,2,BUC,28.9256,35,,EUR,21,Filtru ulei
00445824,1541A-LBA2-E00,1541A-LBA2-E00 ELEMENT COMP OIL FILTER,Marfuri,Marfuri gestiune 1 firma,5,BUC,70.2479,85,,EUR,21,Filtru ulei
00445511,1541A-LEA7-E00,1541A-LEA7-E00 ELEMENT ASSY OIL FILTER,Marfuri,Marfuri gestiune 1 firma,2,BUC,37.1901,45,,EUR,21,Filtru ulei
00446853,1541A-LEH6-E00,1541A-LEH6-E00 ELEMENT COMP OIL FILTER,Pe comanda,Marfuri gestiune 1 firma,6,BUC,33.0579,40,,EUR,21,Filtru ulei
00446810,1541A-PWB1-900,1541A-PWB1-900 ELEMENT COMP OIL FILTER,Pe comanda,Marfuri gestiune 1 firma,6,BUC,0,0,,EUR,21,Filtru ulei
00445479,15421-1G07-001,15421-1G07-001 SCREEN OIL FILTER,Marfuri,Marfuri gestiune 1 firma,0,BUC,20.6612,25,,EUR,21,Sita ulei
00449309,15421-1G07-C00,15421-1G07-C00 SCREEN OIL FILTER,Marfuri,Marfuri gestiune 1 firma,5,BUC,20.6612,25,,EUR,21,Sita ulei
00450448,15421-1G07-W10,15421-1G07-W10 SCREEN OIL FILTER,Pe comanda,Marfuri gestiune 1 firma,0,BUC,1.32,1.57,,EUR,21,Sita filtru ulei
00448172,15421-LEA7-E00,15421-LEA7-E00 SCREEN OIL FILTER,Pe comanda,Marfuri gestiune 1 firma,1,BUC,0,0,,EUR,21,
00451518,15421-YZA6-E00,15421-YZA6-E00 OIL FILTER ASSY,Pe comanda,Marfuri gestiune 1 firma,1,BUC,12.3967,15,,EUR,21,Sita ulei
00451663,15422-KKC3-900,15422-KKC3-900 O RING 53.65*2.62,Pe comanda,Marfuri gestiune 1 firma,0,BUC,16.5289,20,,EUR,21,O-ring
00451664,15423-KKC3-900,15423-KKC3-900 SPRING CAP OIL,Pe comanda,Marfuri gestiune 1 firma,0,BUC,18.1818,22,,EUR,21,Arc
00446739,15426-GAE1-921,15426-GAE1-921 SPG OIL FILTER SCREEN,Marfuri,Marfuri gestiune 1 firma,2,BUC,0,0,,EUR,21,Arc sita ulei
00449688,15426-GAE1-C00,15426-GAE1-C00 SPG OIL FILTER SCREEN,Pe comanda,Marfuri gestiune 1 firma,0,BUC,0,0,,EUR,21,Arc sita ulei
00451665,15426-YZA6-E00,15426-YZA6-E00 SCREEN OIL FILTER,Pe comanda,Marfuri gestiune 1 firma,0,BUC,8.2645,10,,EUR,21,Arc filtru ulei
00447221,15436-PWB1-900,15436-PWB1-900 (MV7065) DECKEL,Pe comanda,Marfuri gestiune 1 firma,0,BUC,0,0,,EUR,21,
00448478,15439-KGC4-980,15439-KGC4-980 GASKET ROTOR OIL FILTER,Pe comanda,Marfuri gestiune 1 firma,0,BUC,0,0,,EUR,21,
00448167,15439-PWB1-900,15439-PWB1-900 GASKET MOLDED OIL STRAINER CAP,Pe comanda,Marfuri gestiune 1 firma,0,BUC,0,0,,EUR,21,
00449182,15441-1K49-001,15441-1K49-001 OIL TROUGH,Pe comanda,Marfuri gestiune 1 firma,0,BUC,0,0,,EUR,21,Surub ungere
00446290,15447-1K49-001,15447-1K49-001 SPG OIL THTOUGH,Pe comanda,Marfuri gestiune 1 firma,0,BUC,0,0,,EUR,21,Arc surub ungere
00450600,15447-1K49-C00,15447-1K49-C00 SPG OIL THROUGH,Pe comanda,Marfuri gestiune 1 firma,3,BUC,0.54,0.64,,EUR,21,Arc
00446522,1552A-KNBN-950,1552A-KNBN-950 TYBE ASSY OIL PASS,Pe comanda,Marfuri gestiune 1 firma,2,BUC,0,0,,EUR,21,
00448387,15651-KUDU-W10,15651-KUDU-W10 GAUGE OIL LEVEL,Pe comanda,Marfuri gestiune 1 firma,0,BUC,14.876,18,,EUR,21,Joja
00451013,15651-LDC8-C10,15651-LDC8-C10 GAUGE OIL LEVEL,Pe comanda,Marfuri gestiune 1 firma,0,BUC,0.94,1.12,,EUR,21,Joja ulei
00449626,1565A-GFY6-900,1565A-GFY6-900 GAUGE ASSY OIL LEVEL,Pe comanda,Marfuri gestiune 1 firma,0,BUC,0,0,,EUR,21,Joja ulei
00448295,1565A-KEBE-900,1565A-KEBE-900 GUAGE ASSY OIL LEVEL,Pe comanda,Marfuri gestiune 1 firma,0,BUC,0,0,,EUR,21,
00446254,1565A-KKAK-900,1565A-KKAK-900 GAUGE OIL LEVEL,Pe comanda,Marfuri gestiune 1 firma,1,BUC,0,0,,EUR,21,
00447584,1565A-KUDU-900,1565A-KUDU-900 GAUGE OIL LEVEL ASSY,Pe comanda,Marfuri gestiune 1 firma,0,BUC,0,0,,EUR,21,
00447710,1565A-KUDU-W10,1565A-KUDU-W10 GAUGE OIL LEVEL ASSY,Pe comanda,Marfuri gestiune 1 firma,0,BUC,0,0,,EUR,21,
00450608,1565A-LBA2-E00,1565A-LBA2-E00 GAUGE OIL LEVEL ASSY,Pe comanda,Marfuri gestiune 1 firma,0,BUC,2.24,2.67,,EUR,21,Joja ulei
00450132,1565A-LGF9-E00,1565A-LGF9-E00 GAUGE OIL LEVEL ASSY,Pe comanda,Marfuri gestiune 1 firma,0,BUC,0.825,0.98,,EUR,21,Joja ulei
00448168,1565A-PWB1-900,1565A-PWB1-900 GAUGE ASSY OIL LEVEL,Pe comanda,Marfuri gestiune 1 firma,0,BUC,0,0,,EUR,21,
00451249,15711-KHE7-900,15711-KHE7-900 SEPARATER OIL,Pe comanda,Marfuri gestiune 1 firma,0,BUC,1.36,1.62,,EUR,21,Separator ulei
00447095,15712-LBA2-E00,15712-LBA2-E00 ELEMENT OIL FILTER,Pe comanda,Marfuri gestiune 1 firma,0,BUC,0,0,,EUR,21,
00446311,1576A-LEC8-E00,1576A-LEC8-E00 TUBE ASSY,Pe comanda,Marfuri gestiune 1 firma,1,BUC,0,0,,EUR,21,
00446523,15772-5A51-001,15772-5A51-001 CLIP BREATHER TUBE,Pe comanda,Marfuri gestiune 1 firma,1,BUC,0,0,,EUR,21,
00449183,16012-KEC3-800,16012-KEC3-800 CHAMBER ASSY FLOAT,Pe comanda,Marfuri gestiune 1 firma,1,BUC,0,0,,EUR,21,
00449851,16012-KEC3-C00,16012-KEC3-C00 CHAMBER COMP FLOAT,Pe comanda,Marfuri gestiune 1 firma,1,BUC,6.52,7.76,,EUR,21,
00445743,16019-KGC5-900,16019-KGC5-900 VALVE ASSY PISTON,Pe comanda,Marfuri gestiune 1 firma,0,BUC,111.5702,135,,EUR,21,Membrana carburator
00445384,16019-KHE7-900,16019-KHE7-900 VALVE ASSY PISTON,Pe comanda,Marfuri gestiune 1 firma,1,BUC,0,0,,EUR,21,Membrana carburator
00447149,16019-KUDI-900,16019-KUDI-900 VALVE ASSY PISTON,Pe comanda,Marfuri gestiune 1 firma,0,BUC,0,0,,EUR,21,
00451567,16019-KUDU-900,16019-KUDU-900 VALVE ASSY PISTON,Pe comanda,Marfuri gestiune 1 firma,0,BUC,97.5207,118,,EUR,21,Membrana carburator
00449126,16019-KUDU-C00,16019-KUDU-C00 VALVE ASSY PISTON,Pe comanda,Marfuri gestiune 1 firma,0,BUC,0,0,,EUR,21,Membrana carburator
00446010,16019-LAB4-900,16019-LAB4-900 VALVE ASSY PISTON,Pe comanda,Marfuri gestiune 1 firma,0,BUC,0,0,,EUR,21,Membrana carburator
00450906,16019-LDB5-E00,16019-LDB5-E00 VALVE ASSY PISTON,Pe comanda,Marfuri gestiune 1 firma,0,BUC,20.73,24.67,,EUR,21,Mambrana carburator
00446969,16019-LEC8-E00,16019-LEC8-E00 VALVE ASSY PISTON,Pe comanda,Marfuri gestiune 1 firma,0,BUC,0,0,,EUR,21,Membrana carburator
00451174,16019-LEC8-E00-MA8351,16019-LEC8-E00-MA8351 VALVE ASSY PISTON,Pe comanda,Marfuri gestiune 1 firma,1,BUC,45.63,54.3,,EUR,21,Membrana carburator
00447421,1601K-LLB1-900,1601K-LLB1-900 CARBURATOR ASSY,Pe comanda,Marfuri gestiune 1 firma,1,BUC,0,0,,EUR,21,
00451475,16023-KGC5-900,16023-KGC5-900 DIAPHRAGM ASSY ACCP,Pe comanda,Marfuri gestiune 1 firma,0,BUC,4.1322,5,,EUR,21,Membrana
00447711,16023-KHE7-900,16023-KHE7-900 DIAPHRAGM ASSY,Pe comanda,Marfuri gestiune 1 firma,1,BUC,0,0,,EUR,21,
00448931,16035-KEC3-90A,16035-KEC3-90A UNIT BY ST,Pe comanda,Marfuri gestiune 1 firma,0,BUC,0,0,,EUR,21,
00446435,16035-KGC6-900,16035-KGC6-900 UNIT BT ST,Pe comanda,Marfuri gestiune 1 firma,1,BUC,0,0,,EUR,21,
00447096,16035-LDC8-E10,16035-LDC8-E10 UNIT BY-ST,Pe comanda,Marfuri gestiune 1 firma,1,BUC,0,0,,EUR,21,
00447523,16035-LEJ3-E10,16035-LEJ3-E10 UNIT BY-ST,Pe comanda,Marfuri gestiune 1 firma,1,BUC,0,0,,EUR,21,
00451001,1603A-LFC3-E10,1603A-LFC3-E10 UNIT BY-ST,Pe comanda,Marfuri gestiune 1 firma,0,BUC,19,22.61,,EUR,21,Soc electronic
00450980,16051-KEC3-90A,16051-KEC3-90A BODY FLOAT,Pe comanda,Marfuri gestiune 1 firma,0,BUC,4.88,5.81,,EUR,21,Plutitor
00451164,16059-LDB5-E00-N1R,16059-LDB5-E00-N1R COVER WIRE STAY,Pe comanda,Marfuri gestiune 1 firma,0,BUC,1.42,1.69,,EUR,21,Capac
00449055,16069-KHE7-900,16069-KHE7-900 COVER PISTON VALVE DIAPHRAGM,Pe comanda,Marfuri gestiune 1 firma,0,BUC,0,0,,EUR,21,
00446436,16070-KHE7-900,16070-KHE7-900 STOPPER BY-ST,Pe comanda,Marfuri gestiune 1 firma,1,BUC,0,0,,EUR,21,
00447485,16074-KEC3-900,16074-KEC3-900 WASHER IDLE ADJUST SCREW,Pe comanda,Marfuri gestiune 1 firma,0,BUC,0,0,,EUR,21,
00451568,16079-KEC3-900,16079-KEC3-900 NEEDLE ASSY JET,Pe comanda,Marfuri gestiune 1 firma,0,BUC,36.3636,44,,EUR,21,Cui dozaj carburator
00449051,16079-KGC5-900,16079-KGC5-900 NEEDLE ASSY JET,Pe comanda,Marfuri gestiune 1 firma,0,BUC,0,0,,EUR,21,
00450683,16079-KGC6-900,16079-KGC6-900 NEEDLE ASSY JET,Pe comanda,Marfuri gestiune 1 firma,0,BUC,4.52,5.38,,EUR,21,Ac carburator
00448245,16079-KHC4-900,16079-KHC4-900 NEEDLE ASSY JET,Pe comanda,Marfuri gestiune 1 firma,2,BUC,0,0,,EUR,21,
00451112,16087-LFE9-E00,16087-LFE9-E00 TUBE EMUSSION,Pe comanda,Marfuri gestiune 1 firma,0,BUC,3.1,3.69,,EUR,21,Jigler
00451113,16092-LDB5-E00,"16092-LDB5-E00 FILTER,JET MAIN",Pe comanda,Marfuri gestiune 1 firma,0,BUC,1.9,2.26,,EUR,21,Jigler
00450390,16093-KEC3-100,16093-KEC3-100 JET MAIN #100,Pe comanda,Marfuri gestiune 1 firma,0,BUC,2.08,2.48,,EUR,21,Jigler principal #100
00450437,16093-KEC3-900,16093-KEC3-900 JET MAIN,Pe comanda,Marfuri gestiune 1 firma,0,BUC,1.1,1.31,,EUR,21,Jigler principal
00450981,16095-KEC3-035,16095-KEC3-035 JET SLOW,Pe comanda,Marfuri gestiune 1 firma,0,BUC,6.44,7.66,,EUR,21,Jigler relanti
00451121,16095-KEC3-040-MA2798,16095-KEC3-040-MA2798 JET SLOW #40,Pe comanda,Marfuri gestiune 1 firma,0,BUC,11.91,14.17,,EUR,21,Jigler #40
00445728,16095-KEC3-900,16095-KEC3-900 JET SLOW,Pe comanda,Marfuri gestiune 1 firma,3,BUC,0,0,,EUR,21,
00450438,16095-KGC5-900,16095-KGC5-900 JET SLOW,Pe comanda,Marfuri gestiune 1 firma,0,BUC,5.18,6.16,,EUR,21,Jigler relanti
00450547,16100-ALC8-E62,16100-ALC8-E62 CARBURETOR,Pe comanda,Marfuri gestiune 1 firma,0,BUC,114.41,136.15,,EUR,21,Carburator
00449621,16100-LBD4-E00-E4R,16100-LBD4-E00-E4R FENDER FRONT,Pe comanda,Marfuri gestiune 1 firma,0,BUC,0,0,,EUR,21,
00447763,16100-LEJ2-E10,16100-LEJ2-E10 CARBURETOR ASSY,Pe comanda,Marfuri gestiune 1 firma,0,BUC,0,0,,EUR,21,
00450959,16100-LFC3-E11,16100-LFC3-E11 CARBURETOR ASSY,Pe comanda,Marfuri gestiune 1 firma,0,BUC,178.61,212.55,,EUR,21,Carburator
00449518,16100-LFE9-E00,16100-LFE9-E00 CARBURATOR ASSY,Pe comanda,Marfuri gestiune 1 firma,0,BUC,0,0,,EUR,21,
00451375,1610A-BLA8-E80,1610A-BLA8-E80 THROTTLE BODY ASSY,Pe comanda,Marfuri gestiune 1 firma,0,BUC,150,181.5,,EUR,21,Clapeta acceleratie cu ECU
00448969,1610A-LCE6-E90,1610A-LCE6-E90 CARBURETOR ASSY,Pe comanda,Marfuri gestiune 1 firma,0,BUC,0,0,,EUR,21,
00450453,1610K-KKD6-E71,1610K-KKD6-E71 CARBURETOR ASSY,Pe comanda,Marfuri gestiune 1 firma,0,BUC,204.75,204.75,,EUR,21,
00446312,1610K-LBA7-900,1610K-LBA7-900 CARBURETOR ASSY,Pe comanda,Marfuri gestiune 1 firma,1,BUC,1041.3223,1260,,EUR,21,Ambreaj original Kymco 250
00447982,1610K-LDB5-E01,1610K-LDB5-E01 CARBURATOR ASSY,Pe comanda,Marfuri gestiune 1 firma,0,BUC,0,0,,EUR,21,
00450165,1610K-LDC8-E12,1610K-LDC8-E12 CARBURETOR,Pe comanda,Marfuri gestiune 1 firma,1,BUC,101.39,101.39,,EUR,21,Carburator
00447999,1610K-LDE9-800,1610K-LDE9-800 CARBURATOR ASSY,Pe comanda,Marfuri gestiune 1 firma,0,BUC,0,0,,EUR,21,
00447040,1610K-LDE9-900,1610K-LDE9-900 CARBURATOR ASSY,Pe comanda,Marfuri gestiune 1 firma,0,BUC,0,0,,EUR,21,
00451554,1610K-LEC1-E00,1610K-LEC1-E00 CARBURETOR ASSY,Pe comanda,Marfuri gestiune 1 firma,0,BUC,1115.7025,1350,,EUR,21,Carburator
00448338,1610K-LEF7-E00,1610K-LEF7-E00 CARBURETOR ASSY,Pe comanda,Marfuri gestiune 1 firma,0,BUC,0,0,,EUR,21,Carburator
00446208,1610K-LFA5-E00,1610K-LFA5-E00 VERGASER,Pe comanda,Marfuri gestiune 1 firma,1,BUC,0,0,,EUR,21,
00451244,1610K-LFA5-E00,1610K-LFA5-E00 CARBURRETOR-MV7485EUR,Pe comanda,Marfuri gestiune 1 firma,0,BUC,315.52,375.47,,EUR,21,Carburator
00445744,16111-KEC3-900,16111-KEC3-900 STOPPER JN SPRING,Pe comanda,Marfuri gestiune 1 firma,1,BUC,0,0,,EUR,21,
00450228,16116-KEC3-900,16116-KEC3-900 PACKING FLOAT CHAMBER,Pe comanda,Marfuri gestiune 1 firma,0,BUC,1.3867,1.65,,EUR,21,Garnitura camera plutitor
00446114,16116-KGC5-900,16116-KGC5-900 PACKING FLOAT CHAMBER,Pe comanda,Marfuri gestiune 1 firma,3,BUC,18.1818,22,,EUR,21,Garnitura plutitor carburator
00451011,16117-KEC3-900,16117-KEC3-900 PACKING BY-ST,Pe comanda,Marfuri gestiune 1 firma,0,BUC,0.38,0.45,,EUR,21,Garnitura
00447712,16120-KEC3-900,16120-KEC3-900 ORING ACCP,Pe comanda,Marfuri gestiune 1 firma,0,BUC,1.6529,2,,EUR,21,Oring
00447486,16122-KEC3-900,16122-KEC3-900 ORING IDLE SCREW,Pe comanda,Marfuri gestiune 1 firma,2,BUC,0,0,,EUR,21,
00449572,16124-KEC3-900,16124-KEC3-900 TUBE COMP 3.5*300,Pe comanda,Marfuri gestiune 1 firma,0,BUC,0,0,,EUR,21,
00449994,16131-KGC5-900,"16131-KGC5-900 SPG, PISTON VALVE RETURN",Pe comanda,Marfuri gestiune 1 firma,0,BUC,0.78,0.93,,EUR,21,Arc membrana carburator
00449778,16131-LDB5-E00,16131-LDB5-E00 MV6280 PRESURE SPRING,Pe comanda,Marfuri gestiune 1 firma,0,BUC,0,0,,EUR,21,
00445745,16132-KEC3-900,16132-KEC3-900 SPRING JET NIEEDLE,Pe comanda,Marfuri gestiune 1 firma,1,BUC,0,0,,EUR,21,
00445825,16132-KEC5-900,16132-KEC5-900 SPG JET NEEDLE,Pe comanda,Marfuri gestiune 1 firma,1,BUC,0,0,,EUR,21,
00447487,16138-KEC3-900,16138-KEC3-900 SPG IDLE SCREW,Pe comanda,Marfuri gestiune 1 firma,1,BUC,0,0,,EUR,21,
00450982,16140-KEC3-900,16140-KEC3-900 CLIP FLOAT VALVE,Pe comanda,Marfuri gestiune 1 firma,0,BUC,0.93,1.11,,EUR,21,Clip cui pontou
00451002,16142-KEC3-900,16142-KEC3-900 COVER ACV,Pe comanda,Marfuri gestiune 1 firma,0,BUC,16.5289,20,,EUR,21,Capac
00450391,16150-KEC3-900,16150-KEC3-900 SCREW COMPL DRAIN,Pe comanda,Marfuri gestiune 1 firma,0,BUC,2.24,2.67,,EUR,21,Surub drenaj
00448246,16154-KGC5-900,16154-KGC5-900 SCREW IDLE ADI,Pe comanda,Marfuri gestiune 1 firma,1,BUC,0,0,,EUR,21,
00447488,16154-KHE7-900,16154-KHE7-900 SCREW IDLE AJUST,Pe comanda,Marfuri gestiune 1 firma,0,BUC,0,0,,EUR,21,Surub reglaj carburator
00451014,16154-LDB5-E00,16154-LDB5-E00 SCREW IDLE ADJUS,Pe comanda,Marfuri gestiune 1 firma,0,BUC,3.88,4.62,,EUR,21,Surub reglaj
00449127,16165-KEC3-900,16165-KEC3-900 DIAPHRAGM COMP,Pe comanda,Marfuri gestiune 1 firma,0,BUC,0,0,,EUR,21,Diafragma vacuum
00451015,16165-KGC5-900,16165-KGC5-900 DIAPHRAGM COMP,Pe comanda,Marfuri gestiune 1 firma,0,BUC,2.44,2.9,,EUR,21,Membrana carburator
00449049,16183-KEC3-900,16183-KEC3-900 FLOAT VALVE ASSY,Pe comanda,Marfuri gestiune 1 firma,0,BUC,0,0,,EUR,21,Cui pontou
00451010,16183-LDB5-E00,16183-LDB5-E00 VALVE COMP FLOAT,Pe comanda,Marfuri gestiune 1 firma,0,BUC,16.39,19.5,,EUR,21,Cui pontou
00445826,1619A-GFY6-90A,1619A-GFY6-90A STRAINER ASSY FUEL,Pe comanda,Marfuri gestiune 1 firma,1,BUC,0,0,,EUR,21,
00447611,1619A-LEJ2-E10,1619A-LEJ2-E10 STRAINER ASSY FUEL,Pe comanda,Marfuri gestiune 1 firma,1,BUC,0,0,,EUR,21,
00445632,16201-GFY6-901,16201-GFY6-901 GASKET CARB INSULATOR,Pe comanda,Marfuri gestiune 1 firma,1,BUC,0,0,,EUR,21,
00451385,16201-GFY6-910,16201-GFY6-910 GASKET CARB INSULATOR@A,Pe comanda,Marfuri gestiune 1 firma,2,BUC,12.3967,15,,EUR,21,Garnitura carburator
00447097,16201-LBA2-E00,16201-LBA2-E00 GASKET CARB. INSULATOR,Pe comanda,Marfuri gestiune 1 firma,0,BUC,0,0,,EUR,21,
00451161,16201-LEA7-E00,16201-LEA7-E00 GASKET CARB INSULATOR,Pe comanda,Marfuri gestiune 1 firma,0,BUC,0.5,0.6,,EUR,21,Garnitura carburator
00451519,16201-YZA6-E00,16201-YZA6-E00 O-RING 27X1.8,Pe comanda,Marfuri gestiune 1 firma,1,BUC,9.9174,12,,EUR,21,O-ring
00450120,16210-KEC2-E00,16210-KEC2-E00 INSULATOR CARB,Pe comanda,Marfuri gestiune 1 firma,0,BUC,8.72,10.38,,EUR,21,Flansa carburator
00450891,16210-LEC8-E00-MA8034,16210-LEC8-E00-MA8034 PIPE COMP INLET,Pe comanda,Marfuri gestiune 1 firma,0,BUC,19.34,23.01,,EUR,21,Tub admisie
00451386,16211-GFY6-901,16211-GFY6-901 INSULATOR CARB,Pe comanda,Marfuri gestiune 1 firma,0,BUC,15.7025,19,,EUR,21,Garnitura carburator
00449310,16211-LCE6-E80,16211-LCE6-E80 INSULATOR CARB,Pe comanda,Marfuri gestiune 1 firma,0,BUC,0,0,,EUR,21,
00450745,16211-LDF2-900,16211-LDF2-900 INSULATOR CARB,Pe comanda,Marfuri gestiune 1 firma,0,BUC,0.73,0.87,,EUR,21,Garnitura carburator
00451520,16211-YZA6-E00,16211-YZA6-E00 GASKET,Pe comanda,Marfuri gestiune 1 firma,1,BUC,9.9174,12,,EUR,21,Garnitura
00448837,1621A-GKAK-901,1621A-GKAK-901 INSULATOR CARB ASSY,Pe comanda,Marfuri gestiune 1 firma,0,BUC,0,0,,EUR,21,
00447272,1621A-KGBG-C00,1621A-KGBG-C00 INSULATOR CARB,Pe comanda,Marfuri gestiune 1 firma,2,BUC,15.7025,19,,EUR,21,Flansa carb.
00447764,16410-KGBG-E00,16410-KGBG-E00 RUBBER COVER,Pe comanda,Marfuri gestiune 1 firma,2,BUC,0,0,,EUR,21,
00451345,16700-ALB8-930,16700-ALB8-930 MOTOR FUEL PUMP,Pe comanda,Marfuri gestiune 1 firma,0,BUC,30,36.3,,EUR,21,Pompa carburant
00446402,16700-GKAK-220,16700-GKAK-220 FUEL PUMP ASSY,Pe comanda,Marfuri gestiune 1 firma,1,BUC,0,0,,EUR,21,
00448686,16700-KHE2-900,16700-KHE2-900 FUEL PUMP ASSY,Pe comanda,Marfuri gestiune 1 firma,0,BUC,0,0,,EUR,21,
00448273,16700-KHE7-220,16700-KHE7-220 FUEL PUMO ASSY,Pe comanda,Marfuri gestiune 1 firma,0,BUC,428.9256,519,,EUR,21,Pompa carburant
00447181,16700-LEE8-E00,16700-LEE8-E00 PUMP FUEL,Pe comanda,Marfuri gestiune 1 firma,0,BUC,0,0,,EUR,21,
00447182,16702-LBA2-E00,16702-LBA2-E00 BAND FUEL,Pe comanda,Marfuri gestiune 1 firma,0,BUC,0,0,,EUR,21,
00448689,1670A-PTA1-800,1670A-PTA1-800 FUEL FILTER,Pe comanda,Marfuri gestiune 1 firma,1,BUC,0,0,,EUR,21,
00445267,1691A-GFY6-90A,1691A-GFY6-90A STRAINER ASS'Y FUEL,Marfuri,Marfuri gestiune 1 firma,5,BUC,32.2314,39,,EUR,21,Filtru benzina
00449129,1691A-GFY6-C00,1691A-GFY6-C00 STRANNER ASSY FUEL,Pe comanda,Marfuri gestiune 1 firma,2,BUC,0,0,,EUR,21,
00445268,1691A-KEC2-E00,1691A-KEC2-E00 STRAINER COMP FUEL ASSY,Marfuri,Marfuri gestiune 1 firma,2,BUC,37.1901,45,,EUR,21,Filtru carburant
00451557,1691A-KUDU-E10,1691A-KUDU-E10 COVER ASSY FAN,Pe comanda,Marfuri gestiune 1 firma,0,BUC,37.1901,45,,EUR,21,Capac Ventilator
00449128,1691A-LEJ2-E10,1691A-LEJ2-E10 STRANER ASSY FUEL,Pe comanda,Marfuri gestiune 1 firma,0,BUC,0,0,,EUR,21,Filtru benzina cu furtunase
00446947,16950-3G97-631,16950-3G97-631 - MX2801 COCK ASSY FUEL,Pe comanda,Marfuri gestiune 1 firma,0,BUC,0,0,,EUR,21,
00447469,16950-3G97-631,16950-3G97-631 COCK ASSY FUEL,Pe comanda,Marfuri gestiune 1 firma,0,BUC,0,0,,EUR,21,Robinet
00448780,16950-KEC2-80A,16950-KEC2-80A AUTO COCK MOVABLE,Pe comanda,Marfuri gestiune 1 firma,0,BUC,0,0,,EUR,21,Robinet vacuum
00445846,16950-KEC8-900,16950-KEC8-900 AUTO COCK ASSY,Pe comanda,Marfuri gestiune 1 firma,2,BUC,90.9091,110,,EUR,21,Robinet vacuum
00446600,16950-KHB4-900,16950-KHB4-900 AUTO COCK ASSY FUEL,Pe comanda,Marfuri gestiune 1 firma,1,BUC,0,0,,EUR,21,Robinet vacuum
00448035,16950-KKJ9-75A,16950-KKJ9-75A FUEL AUTO COCK ASSY,Pe comanda,Marfuri gestiune 1 firma,0,BUC,0,0,,EUR,21,Robinet
00446343,16950-KKJ9-C00,16950-KKJ9-C00 AUTO COCK ASSY FUEL,Pe comanda,Marfuri gestiune 1 firma,0,BUC,0,0,,EUR,21,Robinet vacuum
00446074,16950-LBA7-910,16950-LBA7-910 COCK FUEL,Marfuri,Marfuri gestiune 1 firma,1,BUC,104.9587,127,,EUR,21,Robinet carburant
00451377,16950-LDB5-610,16950-LDB5-610 COCK FUEL,Pe comanda,Marfuri gestiune 1 firma,0,BUC,16.91,20.46,,EUR,21,Robinet carburant
00446904,16950-LDB5-E01,16950-LDB5-E01 COCK FUEL,Pe comanda,Marfuri gestiune 1 firma,2,BUC,90.9091,110,,EUR,21,Robinet carburant
00447612,16950-LKL5-E30,16950-LKL5-E30 AUTO COOK ASSY FUEL,Pe comanda,Marfuri gestiune 1 firma,0,BUC,0,0,,EUR,21,
00448296,16950-LLB1-910,16950-LLB1-910 COCK FUEL,Pe comanda,Marfuri gestiune 1 firma,0,BUC,0,0,,EUR,21,
00448169,16950-PWB1-920,16950-PWB1-920 COCK FUEL,Pe comanda,Marfuri gestiune 1 firma,0,BUC,0,0,,EUR,21,
00445201,16951-LBA7-900,16951-LBA7-900 COVER FUEL COCK,Pe comanda,Marfuri gestiune 1 firma,1,BUC,0,0,,EUR,21,
00448946,16951-LDB5-E00-N1R,16951-LDB5-E00-N1R COVER FUEL COCK,Pe comanda,Marfuri gestiune 1 firma,1,BUC,0,0,,EUR,21,
00448895,16951-PWB1-900,16951-PWB1-900 KNOB FUEL TANK,Pe comanda,Marfuri gestiune 1 firma,0,BUC,0,0,,EUR,21,
00447868,1695A-KED9-900,1695A-KED9-900 AUTO COCK ASSY FUEL,Pe comanda,Marfuri gestiune 1 firma,0,BUC,0,0,,EUR,21,
00447789,17100-LBA2-E00,17100-LBA2-E00 PIPE COM INLET,Pe comanda,Marfuri gestiune 1 firma,0,BUC,0,0,,EUR,21,
00449381,17100-LLJ1-900,17100-LLJ1-900 PIPE COMP INLET,Pe comanda,Marfuri gestiune 1 firma,0,BUC,0,0,,EUR,21,
00448639,17104-LFA5-E00,17104-LFA5-E00 SOCKET INLET PIPE,Pe comanda,Marfuri gestiune 1 firma,0,BUC,0,0,,EUR,21,
00446854,17110-KEBE-900,17110-KEBE-900 SEAL CASE,Pe comanda,Marfuri gestiune 1 firma,0,BUC,0,0,,EUR,21,
00446855,17110-KEBE-900,17110-KEBE-900 PIPE COMP INLET,Pe comanda,Marfuri gestiune 1 firma,0,BUC,0,0,,EUR,21,
00449791,17110-KKC1-E00,17110-KKC1-E00 PIPE COMP INLET,Pe comanda,Marfuri gestiune 1 firma,0,BUC,0,0,,EUR,21,
00451477,17111-GLW0-980,17111-GLW0-980 GASKET INLET PIPE A,Pe comanda,Marfuri gestiune 1 firma,1,BUC,16.5289,20,,EUR,21,Garnitura muzicuta
00445875,17111-KEB7-900,17111-KEB7-900 GASKET INLET PIPE A,Pe comanda,Marfuri gestiune 1 firma,0,BUC,0,0,,EUR,21,
00447224,17111-KEB7-980,17111-KEB7-980 GASKET INLET,Pe comanda,Marfuri gestiune 1 firma,1,BUC,0,0,,EUR,21,
00449311,17111-LBA8-E90,17111-LBA8-E90 GASKET INLET PIPE,Pe comanda,Marfuri gestiune 1 firma,0,BUC,0,0,,EUR,21,
00447825,17111-LBD3-900,17111-LBD3-900 GASKET,Pe comanda,Marfuri gestiune 1 firma,2,BUC,0,0,,EUR,21,
00451478,17112-GLW0-980,17112-GLW0-980 INLET PIPE GASKET B,Pe comanda,Marfuri gestiune 1 firma,1,BUC,16.5289,20,,EUR,21,Garnitura B muzicuta
00445878,17112-KEB7-900,17112-KEB7-900 GASKET INLET PIPE B,Pe comanda,Marfuri gestiune 1 firma,0,BUC,0,0,,EUR,21,
00447809,17112-KEB7-980,17112-KEB7-980 GASKET INLET PIPE B,Pe comanda,Marfuri gestiune 1 firma,0,BUC,0,0,,EUR,21,
00450796,17112-KEB7-E90,17112-KEB7-E90 GASKET INLET PIPE B,Pe comanda,Marfuri gestiune 1 firma,0,BUC,1.4,1.67,,EUR,21,Garnitura muzicuta B
00447826,17112-LBD3-900,17112-LBD3-900 GASKET,Pe comanda,Marfuri gestiune 1 firma,2,BUC,0,0,,EUR,21,
00448316,17112-LBD9-900,17112-LBD9-900 GASKET INLET PIPE B,Pe comanda,Marfuri gestiune 1 firma,0,BUC,0,0,,EUR,21,
00447098,17113-LBA2-E00,17113-LBA2-E00 ORING INLET PIPE,Pe comanda,Marfuri gestiune 1 firma,0,BUC,18.1818,22,,EUR,21,O-ring gat admisie
00447273,1711A-KGBG-900,1711A-KGBG-900 PIPE COMP INLET,Pe comanda,Marfuri gestiune 1 firma,1,BUC,0,0,,EUR,21,Tub admisie
00447052,1711A-LBA7-E00,1711A-LBA7-E00 PIPE COMP INLET,Pe comanda,Marfuri gestiune 1 firma,0,BUC,0,0,,EUR,21,Tub admisie
00449076,1711A-LDB2-E00,1711A-LDB2-E00 PIPE COMP INLET,Pe comanda,Marfuri gestiune 1 firma,0,BUC,0,0,,EUR,21,Tub admisie
00446492,1711A-LDB5-E00,1711A-LDB5-E00 PIPE ASSY INLET,Pe comanda,Marfuri gestiune 1 firma,0,BUC,0,0,,EUR,21,Tub admisie
00449097,1711A-LDE9-E00,1711A-LDE9-E00 PIPE ASSY INLET,Pe comanda,Marfuri gestiune 1 firma,1,BUC,151.2397,183,,EUR,21,Tub admisie
00446313,1711A-LDF7-E10,1711A-LDF7-E10 PIPE COMP INLET,Pe comanda,Marfuri gestiune 1 firma,0,BUC,0,0,,EUR,21,Tub admisie
00447558,1711A-LEC1-E00,1711A-LEC1-E00 PIPE ASSY INLET,Pe comanda,Marfuri gestiune 1 firma,0,BUC,0,0,,EUR,21,Tub admisie
00446819,1711A-LEJ2-E10,1711A-LEJ2-E10 PIPE COMP INLET,Pe comanda,Marfuri gestiune 1 firma,0,BUC,0,0,,EUR,21,Tub admisie
00448459,1711A-LEJ2-E11,1711A-LEJ2-E11 PIPE COMP INLET,Pe comanda,Marfuri gestiune 1 firma,0,BUC,0,0,,EUR,21,Tub admisie
00451608,1711A-LEJ3-E10,1711A-LEJ3-E10 PIPE COMP INLET,Pe comanda,Marfuri gestiune 1 firma,0,BUC,118.1818,143,,EUR,21,Gat admisie
00445480,1711A-LFA5-E00,1711A-LFA5-E00 PIPE COMP INLET,Marfuri,Marfuri gestiune 1 firma,13,BUC,115.7025,140,,EUR,21,Tub admisie
00446884,1711A-LFE9-E00,1711A-LFE9-E00 PIPE ASSY INLET,Marfuri,Marfuri gestiune 1 firma,1,BUC,164.4628,199,,EUR,21,Tub admisie
00445385,1711A-LLB1-900,1711A-LLB1-900 PIPE COMP INLET,Pe comanda,Marfuri gestiune 1 firma,1,BUC,0,0,,EUR,21,Tub admisie
00446885,1711A-LLB1-EZ0,1711A-LLB1-EZ0 PIPE COMP INLET,Marfuri,Marfuri gestiune 1 firma,3,BUC,0,0,,EUR,21,Tub admisie
00448746,1712A-KHE7-900,1712A-KHE7-900 ELEMENT ASSY AIR,Pe comanda,Marfuri gestiune 1 firma,1,BUC,0,0,,EUR,21,
00446905,1712A-KKC3-900,1712A-KKC3-900 ELEMENT ASSY AIR/C,Pe comanda,Marfuri gestiune 1 firma,11,BUC,0,0,,EUR,21,
00447942,1712A-LBA7-900,1712A-LBA7-900 ELEMENT COMP AIR/C,Pe comanda,Marfuri gestiune 1 firma,0,BUC,0,0,,EUR,21,
00447833,1712A-LDB5-E00,1712A-LDB5-E00 ELEMENT AIRC/C,Pe comanda,Marfuri gestiune 1 firma,1,BUC,0,0,,EUR,21,
00447601,1712A-LEC8-E00,1712A-LEC8-E00 ELEMENT ASSY AIR/C,Pe comanda,Marfuri gestiune 1 firma,2,BUC,0,0,,EUR,21,
00451500,17200-AKC6-E10,17200-AKC6-E10 AIR / C ASSY,Pe comanda,Marfuri gestiune 1 firma,1,BUC,365.2893,442,,EUR,21,Carcasa filtru cu filtru
00450278,17200-LCD1-C00,17200-LCD1-C00 AIR/C ASSY,Pe comanda,Marfuri gestiune 1 firma,0,BUC,24.04,28.61,,EUR,21,Cutie filtru aer
00446358,17200-LDB5-E00,17200-LDB5-E00 AIR/C ASSY,Pe comanda,Marfuri gestiune 1 firma,1,BUC,0,0,,EUR,21,
00448150,17200-LDC8-E10,17200-LDC8-E10 AIR C ASSY,Pe comanda,Marfuri gestiune 1 firma,1,BUC,0,0,,EUR,21,
00451005,17200-LFC4-E10,17200-LFC4-E10 AIR CASE ASSY,Pe comanda,Marfuri gestiune 1 firma,0,BUC,35,41.65,,EUR,21,Ansamblu cutie filtru aer
00450640,17200-LFE9-E00,17200-LFE9-E00 AIR/C ASSY,Pe comanda,Marfuri gestiune 1 firma,0,BUC,77.53,92.26,,EUR,21,Cutie filtru aer
00445202,17205-GAR1-751,17205-GAR1-751 ELEMENT AIR/C,Pe comanda,Marfuri gestiune 1 firma,1,BUC,0,0,,EUR,21,Element filtru aer
00446437,17205-KEB7-900,17205-KEB7-900 ELEMNT AIR C,Pe comanda,Marfuri gestiune 1 firma,3,BUC,0,0,,EUR,21,Element filtru aer
00448081,17205-KFA6-900,17205-KFA6-900 ELEMNT AIR C,Pe comanda,Marfuri gestiune 1 firma,0,BUC,0,0,,EUR,21,Element filtru aer
00451609,17205-LGR3-E10,17205-LGR3-E10 ELEMENT AIR/C,Pe comanda,Marfuri gestiune 1 firma,0,BUC,45.4545,55,,EUR,21,Filtru aer
00450801,17205-LHM9-E10,17205-LHM9-E10 ELEMENT AIR/C,Pe comanda,Marfuri gestiune 1 firma,0,BUC,3.32,3.95,,EUR,21,Filtru de aer
00446438,17205-LLJ1-900,17205-LLJ1-900 ELEMENT AIR C,Pe comanda,Marfuri gestiune 1 firma,3,BUC,0,0,,EUR,21,Element filtru aer
00450497,17206-KEB7-900,17206-KEB7-900 CASE AIR/C,Pe comanda,Marfuri gestiune 1 firma,0,BUC,6.24,7.43,,EUR,21,Cutie filtru aer
00446539,17207-KEB7-900,17207-KEB7-900 COVER AIR/C,Pe comanda,Marfuri gestiune 1 firma,0,BUC,0,0,,EUR,21,
00450726,17208-KEB7-900,17208-KEB7-900 COLLAR AIR/C SET,Pe comanda,Marfuri gestiune 1 firma,0,BUC,1.43,1.7,,EUR,21,Colier cutie filtru aer
00448318,1720A-LDC8-E10,1720A-LDC8-E10 CASE ASSY AIR C,Pe comanda,Marfuri gestiune 1 firma,2,BUC,102.4793,124,,EUR,21,Carcasa filtru aer
00450133,1720A-LDC8-E11,1720A-LDC8-E11 CASE ASSY AIR/C,Pe comanda,Marfuri gestiune 1 firma,0,BUC,103.3058,125,,EUR,21,Carcasa filtru de aer
00450134,1720A-LDF7-E10,1720A-LDF7-E10 CASE ASSY AIR/C,Pe comanda,Marfuri gestiune 1 firma,0,BUC,14.69,17.48,,EUR,21,Carcasa filtru de aer
00450885,1720A-LLJ1-900,1720A-LLJ1-900 CASE ASSY AIR/C,Pe comanda,Marfuri gestiune 1 firma,0,BUC,16.58,19.73,,EUR,21,Carcasa filtru aer
00450886,1720B-LLJ1-900,1720B-LLJ1-900 COVER ASSY AIR/C,Pe comanda,Marfuri gestiune 1 firma,0,BUC,12.44,14.8,,EUR,21,Capac filtru aer
00446362,17211-4K39-001,17211-4K39-001 ELEMENT AIR/C,Pe comanda,Marfuri gestiune 1 firma,0,BUC,0,0,,EUR,21,Element filtru aer
00449759,17211-ABD2-C00,17211-ABD2-C00 ELEMENT AIR C,Pe comanda,Marfuri gestiune 1 firma,0,BUC,0,0,,EUR,21,Element filtru aer
00451440,17211-AHA7-C00,17211-AHA7-C00 ELEMENT COMP AIR/C,Pe comanda,Marfuri gestiune 1 firma,1,BUC,45.4545,55,,EUR,21,Filtru de aer
00449447,17211-GFY6-22A,17211-GFY6-22A ELEMNT COMP ASSY AIR/C 9410,Pe comanda,Marfuri gestiune 1 firma,0,BUC,0,0,,EUR,21,Element filtru aer
00445877,17211-KEB7-900,17211-KEB7-900 GASKET INLET PIPE B,Pe comanda,Marfuri gestiune 1 firma,0,BUC,0,0,,EUR,21,
00445330,17211-KEC6-900,17211-KEC6-900 ELEMENT COMP AIR/C,Pe comanda,Marfuri gestiune 1 firma,1,BUC,0,0,,EUR,21,Element filtru aer
00447470,17211-KGB4-C00,17211-KGB4-C00 ELEMENT ASSY AIR/C,Pe comanda,Marfuri gestiune 1 firma,0,BUC,0,0,,EUR,21,Element filtru aer
00448339,17211-KGC4-E00,17211-KGC4-E00 ELEMENT AIR C,Pe comanda,Marfuri gestiune 1 firma,0,BUC,0,0,,EUR,21,
00450743,17211-KKE5-E00,17211-KKE5-E00 AIR FILTER,Pe comanda,Marfuri gestiune 1 firma,0,BUC,10.31,12.27,,EUR,21,Filtru de aer
00450954,17211-LCB9-B20,17211-LCB9-B20 ELEMENT COMP AIR/C,Pe comanda,Marfuri gestiune 1 firma,0,BUC,6.47,7.7,,EUR,21,Filtru de aer
00451022,17211-LDF7-E00,17211-LDF7-E00 ELEMENT COMP AIR,Pe comanda,Marfuri gestiune 1 firma,1,BUC,4.93,5.87,,EUR,21,Filtru de aer
00445879,17211-LEA7-E00,17211-LEA7-E00 ELEMENT AIR/C,Marfuri,Marfuri gestiune 1 firma,12,BUC,52.8926,64,,EUR,21,Element filtru aer
00450751,17211-LFA7-E00,17211-LFA7-E00 ELEMENT AIR/C,Pe comanda,Marfuri gestiune 1 firma,0,BUC,42.9752,52,,EUR,21,Filtru aer
00449737,17211-LGC6-E00,17211-LGC6-E00 ELEMENT COMP AIR C,Pe comanda,Marfuri gestiune 1 firma,1,BUC,0,0,,EUR,21,Element filtru aer
00450105,17211-LGE5-E00,17211-LGE5-E00 ELEMENT AIR/C,Pe comanda,Marfuri gestiune 1 firma,0,BUC,6.94,6.94,,EUR,21,Filtru de aer
00447228,17211-LGR5-E10,17211-LGR5-E10 ELEMNT COMP AIR 7,Pe comanda,Marfuri gestiune 1 firma,3,BUC,0,0,,EUR,21,Element filtru aer
00448970,17211-LKG7-E00,17211-LKG7-E00 ELEMENT AIR C,Pe comanda,Marfuri gestiune 1 firma,0,BUC,0,0,,EUR,21,Element filtru aer
00449500,17211-LKM5-E00,17211-LKM5-E00 ELEMNT COMP AIR/C,Pe comanda,Marfuri gestiune 1 firma,0,BUC,0,0,,EUR,21,Element filtru aer
00451047,17211-YZA6-E00,17211-YZA6-E00 FILTER ELEMENT ASSEMBLY,Pe comanda,Marfuri gestiune 1 firma,2,BUC,46.281,56,,EUR,21,Filtru de aer
00450718,17212-KEB7-900,17212-KEB7-900 SEAL AIR/C COVER,Pe comanda,Marfuri gestiune 1 firma,0,BUC,1.36,1.62,,EUR,21,Garnitura element filtru
00447274,17212-LLJ1-900,17212-LLJ1-900 SEAL AIR/C COVER,Pe comanda,Marfuri gestiune 1 firma,1,BUC,0,0,,EUR,21,
00446439,17212-PWB1-900,17212-PWB1-900 FILTER SPRING,Pe comanda,Marfuri gestiune 1 firma,1,BUC,0,0,,EUR,21,
00446013,17213-KED9-900,17213-KED9-900 ELEMENT ASSY,Pe comanda,Marfuri gestiune 1 firma,2,BUC,0,0,,EUR,21,Filtru aer
00449760,17214-KKC3-900,17214-KKC3-900 SEAL AIR/C COVER,Pe comanda,Marfuri gestiune 1 firma,0,BUC,0,0,,EUR,21,
00445269,17214-LBA7-900,17214-LBA7-900 SEAL AIR CLEANER,Pe comanda,Marfuri gestiune 1 firma,1,BUC,0,0,,EUR,21,
00446856,17214-LDB2-E00,17214-LDB2-E00 SEAL CASE,Pe comanda,Marfuri gestiune 1 firma,0,BUC,0,0,,EUR,21,
00450168,17214-LDB5-E00,17214-LDB5-E00 SEAL AIR/C CASE,Pe comanda,Marfuri gestiune 1 firma,0,BUC,0.93,1.11,,EUR,21,Garnitura cutie filtru aer
00448791,17214-LLJ1-900,17214-LLJ1-900 DUCT A/C CONN,Pe comanda,Marfuri gestiune 1 firma,0,BUC,0,0,,EUR,21,
00450501,17214-PWB1-900,17214-PWB1-900 GASKET AIR BOX,Pe comanda,Marfuri gestiune 1 firma,0,BUC,4.26,5.07,,EUR,21,Garnitura cutie filtru aer
00445951,17217-KED9-900,17217-KED9-900 SEAL FR COVER R,Pe comanda,Marfuri gestiune 1 firma,1,BUC,0,0,,EUR,21,
00446644,17217-LCD2-E00,17217-LCD2-E00 TUBE OUTER AIR/C,Pe comanda,Marfuri gestiune 1 firma,0,BUC,0,0,,EUR,21,
00445952,17218-KED9-900,17218-KED9-900 SEAL FR COVER L,Pe comanda,Marfuri gestiune 1 firma,1,BUC,0,0,,EUR,21,
00451213,1721A-BLB3-E10,1721A-BLB3-E10 ELEMENT COMP AIR FILTER,Pe comanda,Marfuri gestiune 1 firma,1,BUC,64.4628,78,,EUR,21,Filtru de aer
00445144,1721A-KHD8-900,1721A-KHD8-900 ELEMENT ASSY AIR,Pe comanda,Marfuri gestiune 1 firma,1,BUC,0,0,,EUR,21,Element filtru aer
00445691,1721A-KHE7-900,1721A-KHE7-900 ELEMENT ASSY AIR/C,Pe comanda,Marfuri gestiune 1 firma,0,BUC,0,0,,EUR,21,Element filtru aer
00445583,1721A-KKC3-900,1721A-KKC3-900 ELEMENT ASSY AIR/C,Marfuri,Marfuri gestiune 1 firma,7,BUC,45.4545,55,,EUR,21,Element filtru aer
00450917,1721A-KKC3-900-BIK,1721A-KKC3-900-BIK AIR FILTER,Pe comanda,Marfuri gestiune 1 firma,0,BUC,4.05,4.82,,EUR,21,Filtru aer
00445386,1721A-LBA7-900,1721A-LBA7-900 ELEMENT COMP AIR/C,Marfuri,Marfuri gestiune 1 firma,4,BUC,94.2149,114,,EUR,21,Filtru de aer
00445827,1721A-LDB5-E00,1721A-LDB5-E00 ELEMENT COMP AIR/C,Pe comanda,Marfuri gestiune 1 firma,3,BUC,0,0,,EUR,21,Element filtru aer
00445145,1721A-LEC8-E00,1721A-LEC8-E00 ELEMENT ASSY AIR,Marfuri,Marfuri gestiune 1 firma,1,BUC,0,0,,EUR,21,Element filtru aer
00446115,1721A-LKF5-E00,1721A-LKF5-E00 ELEMENT ASSY AIR/C,Pe comanda,Marfuri gestiune 1 firma,6,BUC,0,0,,EUR,21,Element filtru aer
00445186,1721A-LLJ3-E00,1721A-LLJ3-E00 ELEMENT ASSY AIR,Pe comanda,Marfuri gestiune 1 firma,7,BUC,0,0,,EUR,21,Element filtru aer
00446440,1721A-PWB1-900,1721A-PWB1-900 FILTER AIR UNI,Pe comanda,Marfuri gestiune 1 firma,66,BUC,0,0,,EUR,21,Element filtru aer
00447869,1721B-KED9-900,1721B-KED9-900 COVER ASSY L FR,Pe comanda,Marfuri gestiune 1 firma,0,BUC,0,0,,EUR,21,
00449360,17228-PWB1-900,17228-PWB1-900 BRACKET MOUNT AIR CHAMBER,Pe comanda,Marfuri gestiune 1 firma,0,BUC,0,0,,EUR,21,
00448510,17229-LBA2-E00,17229-LBA2-E00 COVER B AIR/C,Pe comanda,Marfuri gestiune 1 firma,0,BUC,0,0,,EUR,21,
00448846,17231-4K39-001,17231-4K39-001 PLATE ELEMENT SET,Pe comanda,Marfuri gestiune 1 firma,0,BUC,0,0,,EUR,21,
00449282,17231-LBA7-900,17231-LBA7-900 COVER AIR A/C,Pe comanda,Marfuri gestiune 1 firma,0,BUC,0,0,,EUR,21,
00448866,17231-LDB5-E00,17231-LDB5-E00 COVER ASSY AIR/C,Pe comanda,Marfuri gestiune 1 firma,0,BUC,0,0,,EUR,21,
00450378,17231-PWB1-900-MV7084,17231-PWB1-900-MV7084 COVER AIR BOX-CYCLONIC,Pe comanda,Marfuri gestiune 1 firma,0,BUC,10.66,12.69,,EUR,21,Capac cutie aer
00450439,17237-KED9-900,17237-KED9-900 OIL CATCH ASSY,Pe comanda,Marfuri gestiune 1 firma,0,BUC,2.15,2.56,,EUR,21,Recipient ulei
00446857,1723A-KFC8-E00,1723A-KFC8-E00 CASE ASSY AIR/C,Pe comanda,Marfuri gestiune 1 firma,0,BUC,0,0,,EUR,21,
00450814,1723A-KHD8-900,1723A-KHD8-900 CASE ASSY AIR/C,Pe comanda,Marfuri gestiune 1 firma,0,BUC,15.82,18.83,,EUR,21,Carcasa filtru aer
00449876,1723A-LCD1-E00,1723A-LCD1-E00 CASE AIR/C,Pe comanda,Marfuri gestiune 1 firma,0,BUC,17.64,20.99,,EUR,21,
00448838,1723A-LDB5-E00,1723A-LDB5-E00 CASE ASSY AIR/C,Pe comanda,Marfuri gestiune 1 firma,0,BUC,0,0,,EUR,21,
00449210,1723A-LDE9-E00,1723A-LDE9-E00 CASE ASSY AIR C,Pe comanda,Marfuri gestiune 1 firma,0,BUC,0,0,,EUR,21,
00450157,1723A-LEA7-E00,1723A-LEA7-E00 CASE ASS'Y AIR/C,Pe comanda,Marfuri gestiune 1 firma,0,BUC,36.95,43.97,,EUR,21,Carcasa filtru aer
00450577,1723A-LLB1-900,1723A-LLB1-900 CASE ASSY AIR/C,Pe comanda,Marfuri gestiune 1 firma,0,BUC,14.42,17.16,,EUR,21,Carcasa element aer
00447233,1723B-LBD6-E00,1723B-LBD6-E00 CASE COMP,Pe comanda,Marfuri gestiune 1 firma,2,BUC,39.6694,48,,EUR,21,Capac carcasa filtru aer
00446646,1723B-LCD2-E00,1723B-LCD2-E00 COVER COMP AIR/C,Pe comanda,Marfuri gestiune 1 firma,0,BUC,0,0,,EUR,21,
00448052,1723B-LHG7-E00,1723B-LHG7-E00 COVER ASSY AIR,Pe comanda,Marfuri gestiune 1 firma,0,BUC,0,0,,EUR,21,
00449267,1723B-LKG7-E00,1723B-LKG7-E00 COVER COMP AIR/C,Pe comanda,Marfuri gestiune 1 firma,0,BUC,0,0,,EUR,21,
00447452,1723C-KEBE-900,1723C-KEBE-900 ELEMENT ASSY AIR/C,Pe comanda,Marfuri gestiune 1 firma,0,BUC,0,0,,EUR,21,Element filtru aer
00445656,1723C-KHB4-900,1723C-KHB4-900 ELEMENT COMP AIR/C,Pe comanda,Marfuri gestiune 1 firma,2,BUC,0,0,,EUR,21,Element filtru aer
00445953,1723C-LAB4-900,1723C-LAB4-900 ELEMENT COMP AIR/C,Marfuri,Marfuri gestiune 1 firma,0,BUC,41.3223,50,,EUR,21,Element filtru aer
00445481,1723C-LBA2-E00,1723C-LBA2-E00 ELEMENT ASSY AIR/C,Marfuri,Marfuri gestiune 1 firma,1,BUC,0,0,,EUR,21,Element filtru aer
00445584,1723C-LBA4-900,1723C-LBA4-900 ELEMENT ASSY AIR,Pe comanda,Marfuri gestiune 1 firma,3,BUC,0,0,,EUR,21,Element filtru aer
00445484,1723C-LBD6-E00,1723C-LBD6-E00 ELEMENT ASSY AIR/C,Marfuri,Marfuri gestiune 1 firma,8,BUC,57.0248,69,,EUR,21,Element filtru aer
00446479,1723C-LEJ3-E10,1723C-LEJ3-E10 ELEMENT COMP AIR/C,Marfuri,Marfuri gestiune 1 firma,4,BUC,52.0661,63,,EUR,21,Element filtru aer
00450491,1723C-LEJ3-E10-B,1723C-LEJ3-E10-B ELEMENT COMP AIR/C BIKETEC,Marfuri,Marfuri gestiune 1 firma,1,BUC,45.4545,55,,EUR,21,Element filtru aer
00447080,1723C-LHG7-E00,1723C-LHG7-E00 ELEMENT ASSY AIR/C,Pe comanda,Marfuri gestiune 1 firma,0,BUC,0,0,,EUR,21,
00445270,17246-LBA7-900,17246-LBA7-900 CLAMP AIR,Pe comanda,Marfuri gestiune 1 firma,3,BUC,0,0,,EUR,21,
00448216,17253-KEB7-900,17253-KEB7-900 TUBE AIR/C CONN,Pe comanda,Marfuri gestiune 1 firma,1,BUC,0,0,,EUR,21,
00449274,17253-LDG7-900,17253-LDG7-900 TUBE A/C CONN,Pe comanda,Marfuri gestiune 1 firma,0,BUC,0,0,,EUR,21,
00446441,17253-PWB1-900,17253-PWB1-900 BOOT INTAKE CARB,Pe comanda,Marfuri gestiune 1 firma,1,BUC,0,0,,EUR,21,
00450719,17254-KACA-P00,17254-KACA-P00 PLUG A/C CONN TUBE,Pe comanda,Marfuri gestiune 1 firma,0,BUC,0.93,1.11,,EUR,21,Dop
00446442,17254-PWB1-900,17254-PWB1-900 BOOT AIR IN-CARB LRG,Pe comanda,Marfuri gestiune 1 firma,1,BUC,0,0,,EUR,21,
00445746,17255-LDB2-E00,17255-LDB2-E00 DUCT COMP,Pe comanda,Marfuri gestiune 1 firma,1,BUC,0,0,,EUR,21,
00451610,17256-GFY6-901,17256-GFY6-901 BAND INSULATOR,Pe comanda,Marfuri gestiune 1 firma,0,BUC,16.5289,20,,EUR,21,Colier
00447275,17256-KGBG-900,17256-KGBG-900 BAND INSULATOR,Pe comanda,Marfuri gestiune 1 firma,1,BUC,0,0,,EUR,21,
00445747,17256-LDB2-E00,17256-LDB2-E00 PLUG AIR,Pe comanda,Marfuri gestiune 1 firma,1,BUC,0,0,,EUR,21,
00448679,17256-PWB1-900,17256-PWB1-900 BOOT CARB CHAMBER,Pe comanda,Marfuri gestiune 1 firma,0,BUC,0,0,,EUR,21,
00451265,17257-LBA7-900,17257-LBA7-900 DUCT AIR/C CASE,Pe comanda,Marfuri gestiune 1 firma,0,BUC,3.88,4.62,,EUR,21,Furtun aer
00450170,17257-LDB5-E00-MV3948,17257-LDB5-E00-MV3948 DUCT A,Pe comanda,Marfuri gestiune 1 firma,0,BUC,96.638655,115,,EUR,21,
00449672,17257-LDC8-E00,17257-LDC8-E00 DUCT AIR C COVER,Pe comanda,Marfuri gestiune 1 firma,0,BUC,89.2562,108,,EUR,21,Tub aerisire
00446473,17257-LDF5-E10,17257-LDF5-E10 DUCT AIR/C,Pe comanda,Marfuri gestiune 1 firma,0,BUC,0,0,,EUR,21,
00447168,17257-LFC4-E10,17257-LFC4-E10 DUCT AIR C,Pe comanda,Marfuri gestiune 1 firma,1,BUC,0,0,,EUR,21,
00446064,17291-PWB1-900,17291-PWB1-900 VALVE AIR CLEANER,Pe comanda,Marfuri gestiune 1 firma,2,BUC,0,0,,EUR,21,
00451420,17460-YZA6-EZ5,17460-YZA6-EZ5 FUEL FILTER,Pe comanda,Marfuri gestiune 1 firma,4,BUC,42.1488,51,,EUR,21,Filtru carburant
00450174,17500-ALC8-E60,17500-ALC8-E60 TANK FUEL,Pe comanda,Marfuri gestiune 1 firma,0,BUC,18.25,21.72,,EUR,21,Rezervor
00447810,17500-KEB7-E00,17500-KEB7-E00 TANK COMP FUEL,Pe comanda,Marfuri gestiune 1 firma,0,BUC,0,0,,EUR,21,
00446529,17500-LCB9-C10,17500-LCB9-C10 TANK COMP FUEL,Pe comanda,Marfuri gestiune 1 firma,0,BUC,0,0,,EUR,21,
00447322,17500-LEJ2-E10,17500-LEJ2-E10 TANK COMP FUEL,Pe comanda,Marfuri gestiune 1 firma,0,BUC,0,0,,EUR,21,
00446601,17502-1G87-001,17502-1G87-001 OIL STRAINER,Pe comanda,Marfuri gestiune 1 firma,1,BUC,0,0,,EUR,21,
00445512,17502-KHD6-900,17502-KHD6-900 TUBE FUEL,Pe comanda,Marfuri gestiune 1 firma,1,BUC,0,0,,EUR,21,
00447041,17502-LLJ3-E00,17502-LLJ3-E00 ELEMENT ASSY AIR/C,Pe comanda,Marfuri gestiune 1 firma,0,BUC,0,0,,EUR,21,
00449056,17510-LDB2-E00,17510-LDB2-E00 CABLE A THROTTLE,Pe comanda,Marfuri gestiune 1 firma,0,BUC,0,0,,EUR,21,
00448768,17521-LEC8-E00,17521-LEC8-E00 RUBBER PROTECT,Pe comanda,Marfuri gestiune 1 firma,0,BUC,0,0,,EUR,21,
00450859,17524-LLB1-900,17524-LLB1-900 RUBBER TANK,Pe comanda,Marfuri gestiune 1 firma,0,BUC,2,2,,EUR,21,
00451333,17550-AAB6-E15,17550-AAB6-E15 FUEL PUMP ASSY,Pe comanda,Marfuri gestiune 1 firma,0,BUC,90,108.9,,EUR,21,Pompa carburant
00450996,17550-ALJ8-E10,17550-ALJ8-E10 FUEL PUMP ASSY,Pe comanda,Marfuri gestiune 1 firma,0,BUC,958.6777,1160,,EUR,21,Ansamblu pompa de benzina
00450537,17550-LEA6-900,17550-LEA6-900 FUEL PUMP ASSY,Pe comanda,Marfuri gestiune 1 firma,0,BUC,62.55,74.43,,EUR,21,Pompa carburant
00451283,17550-LKD2-M91,17550-LKD2-M91 FUEL PUMP,Pe comanda,Marfuri gestiune 1 firma,0,BUC,90,107.1,,EUR,21,Pompa de benzina
00451243,17550-LKF5-E00,17550-LKF5-E00 PUMP ASSY FUEL,Pe comanda,Marfuri gestiune 1 firma,0,BUC,100,119,,EUR,21,Pompa carburant
00447573,1755A-KKD5-C10,1755A-KKD5-C10 TUBE ASSY FUEL DRAIN,Pe comanda,Marfuri gestiune 1 firma,1,BUC,0,0,,EUR,21,
00448133,1755A-LKA8-E00,1755A-LKA8-E00 FUEL PUMP ASSEMBLY,Pe comanda,Marfuri gestiune 1 firma,0,BUC,1743.8017,2110,,EUR,21,Pompa injectie
00449223,17560-LGC7-E00-N1R,17560-LGC7-E00-N1R SHIELD HEAD,Pe comanda,Marfuri gestiune 1 firma,0,BUC,0,0,,EUR,21,
00450752,17561-LDF2-900,17561-LDF2-900 O RING,Pe comanda,Marfuri gestiune 1 firma,0,BUC,1.27,1.51,,EUR,21,O RING
00446740,1760A-LBA7-900,1760A-LBA7-900 TUBE ASSY FUEL TANK,Pe comanda,Marfuri gestiune 1 firma,0,BUC,0,0,,EUR,21,
00449178,1760A-LDB5-E00,1760A-LDB5-E00 TUBE ASSY FUEL TANK,Pe comanda,Marfuri gestiune 1 firma,0,BUC,0,0,,EUR,21,
00446524,1760A-LLB1-900,1760A-LLB1-900 TUBE ASSY FUEL TANK,Pe comanda,Marfuri gestiune 1 firma,1,BUC,0,0,,EUR,21,
00446525,1760B-LLB1-900,1760B-LLB1-900 TUBE ASSY FUEL TANK,Pe comanda,Marfuri gestiune 1 firma,1,BUC,0,0,,EUR,21,
00445271,17611-2F86-001,17611-2F86-001 CUSHION FRONT FUEL,Pe comanda,Marfuri gestiune 1 firma,2,BUC,0,0,,EUR,21,
00448762,17613-KFW6-911,17613-KFW6-911 CUSH FUEL TANK FR,Pe comanda,Marfuri gestiune 1 firma,0,BUC,0,0,,EUR,21,
00451188,17620-BLB3-E10,17620-BLB3-E10 CAP COMP FUEL FILLER,Pe comanda,Marfuri gestiune 1 firma,0,BUC,14.58,17.35,,EUR,21,Cap buson
00450461,17620-GGS7-67A,17620-GGS7-67A CAP COMP FUEL FILTER,Pe comanda,Marfuri gestiune 1 firma,0,BUC,6.97,8.29,,EUR,21,Buson rezervor
00451626,17620-GGS7-E10,17620-GGS7-E10 CAP COMP FUEL FILLER,Pe comanda,Marfuri gestiune 1 firma,0,BUC,125,125,,EUR,21,Buson rezervor
00451395,17620-KED9-325,17620-KED9-325 CAP SET FUEL FILLER,Pe comanda,Marfuri gestiune 1 firma,0,BUC,26.94,32.6,,EUR,21,Buson carburant
00445482,17620-KKA7-305,17620-KKA7-305 CAP SET FUEL FILTER,Pe comanda,Marfuri gestiune 1 firma,1,BUC,0,0,,EUR,21,Buson carburant
00447613,17620-LBA8-C10,17620-LBA8-C10 CAP TANK,Pe comanda,Marfuri gestiune 1 firma,1,BUC,0,0,,EUR,21,Buson carburant
00450901,17620-LEA7-315-M1,17620-LEA7-315-M1 CAP COMP FUEL FILLER,Pe comanda,Marfuri gestiune 1 firma,0,BUC,36.38,43.29,,EUR,21,Buson carburant
00445146,17620-LEC8-305,17620-LEC8-305 CAP COMP FUEL FILLER,Pe comanda,Marfuri gestiune 1 firma,0,BUC,0,0,,EUR,21,Buson carburant
00451532,17620-LFC3-E15,17620-LFC3-E15 CAP COMP FUEL FILLER,Pe comanda,Marfuri gestiune 1 firma,0,BUC,115.7025,140,,EUR,21,Buson rezervor
00450960,17623-ALJ8-E10-N1R,17623-ALJ8-E10-N1R COLLAR FUEL CAP,Pe comanda,Marfuri gestiune 1 firma,0,BUC,1.41,1.68,,EUR,21,Ornament buson
00447453,17623-KEBE-900-N1R,17623-KEBE-900-N1R COLLAR FUEL CAP,Pe comanda,Marfuri gestiune 1 firma,0,BUC,0,0,,EUR,21,
00448743,17623-KHC4-90A,17623-KHC4-90A CABLE COMP SPDMT,Pe comanda,Marfuri gestiune 1 firma,0,BUC,0,0,,EUR,21,
00447757,17623-KHD6-900,17623-KHD6-900 COLLAR FUEL CAP,Pe comanda,Marfuri gestiune 1 firma,0,BUC,0,0,,EUR,21,
00445483,17623-KKA8-900,17623-KKA8-900 COLLAR FUEL CAP,Pe comanda,Marfuri gestiune 1 firma,1,BUC,0,0,,EUR,21,
00446169,17623-LAB4-90A,17623-LAB4-90A COLLAR FUEL CAP,Pe comanda,Marfuri gestiune 1 firma,0,BUC,0,0,,EUR,21,
00449184,1763A-LCA5-MY0,1763A-LCA5-MY0 CAP ASSY FUEL FILLER,Pe comanda,Marfuri gestiune 1 firma,1,BUC,0,0,,EUR,21,Buson rezervor
00451049,1763A-LDB5-MY0,1763A-LDB5-MY0 CAP ASSY FUEL FILLER,Pe comanda,Marfuri gestiune 1 firma,0,BUC,8,9.52,,EUR,21,Buson rezervor
00447422,1763A-LGN5-MY0,1763A-LGN5-MY0 CAP ASSY FUEL TANK,Pe comanda,Marfuri gestiune 1 firma,0,BUC,0,0,,EUR,21,
00448511,17682-LLJ3-E00,17682-LLJ3-E00 TUBE ASSY VACUUM,Pe comanda,Marfuri gestiune 1 firma,0,BUC,0,0,,EUR,21,
00450401,17683-LEJ2-E10,17683-LEJ2-E10 TUBE ASSY COCK - CARB,Pe comanda,Marfuri gestiune 1 firma,0,BUC,2.6,3.09,,EUR,21,Furtun alimentare
00449130,17683-LFC3-E10,17683-LFC3-E10 TUBE ASSY COOK CARB,Pe comanda,Marfuri gestiune 1 firma,0,BUC,0,0,,EUR,21,
00448512,17683-LLJ3-E00,17683-LLJ3-E00 TUBE ASSY FUEL,Pe comanda,Marfuri gestiune 1 firma,0,BUC,0,0,,EUR,21,
00451206,17689-KEBE-E00,17689-KEBE-E00 TUBE ASSY TANK-FILLER,Pe comanda,Marfuri gestiune 1 firma,0,BUC,8,8,,EUR,21,
00449448,17700-KED9-900,17700-KED9-900 COVER TANK,Pe comanda,Marfuri gestiune 1 firma,0,BUC,0,0,,EUR,21,
00447700,17700-LCA4-E00-N1R,17700-LCA4-E00-N1R COVER TANK,Pe comanda,Marfuri gestiune 1 firma,0,BUC,0,0,,EUR,21,
00449283,17700-LCA5-E00-E4R,17700-LCA5-E00-E4R COVER TANK,Pe comanda,Marfuri gestiune 1 firma,0,BUC,0,0,,EUR,21,
00446516,17700-LCA5-E00-N1R,17700-LCA5-E00-N1R COVER TANK,Pe comanda,Marfuri gestiune 1 firma,0,BUC,0,0,,EUR,21,
00445954,17701-KED9-900,17701-KED9-900 SEAL FUEL TANK COVER,Pe comanda,Marfuri gestiune 1 firma,1,BUC,0,0,,EUR,21,
00451189,17720-AGA8-E00-N1R,17720-AGA8-E00-N1R LID.STORAGE BOX (BLACK),Pe comanda,Marfuri gestiune 1 firma,0,BUC,7.55,8.98,,EUR,21,Capac cutie
00447701,17720-LBA7-900,17720-LBA7-900 TRAY TANK COVER,Pe comanda,Marfuri gestiune 1 firma,0,BUC,0,0,,EUR,21,
00451204,17910-ACB9-E10,17910-ACB9-E10 THROTTLE CABLE,Pe comanda,Marfuri gestiune 1 firma,0,BUC,9.48,11.28,,EUR,21,Cablu acceleratie
00451666,17910-AHA7-C00,17910-AHA7-C00 CABLE COMP THROT,Pe comanda,Marfuri gestiune 1 firma,0,BUC,57.8512,70,,EUR,21,Cablu acceleratie A
00449904,17910-ALJ8-E1D,17910-ALJ8-E1D CABLE THROTTLE,Marfuri,Marfuri gestiune 1 firma,3,BUC,61.9835,75,,EUR,21,Cablu acceleratie
00447183,17910-KED9-900,17910-KED9-900 CABLE A COMP THRORRLE,Pe comanda,Marfuri gestiune 1 firma,0,BUC,0,0,,EUR,21,Cablu acceleratie
00448383,17910-KFA5-900,17910-KFA5-900 CABLE COMP THROT,Pe comanda,Marfuri gestiune 1 firma,0,BUC,0,0,,EUR,21,Cablu acceleratie
00446586,17910-KHD8-920,17910-KHD8-920 CABLE COMP THROT,Pe comanda,Marfuri gestiune 1 firma,0,BUC,0,0,,EUR,21,Cablu acceleratie
00448847,17910-KKC3-900,17910-KKC3-900 CABLE COMP THROT,Pe comanda,Marfuri gestiune 1 firma,0,BUC,0,0,,EUR,21,Cablu acceleratie
00446256,17910-KKC4-900,17910-KKC4-900 CABLE A COMP THROT,Pe comanda,Marfuri gestiune 1 firma,0,BUC,0,0,,EUR,21,Cablu acceleratie
00448685,17910-KKD6-E00,17910-KKD6-E00 CABLE COMP THROT,Pe comanda,Marfuri gestiune 1 firma,1,BUC,0,0,,EUR,21,Cablu acceleratie
00448272,17910-KSBS-200,17910-KSBS-200 CABLE COMP THROT,Pe comanda,Marfuri gestiune 1 firma,0,BUC,0,0,,EUR,21,Cablu acceleratie
00445513,17910-LAD9-900,17910-LAD9-900 CABLE COMP THROT,Pe comanda,Marfuri gestiune 1 firma,1,BUC,0,0,,EUR,21,
00447870,17910-LBA2-E00,17910-LBA2-E00 CABLE A THROTTLE,Pe comanda,Marfuri gestiune 1 firma,0,BUC,0,0,,EUR,21,Cablu acceleratie
00445880,17910-LBA7-900,17910-LBA7-900 CABLE COMP THROT,Marfuri,Marfuri gestiune 1 firma,3,BUC,65.2893,79,,EUR,21,Cablu acceleratie
00447077,17910-LCA4-E00,17910-LCA4-E00 (MV4720) GASZUG,Pe comanda,Marfuri gestiune 1 firma,2,BUC,0,0,,EUR,21,Cablu acceleratie
00450972,17910-LCA4-E00,17910-LCA4-E00 CABLE COMP THROT,Pe comanda,Marfuri gestiune 1 firma,0,BUC,4.84,5.76,,EUR,21,Cablu acceleratie
00449711,17910-LCD1-E00,17910-LCD1-E00 CABLE COMP THROT,Pe comanda,Marfuri gestiune 1 firma,0,BUC,0,0,,EUR,21,Cablu acceleratie
00451153,17910-LCD2-C00,17910-LCD2-C00 CABLE COMP THROT,Pe comanda,Marfuri gestiune 1 firma,0,BUC,70.2479,85,,EUR,21,Cablu acceleratie
00447402,17910-LCD2-E00,17910-LCD2-E00 CABLE COMP THROT,Pe comanda,Marfuri gestiune 1 firma,2,BUC,0,0,,EUR,21,Cablu acceleratie
00447053,17910-LDB1-E00,17910-LDB1-E00 CABLE COMP THROT,Pe comanda,Marfuri gestiune 1 firma,2,BUC,0,0,,EUR,21,Cablu acceleratie
00449057,17910-LDB2-E00,17910-LDB2-E00 CABLE A THROTTLE,Pe comanda,Marfuri gestiune 1 firma,2,BUC,0,0,,EUR,21,Cablu acceleratie
00447811,17910-LDB5-E00,17910-LDB5-E00 CABLE COMP THROT,Pe comanda,Marfuri gestiune 1 firma,0,BUC,49.5868,60,,EUR,21,Cablu acceleratie
00446116,17910-LDC8-E10,17910-LDC8-E10 CABLE COMP THROT,Marfuri,Marfuri gestiune 1 firma,5,BUC,65.2893,79,,EUR,21,Cablu acceleratie
00450820,17910-LDF2-900,17910-LDF2-900 CABLE A THROTTLE,Pe comanda,Marfuri gestiune 1 firma,0,BUC,7.24,8.62,,EUR,21,Cablu acceleratie A
00447454,17910-LDF7-E10,17910-LDF7-E10 CABLE COMP THROT,Pe comanda,Marfuri gestiune 1 firma,0,BUC,0,0,,EUR,21,Cablu acceleratie
00449275,17910-LDG7-900,17910-LDG7-900 CABLE A THROTTLE,Pe comanda,Marfuri gestiune 1 firma,0,BUC,0,0,,EUR,21,Cablu acceleratie
00445692,17910-LEA6-E00,17910-LEA6-E00 CABLE COMP THROT,Pe comanda,Marfuri gestiune 1 firma,1,BUC,0,0,,EUR,21,Cablu acceleratie
00451135,17910-LEA7-E00,17910-LEA7-E00 CABLE A THROTTLE,Pe comanda,Marfuri gestiune 1 firma,0,BUC,10.9,12.97,,EUR,21,Cablu acceleratie A
00448063,17910-LEC1-E00,17910-LEC1-E00 CABLE COMPT THROT,Pe comanda,Marfuri gestiune 1 firma,0,BUC,0,0,,EUR,21,Cablu acceleratie
00445485,17910-LEC8-E00,17910-LEC8-E00 CABLE COMP THROT,Pe comanda,Marfuri gestiune 1 firma,1,BUC,0,0,,EUR,21,Cablu acceleratie
00447249,17910-LFA5-E00,17910-LFA5-E00 CABLE COMP THROT,Pe comanda,Marfuri gestiune 1 firma,0,BUC,70.2479,85,,EUR,21,Cablu acceleratie
00450733,17910-LGS6-E10,17910-LGS6-E10 CABLE COMP THROT,Pe comanda,Marfuri gestiune 1 firma,0,BUC,5.54,6.59,,EUR,21,Cablu acceleratie
00450799,17910-LHB3-E10,17910-LHB3-E10 THROTTLE CABLE,Pe comanda,Marfuri gestiune 1 firma,0,BUC,79.831932,94.99,,EUR,21,
00445994,17910-LLB1-900,17910-LLB1-900 CABLE COMP THROT,Pe comanda,Marfuri gestiune 1 firma,0,BUC,41.3223,50,,EUR,21,Cablu acceleratie
00449089,17910-LLJ1-900,17910-LLJ1-900 CABLE COMP THROT,Pe comanda,Marfuri gestiune 1 firma,0,BUC,0,0,,EUR,21,Cablu acceleratie
00449497,17910-LLJ3-E00,17910-LLJ3-E00 CABLE A COMP THROT,Pe comanda,Marfuri gestiune 1 firma,1,BUC,0,0,,EUR,21,Cablu acceleratie
00451061,17910-YZA6-EZ5,17910-YZA6-EZ5 CABLE AS THROTTLE,Pe comanda,Marfuri gestiune 1 firma,0,BUC,7.03,8.37,,EUR,21,Cablu acceleratie
00451667,17911-AHA7-C00,17911-AHA7-C00 CABLE B COMP THROT,Pe comanda,Marfuri gestiune 1 firma,0,BUC,56.1983,68,,EUR,21,Cablu accelaratie B
00445633,17911-KKC4-900,17911-KKC4-900 CABLE B COMP THROT,Pe comanda,Marfuri gestiune 1 firma,0,BUC,0,0,,EUR,21,
00447871,17911-LBA2-E00,17911-LBA2-E00 CABLE B THROT,Pe comanda,Marfuri gestiune 1 firma,0,BUC,0,0,,EUR,21,
00447042,17911-LDB2-E00,17911-LDB2-E00 CABLE B THROT,Pe comanda,Marfuri gestiune 1 firma,1,BUC,0,0,,EUR,21,
00449276,17911-LDF2-900,17911-LDF2-900 CABLE B THROT,Pe comanda,Marfuri gestiune 1 firma,0,BUC,0,0,,EUR,21,Cablu acceleratie B
00449498,17911-LDH1-E00,17911-LDH1-E00 CABLE B COMP THROT,Pe comanda,Marfuri gestiune 1 firma,1,BUC,0,0,,EUR,21,
00451158,17911-LEA7-C00,17911-LEA7-C00 CABLE B COMP THROT,Pe comanda,Marfuri gestiune 1 firma,0,BUC,10,11.9,,EUR,21,Cablu acceleratie B
00450113,17911-LLJ3-E00-MA2046,17911-LLJ3-E00-MA2046 CABLE B COMP THROT,Pe comanda,Marfuri gestiune 1 firma,0,BUC,12.12,14.42,,EUR,21,Cablu B acceleratie
00447184,17920-KED9-900,17920-KED9-900 CABLE B COMP THROTTLE,Pe comanda,Marfuri gestiune 1 firma,0,BUC,0,0,,EUR,21,
00446014,17950-KED9-900,17950-KED9-900 CABLE COMP CHOCK,Pe comanda,Marfuri gestiune 1 firma,1,BUC,0,0,,EUR,21,
00446689,17950-LBA7-900,17950-LBA7-900 CABLE COMP CHOKE,Marfuri,Marfuri gestiune 1 firma,1,BUC,0,0,,EUR,21,Cablu soc
00446741,17950-LCA5-E00,17950-LCA5-E00 CABLE COMP CHOKE,Pe comanda,Marfuri gestiune 1 firma,1,BUC,0,0,,EUR,21,
00448971,17950-LDB5-E00,17950-LDB5-E00 CABLE COMP CHOKE,Pe comanda,Marfuri gestiune 1 firma,1,BUC,0,0,,EUR,21,
00448265,17950-LHM2-E00,17950-LHM2-E00 CABLE COMP CHOKE,Pe comanda,Marfuri gestiune 1 firma,2,BUC,0,0,,EUR,21,
00449229,17950-LLB1-900,17950-LLB1-900 CABLE COMP CHOKE,Pe comanda,Marfuri gestiune 1 firma,1,BUC,0,0,,EUR,21,
00446958,17951-LBA8-C10,17951-LBA8-C10 STOPPER CHOCK CABLE,Pe comanda,Marfuri gestiune 1 firma,0,BUC,0,0,,EUR,21,
00446959,17952-LBA8-C10,17952-LBA8-C10 LEVER COMP CHOCK,Pe comanda,Marfuri gestiune 1 firma,0,BUC,0,0,,EUR,21,
00446820,18231-3E65-671,18231-3E65-671 JOINT EXH PIPE,Pe comanda,Marfuri gestiune 1 firma,0,BUC,0,0,,EUR,21,
00448531,18231-KGC4-E00,18231-KGC4-E00 JOINT EXH PIPE,Pe comanda,Marfuri gestiune 1 firma,0,BUC,0,0,,EUR,21,
00446821,18233-3C83-901,18233-3C83-901 COLAR EXHAUST PIPE JOINT,Pe comanda,Marfuri gestiune 1 firma,1,BUC,0,0,,EUR,21,Flansa esapament
00445352,18233-3L30-001,18233-3L30-001 COLLAR EXHAUST PIPE JOINT,Pe comanda,Marfuri gestiune 1 firma,2,BUC,0,0,,EUR,21,Flansa esapament
00446822,18291-2F16-000,18291-2F16-000 GASKET EXH PIPE,Pe comanda,Marfuri gestiune 1 firma,0,BUC,0,0,,EUR,21,Garnitura esapament
00446708,18291-GGA7-080,18291-GGA7-080 GASKET EXH PIPE,Pe comanda,Marfuri gestiune 1 firma,0,BUC,0,0,,EUR,21,Garnitura esapament
00449277,18291-GGA7-C01,18291-GGA7-C01 GASKET EXH PIPE,Pe comanda,Marfuri gestiune 1 firma,0,BUC,18.1818,22,,EUR,21,Garnitura esapament
00447043,18291-GHC8-C00,18291-GHC8-C00 GASKET EXH PIPE,Pe comanda,Marfuri gestiune 1 firma,0,BUC,0,0,,EUR,21,Garnitura esapament
00446220,18291-KEBE-900,18291-KEBE-900 COLLAR,Pe comanda,Marfuri gestiune 1 firma,4,BUC,0,0,,EUR,21,Distantier
00447276,18291-KEBE-C00,18291-KEBE-C00 COLLAR,Pe comanda,Marfuri gestiune 1 firma,5,BUC,0,0,,EUR,21,Distantier
00448561,18291-KKC4-900,18291-KKC4-900 COLLAR,Pe comanda,Marfuri gestiune 1 firma,0,BUC,0,0,,EUR,21,
00451171,18291-KKC4-C00,18291-KKC4-C00 COLLAR,Pe comanda,Marfuri gestiune 1 firma,0,BUC,0.57,0.68,,EUR,21,Saiba
00445387,18291-LBA2-E00,18291-LBA2-E00 GASKET EXH PIPE,Pe comanda,Marfuri gestiune 1 firma,5,BUC,18.1818,22,,EUR,21,Garnitura esapament
00445272,18291-LBA7-900,18291-LBA7-900 GASKET EXH PIPE,Pe comanda,Marfuri gestiune 1 firma,7,BUC,15.7025,19,,EUR,21,Garnitura esapament
00447152,18291-LBD4-900,18291-LBD4-900 GASKET EXH PIPE,Pe comanda,Marfuri gestiune 1 firma,0,BUC,0,0,,EUR,21,Garnitura esapament
00445273,18291-LEA5-E00,18291-LEA5-E00 GASKET EXH PIPE,Pe comanda,Marfuri gestiune 1 firma,1,BUC,0,0,,EUR,21,Garnitura esapament
00449185,18291-LHB3-E11,18291-LHB3-E11 GASKET EXH PIPE,Pe comanda,Marfuri gestiune 1 firma,0,BUC,0,0,,EUR,21,Garnitura esapament
00450242,18291-LKG2-90A,18291-LKG2-90A COLLAR,Pe comanda,Marfuri gestiune 1 firma,0,BUC,0.938,1.12,,EUR,21,Distantier
00449400,18291-LKM5-E00,18291-LKM5-E00 GASKET EX PIPE,Pe comanda,Marfuri gestiune 1 firma,0,BUC,0,0,,EUR,21,Garnitura esapament
00445486,18291-LLB1-900,18291-LLB1-900 GASKET EXH PIPE,Pe comanda,Marfuri gestiune 1 firma,1,BUC,0,0,,EUR,21,Garnitura esapament
00449896,18291-PTA1-900,18291-PTA1-900 SEAL EXHAUST PIPE,Pe comanda,Marfuri gestiune 1 firma,2,BUC,1.275,1.28,,EUR,21,Garnitura esapament
00451405,18291-YZA6-E00,18291-YZA6-E00 EXHAUST PIPE GASKET,Pe comanda,Marfuri gestiune 1 firma,0,BUC,12.3967,15,,EUR,21,Garnitura esapament
00446140,18292-KEBE-900,18292-KEBE-900 PACKING PROTECTOR,Pe comanda,Marfuri gestiune 1 firma,13,BUC,0,0,,EUR,21,Saiba protectie
00446221,18293-KEBE-900,18293-KEBE-900 RUBBER PACKING PROTECTOR,Pe comanda,Marfuri gestiune 1 firma,1,BUC,0,0,,EUR,21,Inel cauciuc protectie toba
00447277,18293-KEBE-C00,18293-KEBE-C00 RUBBER PACKING PROTECTOR,Pe comanda,Marfuri gestiune 1 firma,3,BUC,0,0,,EUR,21,
00447639,18293-KECE-900,18293-KECE-900 RUBBER A PROTECTOR,Pe comanda,Marfuri gestiune 1 firma,0,BUC,9.9174,12,,EUR,21,Protectie cauciuc
00450829,18293-KGAG-520,18293-KGAG-520 PACKING PROTECTOR,Pe comanda,Marfuri gestiune 1 firma,0,BUC,0.84,1,,EUR,21,Saiba protectie
00451165,18293-KKC4-900,18293-KKC4-900 RUBBER,Pe comanda,Marfuri gestiune 1 firma,0,BUC,0.84,1,,EUR,21,Cauciuc protectie
00445274,18293-LBA7-E00,18293-LBA7-E00 RUBBER MUFFLER STAY,Pe comanda,Marfuri gestiune 1 firma,6,BUC,0,0,,EUR,21,
00450490,18293-LHJ8-900,18293-LHJ8-900 RUBBER PKG PROTECTOR,Pe comanda,Marfuri gestiune 1 firma,0,BUC,0.69,0.82,,EUR,21,Cauciuc protectie
00446222,18294-KEBE-900,18294-KEBE-900 PACKING PROTECTOR,Pe comanda,Marfuri gestiune 1 firma,8,BUC,0,0,,EUR,21,Saiba protectie toba
00446291,18294-KEBE-C00,18294-KEBE-C00 PACKING PROTECTOR,Pe comanda,Marfuri gestiune 1 firma,2,BUC,0,0,,EUR,21,
00450243,18294-KTCT-900,18294-KTCT-900 PACKING PROTECTOR,Pe comanda,Marfuri gestiune 1 firma,0,BUC,0.7425,0.88,,EUR,21,Saiba protectie
00445275,18294-LBA7-E00,18294-LBA7-E00 PACKING MUFFLER,Pe comanda,Marfuri gestiune 1 firma,8,BUC,0,0,,EUR,21,
00446886,18294-LDB2-900,18294-LDB2-900 PACKING INNER PROTECTION,Pe comanda,Marfuri gestiune 1 firma,2,BUC,0,0,,EUR,21,
00450260,18294-PUA3-B50,18294-PUA3-B50 PACKING PROTECTOR,Pe comanda,Marfuri gestiune 1 firma,0,BUC,9.9174,12,,EUR,21,Saiba protectie
00447653,18295-KECE-900,18295-KECE-900 COLLAR M6,Pe comanda,Marfuri gestiune 1 firma,0,BUC,0,0,,EUR,21,
00446906,18300-KKA7-E00,18300-KKA7-E00 RIGHT MUFFLER COMP,Pe comanda,Marfuri gestiune 1 firma,1,BUC,0,0,,EUR,21,
00450106,18305-LLJ3-E00,18305-LLJ3-E00 PROTECTOR TAIL PIPE,Pe comanda,Marfuri gestiune 1 firma,0,BUC,3.37,4.01,,EUR,21,Protectie esapament
00451598,18306-AHG3-E00-NEP,18306-AHG3-E00-NEP TAIL CAP MUFFLER,Pe comanda,Marfuri gestiune 1 firma,0,BUC,210.7438,255,,EUR,21,ORNAMENT ESAPAMENT
00450681,18306-ALJ8-E10-HUS,18306-ALJ8-E10-HUS TAIL CAP MUFFLER,Pe comanda,Marfuri gestiune 1 firma,0,BUC,184.033613,219,,EUR,21,Protectie toba
00449707,18306-LAC7-900-HJP,18306-LAC7-900-HJP TAIL CAP MUFFLER,Pe comanda,Marfuri gestiune 1 firma,0,BUC,0,0,,EUR,21,
00449177,18306-LDF7-E10,18306-LDF7-E10 TAIL CAP MUFFLER,Pe comanda,Marfuri gestiune 1 firma,0,BUC,0,0,,EUR,21,
00451124,18306-LGE5-C00-HJP,18306-LGE5-C00-HJP TAIL CAP MUFFLER,Pe comanda,Marfuri gestiune 1 firma,0,BUC,12.67,15.08,,EUR,21,Ornament cap esapament
00447812,18306-LGR5-E10,18306-LGR5-E10 TAIL CAP MUFFLER,Pe comanda,Marfuri gestiune 1 firma,0,BUC,0,0,,EUR,21,
00447250,18307-LDB2-E00-NEP,18307-LDB2-E00-NEP TAIL CAP MUFFLER,Pe comanda,Marfuri gestiune 1 firma,0,BUC,0,0,,EUR,21,
00445331,1830A-KEBE-E00,1830A-KEBE-E00 MUFFLER ASSY,Pe comanda,Marfuri gestiune 1 firma,2,BUC,0,0,,EUR,21,
00446823,1830A-KGE2-C01,1830A-KGE2-C01 MUFFLER ASSY EXHAUST,Pe comanda,Marfuri gestiune 1 firma,0,BUC,0,0,,EUR,21,
00446611,1830A-KKC1-E0A,1830A-KKC1-E0A MUFFLER ASSY,Pe comanda,Marfuri gestiune 1 firma,0,BUC,0,0,,EUR,21,
00445203,1830A-LDE9-E00,1830A-LDE9-E00 MUFFLER ASSY EXHAUST,Pe comanda,Marfuri gestiune 1 firma,0,BUC,0,0,,EUR,21,
00448513,1830A-LLB1-EZ0,1830A-LLB1-EZ0 MUFFLER ASSY,Pe comanda,Marfuri gestiune 1 firma,0,BUC,0,0,,EUR,21,
00448340,1830A-LLJ1-E00,1830A-LLJ1-E00 MUFFLER ASSY EXHAUST,Pe comanda,Marfuri gestiune 1 firma,0,BUC,0,0,,EUR,21,
00451127,18317-LGE7-E0A,18317-LGE7-E0A PROTECTOR COMP MUFFLER,Pe comanda,Marfuri gestiune 1 firma,0,BUC,38.9,46.29,,EUR,21,Protectie esapament
00446612,18317-LGR5-E10,18317-LGR5-E10 PROTECTOR MUFFLER,Pe comanda,Marfuri gestiune 1 firma,0,BUC,0,0,,EUR,21,
00451553,18318-ADG5-E00-ZBP,18318-ADG5-E00-ZBP MUFFLER PROTECTOR,Pe comanda,Marfuri gestiune 1 firma,0,BUC,351.2397,425,,EUR,21,Protectie esapament
00450257,18318-AGE2-E00-DKX,18318-AGE2-E00-DKX PROTECTOR MUFF,Pe comanda,Marfuri gestiune 1 firma,0,BUC,60,71.4,,EUR,21,Protectie esapament
00450682,18318-ALJ8-E10-NES,18318-ALJ8-E10-NES PROTECTOR MUFFLER,Pe comanda,Marfuri gestiune 1 firma,0,BUC,222.689075,265,,EUR,21,
00451551,18318-BLB3-E10-NEP,18318-BLB3-E10-NEP MUFF PROTECTOR,Pe comanda,Marfuri gestiune 1 firma,0,BUC,295.8678,358,,EUR,21,Protectie esapament
00447681,18318-KEBE-900,18318-KEBE-900 PRTECTOR MUFFLER,Pe comanda,Marfuri gestiune 1 firma,0,BUC,0,0,,EUR,21,
00446042,18318-KEC8-900,18318-KEC8-900 PROTECTOR MUFFLER BODY,Pe comanda,Marfuri gestiune 1 firma,1,BUC,0,0,,EUR,21,
00446809,18318-KFA3-E00,18318-KFA3-E00 PROTECTOR MUFFLER,Pe comanda,Marfuri gestiune 1 firma,0,BUC,0,0,,EUR,21,
00445881,18318-KFAF-900,18318-KFAF-900 PROTECTOR MUFFLER,Pe comanda,Marfuri gestiune 1 firma,1,BUC,122.314,148,,EUR,21,Protectie esapament
00451547,18318-KFAF-E00-NES,18318-KFAF-E00-NES PROTECTOR MUFFLER/MAT BLACK,Pe comanda,Marfuri gestiune 1 firma,0,BUC,122.314,148,,EUR,21,Protectie esapament
00448064,18318-LBA2-E00-HQP,18318-LBA2-E00-HQP PROTECTOR MUFFLER,Pe comanda,Marfuri gestiune 1 firma,0,BUC,0,0,,EUR,21,
00448258,18318-LBA2-E00-YYP,18318-LBA2-E00-YYP PROTECTOR MUFFLER,Pe comanda,Marfuri gestiune 1 firma,0,BUC,0,0,,EUR,21,
00451393,18318-LCD3-C00-HJA,18318-LCD3-C00-HJA PROTECTOR MUFFLER,Pe comanda,Marfuri gestiune 1 firma,0,BUC,13,15.73,,EUR,21,Protectie esapament
00449578,18318-LDA6-B80,18318-LDA6-B80 PROTECTOR MUFLER,Pe comanda,Marfuri gestiune 1 firma,0,BUC,0,0,,EUR,21,
00450601,18318-LDF7-E10,18318-LDF7-E10 PROTECTOR MUFFLER,Pe comanda,Marfuri gestiune 1 firma,0,BUC,13.16,15.66,,EUR,21,Protectie esapament
00446168,18318-LEA7-E00-YYP,18318-LEA7-E00-YYP PROTECTOR MUFFLER,Pe comanda,Marfuri gestiune 1 firma,1,BUC,0,0,,EUR,21,
00446709,18318-LEJ2-E10,18318-LEJ2-E10 PROTECTOR MUFFLER,Pe comanda,Marfuri gestiune 1 firma,0,BUC,0,0,,EUR,21,
00445147,18318-LEJ3-E10,18318-LEJ3-E10 PROTECTOR MUFFLER,Pe comanda,Marfuri gestiune 1 firma,1,BUC,0,0,,EUR,21,
00451594,18318-LGC6-E00-T04,18318-LGC6-E00-T04 MUFFLER PROTECTOR AK550,Pe comanda,Marfuri gestiune 1 firma,0,BUC,427.2727,517,,EUR,21,PROTECTIE ESAPAMENT
00451166,18318-LGR5-E10,18318-LGR5-E10 PROTECTOR MUFFLER,Pe comanda,Marfuri gestiune 1 firma,0,BUC,27.69,32.95,,EUR,21,Protectie esapament
00446690,18318-LKF5-E00-D34,18318-LKF5-E00-D34 PROTECTOR MUFFLER NH263 MAT GREY,Pe comanda,Marfuri gestiune 1 firma,0,BUC,0,0,,EUR,21,
00446043,18318-LKG7-E00-D1U,18318-LKG7-E00-D1U PROTECTOR MUFFLER,Pe comanda,Marfuri gestiune 1 firma,2,BUC,0,0,,EUR,21,
00448005,18318-LKH3-C00,18318-LKH3-C00 PROTECTOR MUFFLER,Pe comanda,Marfuri gestiune 1 firma,0,BUC,0,0,,EUR,21,
00451141,18318-LKH3-C00-MB7121,18318-LKH3-C00-MB7121 COVER MUFFLER,Pe comanda,Marfuri gestiune 1 firma,0,BUC,59.23,70.48,,EUR,21,Protectie
00447654,18318-LLJ3-E00,18318-LLJ3-E00 PROTECTOR MUFFLER,Pe comanda,Marfuri gestiune 1 firma,0,BUC,0,0,,EUR,21,
00451392,1831C-ALK1-E90,1831C-ALK1-E90 ASSY CAP MUFFLER,Pe comanda,Marfuri gestiune 1 firma,0,BUC,16,19.36,,EUR,21,Cap esapament
00448026,18320-LDB5-E00,18320-LDB5-E00 PIPE EXHAUST,Pe comanda,Marfuri gestiune 1 firma,0,BUC,0,0,,EUR,21,
00448659,18325-LBA2-E00-HJS,18325-LBA2-E00-HJS PROTECTOR EXH PIPE,Pe comanda,Marfuri gestiune 1 firma,0,BUC,0,0,,EUR,21,Protectie esapament
00450850,18325-LBA2-E00-N1S,18325-LBA2-E00-N1S PROTECTOR EXH PIPE,Pe comanda,Marfuri gestiune 1 firma,0,BUC,17.46,20.78,,EUR,21,Protectie esapament
00445657,18325-LBA7-900,18325-LBA7-900 PROTECTOR PIPE EXHAUST,Pe comanda,Marfuri gestiune 1 firma,2,BUC,0,0,,EUR,21,Protectie esapament
00446710,18325-LCD2-E00-HJS,18325-LCD2-E00-HJS PROTECTOR EXH PIPE,Pe comanda,Marfuri gestiune 1 firma,0,BUC,0,0,,EUR,21,Protectie esapament
00447054,18325-LDB2-900-N1S,18325-LDB2-900-N1S PROTECTOR EXH PIIPE,Pe comanda,Marfuri gestiune 1 firma,0,BUC,0,0,,EUR,21,Protectie esapament
00449482,18325-LDB5-E00,18325-LDB5-E00 PROTECTOR EXH PIPE,Pe comanda,Marfuri gestiune 1 firma,0,BUC,0,0,,EUR,21,Protectie esapament
00446292,18325-LEA7-E00-YYS,18325-LEA7-E00-YYS PROTECTOR EXHAUST,Pe comanda,Marfuri gestiune 1 firma,1,BUC,0,0,,EUR,21,Protectie esapament
00451387,18325-LFC3-E10,18325-LFC3-E10 MUFFLER COMP EXH,Pe comanda,Marfuri gestiune 1 firma,0,BUC,5.85,7.08,,EUR,21,Protectie esapament
00449186,18325-LLB1-900,18325-LLB1-900 PROTECTOR EXH PIPE,Pe comanda,Marfuri gestiune 1 firma,0,BUC,0,0,,EUR,21,Protectie esapament
00447727,18329-PWB1-900,18329-PWB1-900 GASKET SPARK ARRESTER,Pe comanda,Marfuri gestiune 1 firma,1,BUC,0,0,,EUR,21,
00450851,18357-LBA2-E00,18357-LBA2-E00 PROTECTOR INNER EXH ASSY,Pe comanda,Marfuri gestiune 1 firma,0,BUC,4.5,5.36,,EUR,21,Protectie esapament
00451099,18371-LBA2-E00,18371-LBA2-E00 BAND MUFFLER,Pe comanda,Marfuri gestiune 1 firma,0,BUC,10.58,12.59,,EUR,21,Colier
00448941,18371-LEA7-E00,18371-LEA7-E00 BAND MUFFLER,Pe comanda,Marfuri gestiune 1 firma,0,BUC,0,0,,EUR,21,
00445353,18380-KKA7-E00,18380-KKA7-E00 LEFT MUFFLER COMP,Pe comanda,Marfuri gestiune 1 firma,1,BUC,0,0,,EUR,21,
00450476,18391-LBA2-E00,18391-LBA2-E00 GASKET,Pe comanda,Marfuri gestiune 1 firma,0,BUC,11.23,13.36,,EUR,21,Garnitura esapament
00448792,18391-LDB2-E0A,18391-LDB2-E0A GASKET,Pe comanda,Marfuri gestiune 1 firma,0,BUC,0,0,,EUR,21,
00448279,18391-LDH1-E00,18391-LDH1-E00 GASKET,Pe comanda,Marfuri gestiune 1 firma,0,BUC,0,0,,EUR,21,
00447728,18391-PWB1-900,18391-PWB1-900 GASKET EXH,Pe comanda,Marfuri gestiune 1 firma,1,BUC,78.5124,95,,EUR,21,Garnitura esapament
00448082,18424-LBA7-E00,18424-LBA7-E00 COLLAR MUFFLER STAY,Pe comanda,Marfuri gestiune 1 firma,3,BUC,0,0,,EUR,21,
00451539,18601-KBE2-900,18601-KBE2-900 REED VALVE COMP 52*27*6,Pe comanda,Marfuri gestiune 1 firma,0,BUC,80.1653,97,,EUR,21,Supapa recirculare
00451409,18618-LLF5-90A,18618-LLF5-90A RUBBER AICV MOUNT,Pe comanda,Marfuri gestiune 1 firma,1,BUC,14.876,18,,EUR,21,Cauciuc amortizare
00445912,18645-GFY6-941,18645-GFY6-941 GASKET A/I PIPE,Pe comanda,Marfuri gestiune 1 firma,5,BUC,0,0,,EUR,21,
00446806,18645-LBA2-E00,18645-LBA2-E00 GASKET A/I PIPE,Pe comanda,Marfuri gestiune 1 firma,0,BUC,9.9174,12,,EUR,21,Garnitura
00445748,18646-GFY6-941,18646-GFY6-941 GASKET A/I PIPE,Pe comanda,Marfuri gestiune 1 firma,1,BUC,9.9174,12,,EUR,21,Garnitura
00450235,18646-GFY6-C10,18646-GFY6-C10 GASKET A/I PIPE,Pe comanda,Marfuri gestiune 1 firma,1,BUC,7.563025,9,,EUR,21,Garnitura
00447099,18646-LBA2-E00,18646-LBA2-E00 GASKET A/I PIPE,Pe comanda,Marfuri gestiune 1 firma,1,BUC,0,0,,EUR,21,
00449712,18646-LDC8-E10,18646-LDC8-E10 GASKET A/I PIPE,Pe comanda,Marfuri gestiune 1 firma,0,BUC,0,0,,EUR,21,
00450411,18647-KHE7-900,18647-KHE7-900 PIPE COMP AIR,Pe comanda,Marfuri gestiune 1 firma,0,BUC,9.76,11.61,,EUR,21,Teava recirculare gaze
00448514,18647-KKAK-900,18647-KKAK-900 PIPE COMP AIR,Pe comanda,Marfuri gestiune 1 firma,0,BUC,0,0,,EUR,21,
00449401,18647-LBA2-E00,18647-LBA2-E00 PIPE COMP AIR /C,Pe comanda,Marfuri gestiune 1 firma,0,BUC,0,0,,EUR,21,
00447666,18647-LBE8-900,18647-LBE8-900 ROHR FUR SEKUNDARLUFT,Pe comanda,Marfuri gestiune 1 firma,0,BUC,0,0,,EUR,21,
00450684,18656-LBA2-E00,18656-LBA2-E00 DUCT AICV REED VALVE,Pe comanda,Marfuri gestiune 1 firma,0,BUC,3.92,4.66,,EUR,21,Ansamblu recirculare
00447570,18656-LDC8-E10,18656-LDC8-E10 DUCT AICV REED VALVE,Pe comanda,Marfuri gestiune 1 firma,1,BUC,41.3223,50,,EUR,21,Furtun
00451479,18656-LDF7-E10,18656-LDF7-E10 DUCT AICV REED VALVE,Pe comanda,Marfuri gestiune 1 firma,1,BUC,37.1901,45,,EUR,21,Furtun
00448065,18656-LEJ3-E10,18656-LEJ3-E10 TUBE AICV-REED VALVE,Pe comanda,Marfuri gestiune 1 firma,0,BUC,0,0,,EUR,21,
00450983,18657-LDC8-E10,18657-LDC8-E10 TUBE ASSY AICV INLET PIPE,Pe comanda,Marfuri gestiune 1 firma,0,BUC,24.7934,30,,EUR,21,Furtun
00446596,18805-KHB4-910,18805-KHB4-910 ELEMENT ASS'Y AIR/C,Pe comanda,Marfuri gestiune 1 firma,2,BUC,0,0,,EUR,21,
00447455,1880A-LBA7-E0A,1880A-LBA7-E0A AIC-AICV ASSY,Pe comanda,Marfuri gestiune 1 firma,0,BUC,123.9669,150,,EUR,21,Ansamblu recirculare
00449459,1880A-LDC8-E10,1880A-LDC8-E10 AIC AICV ASSY,Pe comanda,Marfuri gestiune 1 firma,0,BUC,0,0,,EUR,21,Ansamblu recirculare
00449888,1880A-LFA5-E0A,1880A-LFA5-E0A AI/C-AICV ASSY,Pe comanda,Marfuri gestiune 1 firma,0,BUC,16.97,20.19,,EUR,21,
00450830,18812-KBE2-900,18812-KBE2-900 SEAL AIR CLEANER COVER,Pe comanda,Marfuri gestiune 1 firma,0,BUC,1.19,1.42,,EUR,21,Garnitura
00450984,18814-LDC8-E10,18814-LDC8-E10 DUCT ASSY AICV-AIR,Pe comanda,Marfuri gestiune 1 firma,0,BUC,4.43,5.27,,EUR,21,Furtun
00448287,19001-KHV8-004,19001-KHV8-004 MV1298 BALL BEARING,Pe comanda,Marfuri gestiune 1 firma,0,BUC,0,0,,EUR,21,
00448487,19005-LBA7-900,19005-LBA7-900 SHROUD ASSY,Pe comanda,Marfuri gestiune 1 firma,0,BUC,0,0,,EUR,21,
00446955,19005-LFA7-E00,19005-LFA7-E00 SHROUD ASSY,Pe comanda,Marfuri gestiune 1 firma,0,BUC,0,0,,EUR,21,
00449667,19005-PWB1-900,19005-PWB1-900 FAN COOLING SMALL,Pe comanda,Marfuri gestiune 1 firma,0,BUC,0,0,,EUR,21,
00449460,19010-LBA7-900,19010-LBA7-900 RADIATOR COMP,Marfuri,Marfuri gestiune 1 firma,0,BUC,0,0,,EUR,21,Radiator
00447813,19010-LDB5-E00,19010-LDB5-E00 RADIATOR COMP,Pe comanda,Marfuri gestiune 1 firma,1,BUC,0,0,,EUR,21,Radiator
00446622,19010-LEA5-E00,19010-LEA5-E00 RADITOR COMP,Pe comanda,Marfuri gestiune 1 firma,0,BUC,0,0,,EUR,21,Radiator
00447851,19010-LFA7-E00,19010-LFA7-E00 RADIATOR COMP,Pe comanda,Marfuri gestiune 1 firma,0,BUC,0,0,,EUR,21,Radiator
00448153,19010-LKG7-E00,19010-LKG7-E00 RADIATOR COMP,Pe comanda,Marfuri gestiune 1 firma,0,BUC,0,0,,EUR,21,Radiator
00449772,19010-PTA1-900,19010-PTA1-900 RADIATOR COMP,Pe comanda,Marfuri gestiune 1 firma,0,BUC,0,0,,EUR,21,Radiator
00450259,19012-KHD8-900,19012-KHD8-900 UNIT RADIATOR CAP,Pe comanda,Marfuri gestiune 1 firma,0,BUC,5.9,7.02,,EUR,21,Cap radiator
00447729,19020-KHD8-900,19020-KHD8-900 FANCOOLING,Pe comanda,Marfuri gestiune 1 firma,0,BUC,0,0,,EUR,21,
00450659,19020-LBA2-E00,19020-LBA2-E00 FAN COOLING,Pe comanda,Marfuri gestiune 1 firma,0,BUC,9.76,11.61,,EUR,21,Elice ventilator
00447730,19030-LBA7-900,19030-LBA7-900 MOTOR ASSY FAN,Pe comanda,Marfuri gestiune 1 firma,0,BUC,0,0,,EUR,21,
00449761,19102-ALC1-E00-N1R,19102-ALC1-E00-N1R DUCT COOLING AIR,Pe comanda,Marfuri gestiune 1 firma,0,BUC,0,0,,EUR,21,
00445204,19102-KKC4-900,19102-KKC4-900 DUCT COOLING AIR,Pe comanda,Marfuri gestiune 1 firma,1,BUC,0,0,,EUR,21,
00450403,19102-LBA7-910-N1R,19102-LBA7-910-N1R DUCT COOLING AIR,Pe comanda,Marfuri gestiune 1 firma,0,BUC,5.96,7.09,,EUR,21,Masca grila radiator
00450405,19103-LBA7-900,19103-LBA7-900 GRID RADIATOR,Pe comanda,Marfuri gestiune 1 firma,0,BUC,1.68,2,,EUR,21,Grila radiator
00450676,19111-GBE2-004,19111-GBE2-004 CAP COMP,Pe comanda,Marfuri gestiune 1 firma,0,BUC,5.7,6.78,,EUR,21,Capac radiator
00446973,19111-PRB3-900,19111-PRB3-900 CAP COMP RADIATOR,Pe comanda,Marfuri gestiune 1 firma,1,BUC,0,0,,EUR,21,
00446580,19200-LBA2-E00,19200-LBA2-E00 WATER PUMP ASSY,Pe comanda,Marfuri gestiune 1 firma,0,BUC,0,0,,EUR,21,Pompa de apa
00448769,19200-LDB5-E00,19200-LDB5-E00 WATER PUMP ASSY,Pe comanda,Marfuri gestiune 1 firma,0,BUC,361.9835,438,,EUR,21,Pompa de apa
00447505,19200-LEE8-E00,19200-LEE8-E00 WATER PUMO ASSY,Pe comanda,Marfuri gestiune 1 firma,1,BUC,0,0,,EUR,21,Pompa de apa
00449816,19200-LEE8-E00-FS2,19200-LEE8-E00-FS2 WATER PUMP,Pe comanda,Marfuri gestiune 1 firma,0,BUC,0,0,,EUR,21,
00445276,19210-KKC4-900,19210-KKC4-900 CAP RESERVE TANK,Pe comanda,Marfuri gestiune 1 firma,6,BUC,0,0,,EUR,21,
00451250,19211-KEBE-900,19211-KEBE-900 BODY WATER PUMP,Pe comanda,Marfuri gestiune 1 firma,0,BUC,11.03,13.13,,EUR,21,Corp pompa de apa
00447153,19215-KFA5-900,19215-KFA5-900 IMPELLER WATER,Pe comanda,Marfuri gestiune 1 firma,0,BUC,0,0,,EUR,21,
00447614,19215-KHE7-900,19215-KHE7-900 IMPELLER WATER PUMP,Pe comanda,Marfuri gestiune 1 firma,3,BUC,0,0,,EUR,21,
00449812,19215-KHE7-900-FS2,19215-KHE7-900-FS2 IMPELLER WATER PUMP,Pe comanda,Marfuri gestiune 1 firma,2,BUC,0,0,,EUR,21,
00448188,19215-LEA7-E00,19215-LEA7-E00 IMPELLER WATER PUMP,Pe comanda,Marfuri gestiune 1 firma,0,BUC,0,0,,EUR,21,Elice pompa apa
00445658,19217-6G57-024,19217-6G57-024 SEAL MECHANICAL,Pe comanda,Marfuri gestiune 1 firma,0,BUC,0,0,,EUR,21,
00445585,19217-KED9-900,19217-KED9-900 SEAL MACHINAL,Pe comanda,Marfuri gestiune 1 firma,2,BUC,0,0,,EUR,21,
00448789,19217-KFA5-900,19217-KFA5-900 SEAL MECHANICAL,Pe comanda,Marfuri gestiune 1 firma,3,BUC,0,0,,EUR,21,
00450910,19217-PRB9-E01,19217-PRB9-E01 SEAL MECHANICAL,Pe comanda,Marfuri gestiune 1 firma,0,BUC,17.39,20.69,,EUR,21,Presetupa pompa apa
00448759,19217-ZPA3-E00,19217-ZPA3-E00 SEAL MECHANICAL,Pe comanda,Marfuri gestiune 1 firma,0,BUC,0,0,,EUR,21,Presetupa
00449828,19217-ZPA3-E00-FS5,19217-ZPA3-E00-FS5 SEAL MECHANICAL,Pe comanda,Marfuri gestiune 1 firma,0,BUC,0,0,,EUR,21,
00451316,19217-ZPA3-E01,19217-ZPA3-E01 SEAL MECHANICAL,Pe comanda,Marfuri gestiune 1 firma,1,BUC,118.1818,143,,EUR,21,Presetupa
00448100,19221-KFA5-900,19221-KFA5-900 COVER WATER PUMP,Pe comanda,Marfuri gestiune 1 firma,0,BUC,0,0,,EUR,21,
00450919,19221-KKJ9-011,19221-KKJ9-011 COVER WATER PUMP,Pe comanda,Marfuri gestiune 1 firma,0,BUC,4.07,4.84,,EUR,21,Capac pompa apa
00446257,19229-KED9-900,19229-KED9-900 GASKET WATER PUMP,Pe comanda,Marfuri gestiune 1 firma,2,BUC,0,0,,EUR,21,
00447154,19229-KFA5-900,19229-KFA5-900 GASKET WATER PUMP,Pe comanda,Marfuri gestiune 1 firma,1,BUC,0,0,,EUR,21,Garnitura pompa apa
00450909,19229-KFA5-980,19229-KFA5-980 GASKET WATER PUMP,Pe comanda,Marfuri gestiune 1 firma,0,BUC,1.04,1.24,,EUR,21,Garnitura pompa apa
00445749,19229-KHE7-900,19229-KHE7-900 GASLET WATER PUMP,Pe comanda,Marfuri gestiune 1 firma,1,BUC,0,0,,EUR,21,
00451294,19229-LBA2-E00-MA3076,19229-LBA2-E00-MA3076 RING WATER PUMP,Pe comanda,Marfuri gestiune 1 firma,0,BUC,6.38,7.72,,EUR,21,Garnitura pompa apa
00446170,19229-LBA7-900,19229-LBA7-900 GASKET WATER COMP,Pe comanda,Marfuri gestiune 1 firma,3,BUC,18.1818,22,,EUR,21,Garnitura pompa apa
00450876,19229-LBA7-C00,19229-LBA7-C00 GASKET WATER PUMP,Pe comanda,Marfuri gestiune 1 firma,5,BUC,0.58,0.69,,EUR,21,Garnitura pompa apa
00449090,19229-LDB5-E00,19229-LDB5-E00 RING WATER PUMP,Pe comanda,Marfuri gestiune 1 firma,0,BUC,0,0,,EUR,21,
00449151,19229-LDB5-E00,19229-LDB5-E00 MV8055 ORING,Pe comanda,Marfuri gestiune 1 firma,0,BUC,0,0,,EUR,21,
00447044,19229-LEA7-E00,19229-LEA7-E00 GASKET WATER PUMP,Pe comanda,Marfuri gestiune 1 firma,0,BUC,18.1818,22,,EUR,21,Garnitura pompa apa
00451455,19229-LFA7-E00,19229-LFA7-E00 GASKET WATER PUMP,Pe comanda,Marfuri gestiune 1 firma,1,BUC,18.1818,22,,EUR,21,Garnitura pompa apa
00451361,19229-LKM5-E00,19229-LKM5-E00 RING WATER PUMP,Pe comanda,Marfuri gestiune 1 firma,0,BUC,2.93,3.55,,EUR,21,Inel pompa de apa
00447155,19231-KFA5-900,19231-KFA5-900 SHAFT WATER PUMP,Pe comanda,Marfuri gestiune 1 firma,1,BUC,0,0,,EUR,21,Ax pompa apa
00446443,19231-KKJ9-011,19231-KKJ9-011 SHAFT WATER PUMP,Pe comanda,Marfuri gestiune 1 firma,0,BUC,0,0,,EUR,21,Ax pompa apa
00447900,19231-KKJ9-C00,19231-KKJ9-C00 SHAFT WATER PUMP,Pe comanda,Marfuri gestiune 1 firma,1,BUC,0,0,,EUR,21,Ax pompa apa
00450176,19231-LEA7-E00,19231-LEA7-E00 SHAFT WATER PUMP,Pe comanda,Marfuri gestiune 1 firma,0,BUC,9.62,11.45,,EUR,21,Ax pompa apa
00450177,19232-LBA2-E00,19232-LBA2-E00 WASHER 21*13.8*1.5,Pe comanda,Marfuri gestiune 1 firma,0,BUC,0.86,1.02,,EUR,21,Saiba 21*13.8*1.5
00445882,19300-KAE1-004,19300-KAE1-004 THERMO STAT ASSY,Pe comanda,Marfuri gestiune 1 firma,2,BUC,0,0,,EUR,21,Termostat
00447634,19300-LBA2-E00,19300-LBA2-E00 THERMOSTAT ASSY,Pe comanda,Marfuri gestiune 1 firma,0,BUC,0,0,,EUR,21,Termostat
00450263,19300-LFA7-E0A,19300-LFA7-E0A THERMOSTAT ASSY,Pe comanda,Marfuri gestiune 1 firma,0,BUC,34.45,34.45,,EUR,21,Termostat
00445354,19310-KEBE-900,19310-KEBE-900 CASE COMP THERMOSTAT,Pe comanda,Marfuri gestiune 1 firma,1,BUC,0,0,,EUR,21,Carcasa termostat
00447471,19310-KHE7-900,19310-KHE7-900 CASE COMP THERMOSTAT,Pe comanda,Marfuri gestiune 1 firma,0,BUC,57.8512,70,,EUR,21,Carcasa termostat
00448532,19310-LBA2-E00,19310-LBA2-E00 CASE COMP THERMOSTAT,Pe comanda,Marfuri gestiune 1 firma,0,BUC,0,0,,EUR,21,
00451259,19310-LDB5-E00,19310-LDB5-E00 CASE COMP THERMOSTAT,Pe comanda,Marfuri gestiune 1 firma,0,BUC,18,18,,EUR,21,
00451000,19310-LDF2-900,19310-LDF2-900 CASE COMP THERMOSTAT,Pe comanda,Marfuri gestiune 1 firma,0,BUC,14,14,,EUR,21,
00450653,19315-KEBE-900,19315-KEBE-900 COVER THERMOSTAT,Pe comanda,Marfuri gestiune 1 firma,0,BUC,2.14,2.55,,EUR,21,Capac termostat
00448533,19315-LBA2-E00,19315-LBA2-E00 COVER THERMOSTAT,Pe comanda,Marfuri gestiune 1 firma,0,BUC,0,0,,EUR,21,
00448297,19315-LBA7-900,19315-LBA7-900 COVER THERMOSTAT,Pe comanda,Marfuri gestiune 1 firma,0,BUC,0,0,,EUR,21,Capac termostat
00451162,19315-LFA7-E00,19315-LFA7-E00 COVER COMP THERMOSTAT,Pe comanda,Marfuri gestiune 1 firma,0,BUC,4,4.76,,EUR,21,Capac termostat
00447100,19317-LBA2-E00,19317-LBA2-E00 ORING 18.3*2,Pe comanda,Marfuri gestiune 1 firma,0,BUC,0,0,,EUR,21,
00445693,19410-KEB7-900,19410-KEB7-900 HOSE COOLING,Pe comanda,Marfuri gestiune 1 firma,2,BUC,0,0,,EUR,21,
00448019,19501-KHE7-900,19501-KHE7-900 HOSE A WATER,Pe comanda,Marfuri gestiune 1 firma,0,BUC,0,0,,EUR,21,
00445148,19501-LLJ3-E00,19501-LLJ3-E00 HOSE A WATER,Pe comanda,Marfuri gestiune 1 firma,0,BUC,0,0,,EUR,21,Furtun
00448020,19502-KHE7-900,19502-KHE7-900 HOSE B WATER,Pe comanda,Marfuri gestiune 1 firma,0,BUC,0,0,,EUR,21,
00451136,19502-LEA7-E00,19502-LEA7-E00 HOSE B WATER,Pe comanda,Marfuri gestiune 1 firma,0,BUC,5.33,6.34,,EUR,21,Furtun B
00448884,19503-LLJ3-E00,19503-LLJ3-E00 HOSE C WATER,Pe comanda,Marfuri gestiune 1 firma,0,BUC,0,0,,EUR,21,
00451260,19504-LBA2-E00,19504-LBA2-E00 CLAMP D16.8,Pe comanda,Marfuri gestiune 1 firma,0,BUC,3,3,,EUR,21,
00446015,19505-KEBE-900,19505-KEBE-900 HOSE WATER F,Pe comanda,Marfuri gestiune 1 firma,0,BUC,0,0,,EUR,21,
00451261,19505-LBA2-E00,19505-LBA2-E00 CLAMP WATER HOSE,Pe comanda,Marfuri gestiune 1 firma,0,BUC,4,4,,EUR,21,
00451123,19505-LDB5-E00,19505-LDB5-E00 HOSE WATER F ENG-RADIATOR,Pe comanda,Marfuri gestiune 1 firma,0,BUC,13.2,15.71,,EUR,21,Furtun radiator
00451262,19507-LBA2-E00,19507-LBA2-E00 CLAMP WATER HOSE,Pe comanda,Marfuri gestiune 1 firma,0,BUC,4,4,,EUR,21,
00451190,19507-LDB5-E00,19507-LDB5-E00 CLAMP D28,Pe comanda,Marfuri gestiune 1 firma,0,BUC,1.75,2.08,,EUR,21,Colier
00449781,19509-LBA2-E00,19509-LBA2-E00 MA3079 HUB FOR FRONT WHEEL,Pe comanda,Marfuri gestiune 1 firma,0,BUC,0,0,,EUR,21,
00445750,19600-KEB8-900,19600-KEB8-900 COVER ASSY FAN,Pe comanda,Marfuri gestiune 1 firma,1,BUC,0,0,,EUR,21,
00446949,19610-GLW0-902,19610-GLW0-902 FAN COVER COMP,Pe comanda,Marfuri gestiune 1 firma,0,BUC,0,0,,EUR,21,
00451552,1961A-BLB3-E00,1961A-BLB3-E00 COVER ASSY A,Pe comanda,Marfuri gestiune 1 firma,0,BUC,66.1157,80,,EUR,21,Capac ventilator
00451337,1961A-KUDU-E10,1961A-KUDU-E10 COVER ASSY FAN,Pe comanda,Marfuri gestiune 1 firma,0,BUC,90.9091,110,,EUR,21,Carena capac ventilator
00446950,19620-GAR1-881,19620-GAR1-881 SHROUD COMP,Pe comanda,Marfuri gestiune 1 firma,0,BUC,0,0,,EUR,21,
00448424,19620-KZCZ-900,19620-KZCZ-900 SHROUD COMP,Pe comanda,Marfuri gestiune 1 firma,0,BUC,0,0,,EUR,21,
00451018,19625-KEE1-C00,19625-KEE1-C00 SEAL SHROUND,Pe comanda,Marfuri gestiune 1 firma,0,BUC,2.62,3.12,,EUR,21,Garnitura
00447045,19625-KUDU-910,19625-KUDU-910 SEAL SHROUND,Pe comanda,Marfuri gestiune 1 firma,0,BUC,27.2727,33,,EUR,21,Garnitura cauciuc
00446635,1962A-KEB7-900,1962A-KEB7-900 CLIP SET SHROUND,Pe comanda,Marfuri gestiune 1 firma,0,BUC,0,0,,EUR,21,
00450229,1962A-KEE1-900,1962A-KEE1-900 SHROUND ASSY A,Pe comanda,Marfuri gestiune 1 firma,0,BUC,3.98,4.74,,EUR,21,Capac motor A
00449713,1962A-KEE1-C00,1962A-KEE1-C00 SHROUNS ASSY A,Pe comanda,Marfuri gestiune 1 firma,1,BUC,0,0,,EUR,21,
00451562,1962A-KKE3-900,1962A-KKE3-900 SHROUND ASSY A,Pe comanda,Marfuri gestiune 1 firma,0,BUC,76.0331,92,,EUR,21,Capac ventilatie
00450236,1962A-KKE3-C00,1962A-KKE3-C00 SHROUD ASSY A,Pe comanda,Marfuri gestiune 1 firma,0,BUC,3.51,4.18,,EUR,21,Capac racire A
00451338,1963A-ADB2-C00,1963A-ADB2-C00 SHROUD ASSY B,Pe comanda,Marfuri gestiune 1 firma,0,BUC,3.26,3.94,,EUR,21,Ansamblu carcasa
00449714,1963A-KGBG-900,1963A-KGBG-900 SHROUND ASSY B,Pe comanda,Marfuri gestiune 1 firma,1,BUC,0,0,,EUR,21,
00450412,1963A-KUDU-900,1963A-KUDU-900 SHROUND ASSY B,Pe comanda,Marfuri gestiune 1 firma,0,BUC,11.86,14.11,,EUR,21,Capac motor B
00450237,1963A-KUDU-C00,1963A-KUDU-C00 SHROUD ASSY B,Pe comanda,Marfuri gestiune 1 firma,0,BUC,4.39,5.22,,EUR,21,Capac racire B
00450230,1963A-LDC8-E10,1963A-LDC8-E10 SHROUND ASSY B,Pe comanda,Marfuri gestiune 1 firma,0,BUC,5.97,7.1,,EUR,21,Capac motor B
00451563,1963A-LDF7-E10,1963A-LDF7-E10 SHROUND ASSY B,Pe comanda,Marfuri gestiune 1 firma,0,BUC,80.1653,97,,EUR,21,Capac ventilatie B
00447125,21124-LKM5-E00,21124-LKM5-E00 OIL SEAL 42*51*4,Pe comanda,Marfuri gestiune 1 firma,1,BUC,0,0,,EUR,21,
00448503,21200-KFA1-900,21200-KFA1-900 CASE COMP MISSION,Pe comanda,Marfuri gestiune 1 firma,0,BUC,0,0,,EUR,21,Carcasa transmisie
00446258,21200-LCD9-E00,21200-LCD9-E00 CASE COMP MISIION,Pe comanda,Marfuri gestiune 1 firma,2,BUC,569.4215,689,,EUR,21,Carter transmisie
00451310,21201-LCA5-E00,21201-LCA5-E00 CASE MISSION,Pe comanda,Marfuri gestiune 1 firma,0,BUC,39,47.19,,EUR,21,Carcasa transmisie
00446582,21202-LCD9-E00,21202-LCD9-E00 CAP MISION,Pe comanda,Marfuri gestiune 1 firma,0,BUC,0,0,,EUR,21,Capac transmisie
00446259,21203-LCD9-E00,21203-LCD9-E00 CASE FINAL SHAFT,Pe comanda,Marfuri gestiune 1 firma,2,BUC,185.9504,225,,EUR,21,Carcasa ax final
00445205,21310-LDB1-900,21310-LDB1-900 ROLLER COMP WEIGHT,Pe comanda,Marfuri gestiune 1 firma,1,BUC,0,0,,EUR,21,
00449187,21395-KEC4-980,21395-KEC4-980 GASKET MISSION CASE,Pe comanda,Marfuri gestiune 1 firma,0,BUC,0,0,,EUR,21,Garnitura transmisie
00446573,21395-KEC4-C10,21395-KEC4-C10 GASKET MISION CASE,Pe comanda,Marfuri gestiune 1 firma,0,BUC,0,0,,EUR,21,Garnitura transmisie
00447977,21395-KEC4-E90,21395-KEC4-E90 GASKET TRANSMISION CASE,Pe comanda,Marfuri gestiune 1 firma,0,BUC,0,0,,EUR,21,Garnitura transmisie
00446065,21395-KHE7-900,21395-KHE7-900 GASKET MISSION COVER A,Pe comanda,Marfuri gestiune 1 firma,0,BUC,0,0,,EUR,21,Garnitura transmisie
00449742,21395-KHE7-980,21395-KHE7-980 GASKET MISSION COVER A,Pe comanda,Marfuri gestiune 1 firma,0,BUC,0,0,,EUR,21,Garnitura transmisie
00450269,21395-KNBN-C10,21395-KNBN-C10 GASKET MISSION CASE,Pe comanda,Marfuri gestiune 1 firma,0,BUC,1.75,2.08,,EUR,21,Garnitura transmisie
00450447,21395-KNBN-E90,21395-KNBN-E90 GASKET MISSION CASE,Pe comanda,Marfuri gestiune 1 firma,0,BUC,3.32,3.95,,EUR,21,Garnitura transmisie
00450875,21395-LBA2-E00,21395-LBA2-E00 GASKET MISSION COVER,Pe comanda,Marfuri gestiune 1 firma,0,BUC,3.41,4.06,,EUR,21,Garnitura transmisie
00450707,21395-LBA2-E00-MA3082,21395-LBA2-E00-MA3082 GASKET MISSION COVER,Pe comanda,Marfuri gestiune 1 firma,1,BUC,20.99,24.98,,EUR,21,Garnitura transmisie
00446661,21395-LBA7-900,21395-LBA7-900 GASKET MISSION CASE,Marfuri,Marfuri gestiune 1 firma,1,BUC,42.975,52,,EUR,21,Garnitura transmisie
00449823,21395-LBA7-900-FS5,21395-LBA7-900-FS5 GASKET MISSION,Pe comanda,Marfuri gestiune 1 firma,2,BUC,0,0,,EUR,21,Garnitura transmisie
00449701,21395-LCD2-E00,21395-LCD2-E00 GASKET MISSION COVER A,Pe comanda,Marfuri gestiune 1 firma,0,BUC,0,0,,EUR,21,Garnitura transmisie
00447623,21395-LCD3-E0A,21395-LCD3-E0A GASKET MISSION CASE A,Pe comanda,Marfuri gestiune 1 firma,0,BUC,56.1983,68,,EUR,21,Garnitura cutie
00000416,21395-LCD9-E00,21395-LCD9-E00 GASKET MISSION CASE,Marfuri,Marfuri gestiune 1 firma,2,BUC,41.3223,50,,EUR,21,Garnitura transmisie
00446481,21395-LCD9-E00,21395-LCD9-E00 GASKET MISSION CASE,Marfuri,Marfuri gestiune 1 firma,5,BUC,45.4545,55,,EUR,21,Garnitura transmisie
00450392,21395-LDB1-700,21395-LDB1-700 GASKET MISSION COVER,Pe comanda,Marfuri gestiune 1 firma,0,BUC,33.0579,40,,EUR,21,Garnitura transmisie
00450244,21395-LDF2-900,21395-LDF2-900 GASKET MISSION CASE,Pe comanda,Marfuri gestiune 1 firma,0,BUC,9.4,11.19,,EUR,21,Garnitura transmisie
00445586,21395-LEA5-E00,21395-LEA5-E00 GASKET MISION CASE,Pe comanda,Marfuri gestiune 1 firma,0,BUC,0,0,,EUR,21,Garnitura transmisie
00448324,21395-LEA7-E00,21395-LEA7-E00 GASKET MISSUION CASE,Pe comanda,Marfuri gestiune 1 firma,0,BUC,0,0,,EUR,21,Garnitura transmisie
00451214,21395-LGC6-E00,21395-LGC6-E00 GASKET MISSION COVER,Pe comanda,Marfuri gestiune 1 firma,0,BUC,8.66,10.31,,EUR,21,Garnitura transmisie
00449588,21395-LLJ3-E0A,21395-LLJ3-E0A GASCKET MISSION COVER A,Pe comanda,Marfuri gestiune 1 firma,0,BUC,0,0,,EUR,21,Garnitura transmisie
00451673,21395-YZA6-E00,21395-YZA6-E00 TRANSMISSION GASKET,Pe comanda,Marfuri gestiune 1 firma,0,BUC,28.9256,35,,EUR,21,Garnitura transmisie
00445514,21396-LCD9-E00,21396-LCD9-E00 GASKET MISSION COVER,Pe comanda,Marfuri gestiune 1 firma,2,BUC,0,0,,EUR,21,Carnitura capac
00451604,22100-ADG5-E00,22100-ADG5-E00 OUTER COMP CLUTCH,Pe comanda,Marfuri gestiune 1 firma,0,BUC,304.1322,368,,EUR,21,Oala ambreaj
00000601,22100-GAR1-751,22100-GAR1-751 CLUTCH OUTER,Pe comanda,Marfuri gestiune 1 firma,0,BUC,86.7769,105,,EUR,21,Oala ambreaj
00448315,22100-GHAH-721,22100-GHAH-721 FACE COMP DRIVE,Pe comanda,Marfuri gestiune 1 firma,0,BUC,0,0,,EUR,21,
00448114,22100-LBA2-E00,22100-LBA2-E00 CLUTCH OUTER,Pe comanda,Marfuri gestiune 1 firma,0,BUC,0,0,,EUR,21,Oala ambreaj
00449474,22100-LBA7-C00,22100-LBA7-C00 OUTER CLUTCH,Pe comanda,Marfuri gestiune 1 firma,1,BUC,0,0,,EUR,21,
00451198,22100-LDC8-E10,22100-LDC8-E10 CLUTCH OUTER,Pe comanda,Marfuri gestiune 1 firma,0,BUC,81.8182,99,,EUR,21,Oala ambreaj
00449033,22100-LEA7-E00,22100-LEA7-E00 OUTER COMP CLUTCH,Pe comanda,Marfuri gestiune 1 firma,0,BUC,0,0,,EUR,21,Oala ambreaj
00448828,22100-LFA5-900,22100-LFA5-900 FACE COMP MOVABLE,Pe comanda,Marfuri gestiune 1 firma,0,BUC,0,0,,EUR,21,
00448834,22101-KEBE-900,22101-KEBE-900 CLUTCH DRIVE,Pe comanda,Marfuri gestiune 1 firma,0,BUC,139.6694,169,,EUR,21,Oala ambreaj
00446075,22101-KHE7-900,22101-KHE7-900 OUTER CLUTCH,Pe comanda,Marfuri gestiune 1 firma,1,BUC,0,0,,EUR,21,
00445277,22101-LBA7-900,22101-LBA7-900 OUTER CLUTCH,Pe comanda,Marfuri gestiune 1 firma,5,BUC,0,0,,EUR,21,
00450271,22101-LBA7-C00,22101-LBA7-C00 OUTER CLUTCH,Marfuri,Marfuri gestiune 1 firma,1,BUC,165.2893,200,,EUR,21,Oala ambreaj
00448366,22102-GHAH-721,22102-GHAH-721 FACE COMP DRIVE,Pe comanda,Marfuri gestiune 1 firma,1,BUC,0,0,,EUR,21,Flansa cu pale variator
00447682,22102-KEBE-900,22102-KEBE-900 FACE DRIVE,Pe comanda,Marfuri gestiune 1 firma,1,BUC,0,0,,EUR,21,Flansa cu pale variator
00445847,22102-KHE7-900,22102-KHE7-900 FACE DRIVE,Marfuri,Marfuri gestiune 1 firma,4,BUC,81.8182,99,,EUR,21,Flansa cu pale variator
00449808,22102-KHE7-C00,22102-KHE7-C00 FACE DRIVE,Pe comanda,Marfuri gestiune 1 firma,3,BUC,0,0,,EUR,21,Flansa cu pale variator
00445828,22102-KKC3-900,22102-KKC3-900 FACE DRIVE,Marfuri,Marfuri gestiune 1 firma,1,BUC,0,0,,EUR,21,Flansa cu pale variator
00449702,22102-KUDU-220,22102-KUDU-220 FACE DRIVE,Pe comanda,Marfuri gestiune 1 firma,1,BUC,0,0,,EUR,21,Flansa cu pale variator
00447403,22102-KUDU-E80,22102-KUDU-E80 FACE DRIVE,Pe comanda,Marfuri gestiune 1 firma,2,BUC,78.5124,95,,EUR,21,Flansa cu pale variator
00446016,22102-LBA2-E00,22102-LBA2-E00 FACE DRIVE,Pe comanda,Marfuri gestiune 1 firma,1,BUC,0,0,,EUR,21,Flansa cu pale variator
00448504,22102-LDB5-E00,22102-LDB5-E00 FACE DRIVE,Pe comanda,Marfuri gestiune 1 firma,1,BUC,0,0,,EUR,21,Flansa cu pale variator
00448173,22102-LDC8-E10,22102-LDC8-E10 FACE DRIVE,Pe comanda,Marfuri gestiune 1 firma,0,BUC,0,0,,EUR,21,Flansa cu pale variator
00445515,22102-LEA7-E00,22102-LEA7-E00 FACE DRIVE,Pe comanda,Marfuri gestiune 1 firma,0,BUC,0,0,,EUR,21,Flansa cu pale variator
00451480,22102-LEB1-900,22102-LEB1-900 FACE DRIVE,Pe comanda,Marfuri gestiune 1 firma,1,BUC,72.7273,88,,EUR,21,Flansa variator
00448906,22102-LFA5-900,22102-LFA5-900 FACE DRIVE,Pe comanda,Marfuri gestiune 1 firma,1,BUC,0,0,,EUR,21,Flansa cu pale variator
00449613,22102-LKF5-E02,22102-LKF5-E02 FACE COMP DRIVER,Pe comanda,Marfuri gestiune 1 firma,0,BUC,0,0,,EUR,21,Flansa cu pale variator
00445487,22102-PWB1-900,22102-PWB1-900 FACE DRIVE,Pe comanda,Marfuri gestiune 1 firma,14,BUC,0,0,,EUR,21,Flansa cu pale variator
00451286,22102-YZA6-E00,22102-YZA6-E00 FAN BLADE,Pe comanda,Marfuri gestiune 1 firma,0,BUC,70.2479,85,,EUR,21,Pale racire
00449507,22102-ZXA6-M01,22102-ZXA6-M01 FACE DRIVE,Marfuri,Marfuri gestiune 1 firma,1,BUC,227.2727,275,,EUR,21,Flansa cu pale variator
00448945,22103-KEB7-900,22103-KEB7-900 FANCTV COOLING,Pe comanda,Marfuri gestiune 1 firma,0,BUC,0,0,,EUR,21,
00448827,22105-ALE8-E00,22105-ALE8-E00 BOSS DRIVE FACE,Pe comanda,Marfuri gestiune 1 firma,1,BUC,0,0,,EUR,21,Bucsa variator
00447834,22105-GFY6-220,22105-GFY6-220 BOSS DRIVE FACE,Marfuri,Marfuri gestiune 1 firma,1,BUC,40.4959,49,,EUR,21,Bucsa variator
00451050,22105-GFY6-C00,22105-GFY6-C00 BOSS DRIVE FACE,Marfuri,Marfuri gestiune 1 firma,1,BUC,39.6694,48,,EUR,21,Bucsa variator
00447506,22105-GFY6-C10,22105-GFY6-C10 BOSS DRIVE FACE,Pe comanda,Marfuri gestiune 1 firma,0,BUC,0,0,,EUR,21,Bucsa variator
00445488,22105-GKAK-901,22105-GKAK-901 BOSS DRIVE FACE,Marfuri,Marfuri gestiune 1 firma,7,BUC,49.5868,60,,EUR,21,Bucsa variator
00448130,22105-KACA-900,22105-KACA-900 BOSS DRIVE FACE,Pe comanda,Marfuri gestiune 1 firma,0,BUC,0,0,,EUR,21,Bucsa variator
00451540,22105-KGBG-900,22105-KGBG-900 BOSS DRIVE FACE,Pe comanda,Marfuri gestiune 1 firma,0,BUC,57.0248,69,,EUR,21,Bucsa variator
00451416,22105-KGBG-C00,22105-KGBG-C00 BOSS DRIVE FACE,Pe comanda,Marfuri gestiune 1 firma,1,BUC,49.5868,60,,EUR,21,Bucsa Variator
00449863,22105-KHD4-E00,22105-KHD4-E00 BOSS DRIVE FACE,Pe comanda,Marfuri gestiune 1 firma,0,BUC,5.08,6.05,,EUR,21,Bucsa variator
00446595,22105-KHE7-900,22105-KHE7-900 BOSS DRIVE FACE,Pe comanda,Marfuri gestiune 1 firma,0,BUC,0,0,,EUR,21,Bucsa variator
00449370,22105-LBA2-E00,22105-LBA2-E00 BOSS DRIVE FACE,Pe comanda,Marfuri gestiune 1 firma,0,BUC,0,0,,EUR,21,Bucsa variator
00446076,22105-LBA7-900,22105-LBA7-900 BOSS DRIVE FACE,Pe comanda,Marfuri gestiune 1 firma,0,BUC,0,0,,EUR,21,Bucsa variator
00449738,22105-LBA7-C00,22105-LBA7-C00 BOSS DRIVE FACE,Marfuri,Marfuri gestiune 1 firma,4,BUC,0,0,,EUR,21,Bucsa variator
00449897,22105-LDB5-E00,22105-LDB5-E00 BOSS DRIVE FACE,Pe comanda,Marfuri gestiune 1 firma,1,BUC,16.58,16.58,,EUR,21,Bucsa variator
00449098,22105-LEA6-900,22105-LEA6-900 FACE DRIVE,Pe comanda,Marfuri gestiune 1 firma,0,BUC,0,0,,EUR,21,Bucsa variator
00451481,22105-LFB5-900,22105-LFB5-900 BOSS DRIVE FACE,Pe comanda,Marfuri gestiune 1 firma,1,BUC,51.2397,62,,EUR,21,Bucsa variator
00445516,22105-LGF9-E00,22105-LGF9-E00 BOSS DRIVE FACE,Pe comanda,Marfuri gestiune 1 firma,2,BUC,0,0,,EUR,21,Bucsa variator
00445796,22105-LLB1-900,22105-LLB1-900 BOSS DRIVE FACE,Marfuri,Marfuri gestiune 1 firma,1,BUC,0,0,,EUR,21,Bucsa variator
00447101,22105-LLJ1-900,22105-LLJ1-900 BOSS DRIVE FACE,Pe comanda,Marfuri gestiune 1 firma,0,BUC,0,0,,EUR,21,Bucsa variator
00449589,22105-PWB1-900,22105-PWB1-900 BOSS DRIVE FACE,Pe comanda,Marfuri gestiune 1 firma,2,BUC,0,0,,EUR,21,Bucsa variator
00451100,2210A-LCE6-E80,2210A-LCE6-E80 CLUTCH ASSY,Pe comanda,Marfuri gestiune 1 firma,0,BUC,55.84,66.45,,EUR,21,Ansamblu ambreaj
00451643,22110-ACD5-E00,22110-ACD5-E00 FACE COMP MOVABLE DRIVE,Pe comanda,Marfuri gestiune 1 firma,0,BUC,161.157,195,,EUR,21,Platou variator
00449614,22110-ADG5-E00,22110-ADG5-E00 FACE COMP DRIVE MOVABLE,Pe comanda,Marfuri gestiune 1 firma,0,BUC,0,0,,EUR,21,Platou variator
00448907,22110-ALE8-E00,22110-ALE8-E00 FACE COMP MOVABLE,Marfuri,Marfuri gestiune 1 firma,2,BUC,338.843,410,,EUR,21,Platou variator
00447835,22110-GFY6-901,22110-GFY6-901 FACE COMP MOVEABLE,Pe comanda,Marfuri gestiune 1 firma,1,BUC,0,0,,EUR,21,Platou variator
00447102,22110-KFA1-220,22110-KFA1-220 FACE COMP MOVEABLE DRIVE,Marfuri,Marfuri gestiune 1 firma,0,BUC,80.9917,98,,EUR,21,Platou variator
00446339,22110-KHE7-900,22110-KHE7-900 FACE COMP MOVABLE DRIVE,Marfuri,Marfuri gestiune 1 firma,2,BUC,95.0413,115,,EUR,21,Platou variator
00449811,22110-KHE7-900-FS2,22110-KHE7-900-FS2 FACEM COMP MOVABLE,Pe comanda,Marfuri gestiune 1 firma,0,BUC,0,0,,EUR,21,
00449827,22110-KHE7-900-FS5,22110-KHE7-900-FS5 FACE COMP MOVABLE DRIVE,Pe comanda,Marfuri gestiune 1 firma,1,BUC,0,0,,EUR,21,Platou variator
00449833,22110-KHE7-901-FS9,22110-KHE7-901-FS9 FACE COMP DRIVE,Pe comanda,Marfuri gestiune 1 firma,1,BUC,0,0,,EUR,21,Platou variator
00445797,22110-KKAK-90A,22110-KKAK-90A FACE COMP MOVABLE DRIVE,Pe comanda,Marfuri gestiune 1 firma,1,BUC,0,0,,EUR,21,Platou variator
00445934,22110-KKC3-900,22110-KKC3-900 FACE COMP MOVABLE DRIVE,Marfuri,Marfuri gestiune 1 firma,1,BUC,0,0,,EUR,21,Platou variator
00447507,22110-KUDU-220,22110-KUDU-220 FACE COMP MOVABLE DRIVE,Pe comanda,Marfuri gestiune 1 firma,2,BUC,80.9917,98,,EUR,21,Platou variator
00451628,22110-KUDU-220,22110-KUDU-220 FACE COMP MOVABLE DRIVE,Marfuri,Marfuri gestiune 1 firma,0,BUC,90.9091,110,,EUR,21,Platou variator
00447404,22110-KUDU-E80,22110-KUDU-E80 FACE COMP DRIVE MOVABLE,Pe comanda,Marfuri gestiune 1 firma,0,BUC,80.1653,97,,EUR,21,Platou variator
00446017,22110-LBA2-E00,22110-LBA2-E00 FACE COMP MOVABLE,Pe comanda,Marfuri gestiune 1 firma,1,BUC,0,0,,EUR,21,Platou variator
00449898,22110-LDB5-E00,22110-LDB5-E00 FACE COMP MOVABLE DRIVE,Pe comanda,Marfuri gestiune 1 firma,1,BUC,37.39,37.39,,EUR,21,Platou variator
00446141,22110-LDC8-E10,22110-LDC8-E10 FACE COMP MOVABLE DRIVE,Marfuri,Marfuri gestiune 1 firma,0,BUC,78.5124,95,,EUR,21,Platou variator
00451501,22110-LEB1-800,22110-LEB1-800 FACE COMP MOVABLE DRIVE,Pe comanda,Marfuri gestiune 1 firma,1,BUC,163.6364,198,,EUR,21,Platou variator
00445489,22110-LEJ2-E10,22110-LEJ2-E10 FACE COMP MOVABLE DRIVE,Pe comanda,Marfuri gestiune 1 firma,0,BUC,70.2479,85,,EUR,21,Platou variator
00446077,22110-LFG1-E00,22110-LFG1-E00 FACE COMP MOVABLE DRIVE,Pe comanda,Marfuri gestiune 1 firma,1,BUC,0,0,,EUR,21,Platou variator
00445517,22110-LGE5-E00,22110-LGE5-E00 FACE COMP MOVABLE DRIVE,Pe comanda,Marfuri gestiune 1 firma,2,BUC,0,0,,EUR,21,Platou variator
00447131,22110-LKM5-E00,22110-LKM5-E00 FACE COMP MOVABLE DRIVE,Pe comanda,Marfuri gestiune 1 firma,0,BUC,0,0,,EUR,21,Platou variator
00445490,22110-PWB1-900,22110-PWB1-900 FACE COMP MOVABLE,Pe comanda,Marfuri gestiune 1 firma,17,BUC,0,0,,EUR,21,Platou variator
00451287,22110-YZA6-E00,"22110-YZA6-E00 FRONT CLUTCH ASSEMBLY,13G",Pe comanda,Marfuri gestiune 1 firma,0,SET,260.3306,315,,EUR,21,Ansamblu variator
00450036,22110-ZXA6-M01,22110-ZXA6-M01 FACE COMP MOVABLE,Pe comanda,Marfuri gestiune 1 firma,0,BUC,56.09,66.75,,EUR,21,Platou variator
00451421,22111-YZA6-E00,22111-YZA6-E00 ACTIVE FRICTION DISC,Pe comanda,Marfuri gestiune 1 firma,5,BUC,113.2231,137,,EUR,21,Disc frictiune
00451422,22112-YZA6-E00,22112-YZA6-E00 BUSHING,Pe comanda,Marfuri gestiune 1 firma,3,BUC,28.9256,35,,EUR,21,Bucsa
00451462,22121-ACD5-305,22121-ACD5-305 ROLLER SET WEIGHT(1SET:8 PCS),Pe comanda,Marfuri gestiune 1 firma,3,SET,103.3058,125,,EUR,21,Set role variator
00451445,22121-AKF3-305,22121-AKF3-305 ROLLER SET WEIGHT,Pe comanda,Marfuri gestiune 1 firma,1,SET,72.7273,88,,EUR,21,Set role variator
00451101,22121-ALK1-305,22121-ALK1-305 ROLLER SET WEIGHT (1SET:6PCS),Pe comanda,Marfuri gestiune 1 firma,1,SET,61.157,74,,EUR,21,Set role variator
00448865,22121-GFY6-325,22121-GFY6-325 ROLLER COMP WEIGH 13GR,Marfuri,Marfuri gestiune 1 firma,4,SET,76.0331,92,,EUR,21,Set role variator
00448154,22121-GFY6-345,22121-GFY6-345 ROLLER COMP WEIGHT 13GR,Pe comanda,Marfuri gestiune 1 firma,0,SET,0,0,,EUR,21,Set role variator
00447566,22121-GFY6-92A,22121-GFY6-92A ROLLER COMP WIGHT 13GR,Pe comanda,Marfuri gestiune 1 firma,0,SET,0,0,,EUR,21,
00448036,22121-GLW0-305,22121-GLW0-305 WEIGHT ROLLER,Marfuri,Marfuri gestiune 1 firma,1,SET,71.9008,87,,EUR,21,Set role variator
00448254,22121-GLW0-315,22121-GLW0-315 WEGHT ROLLER COMP 8.5 GR,Pe comanda,Marfuri gestiune 1 firma,1,SET,80.9917,98,,EUR,21,Set role
00446171,22121-GLW0-901,22121-GLW0-901 WEIGHT ROLLER COMP 8.5 GR,Pe comanda,Marfuri gestiune 1 firma,0,SET,0,0,,EUR,21,
00448066,22121-KAAA-305,22121-KAAA-305 ROLLER SET WEIGHT 15.4 GR,Marfuri,Marfuri gestiune 1 firma,8,SET,80.1653,97,,EUR,21,Set role variator
00445751,22121-KAAA-900,22121-KAAA-900 ROLLER SET WEIGHT 15.4 GR,Pe comanda,Marfuri gestiune 1 firma,0,SET,0,0,,EUR,21,
00446970,22121-KEBE-900,22121-KEBE-900 ROLLER COMP 14.5 GR,Pe comanda,Marfuri gestiune 1 firma,0,SET,0,0,,EUR,21,
00449099,22121-KED1-305,22121-KED1-305 ROLLER COMP WEIGHT 12 GR,Pe comanda,Marfuri gestiune 1 firma,0,SET,0,0,,EUR,21,Set role variator
00445995,22121-KED1-900,22121-KED1-900 ROLLER SET WEIGHT 12GR,Pe comanda,Marfuri gestiune 1 firma,1,SET,0,0,,EUR,21,
00448129,22121-KFA1-305,22121-KFA1-305 ROLLER COMP WEIGHT,Marfuri,Marfuri gestiune 1 firma,0,SET,0,0,,EUR,21,Set role variator
00450896,22121-KFAF-305,22121-KFAF-305 ROLLER SET WEIGHT,Pe comanda,Marfuri gestiune 1 firma,0,SET,80.1653,97,,EUR,21,Set role
00447604,22121-KFBF-900,22121-KFBF-900 ROLLER COMP WEIGHT,Pe comanda,Marfuri gestiune 1 firma,1,SET,0,0,,EUR,21,Set role variator
00448126,22121-KHE7-305,22121-KHE7-305 ROLLER COMP WEIGHT,Marfuri,Marfuri gestiune 1 firma,1,SET,100.8264,122,,EUR,21,Set role variator
00445518,22121-KHE7-90A,22121-KHE7-90A ROLLER COMP WEIGHT 20 GR,Pe comanda,Marfuri gestiune 1 firma,1,SET,0,0,,EUR,21,
00448127,22121-KKC2-315,22121-KKC2-315 ROLLER COMP WEIGHT,Pe comanda,Marfuri gestiune 1 firma,0,SET,0,0,,EUR,21,Set role variator
00447936,22121-KKC2-E00,22121-KKC2-E00 ROLLER COMP WEIGHT,Pe comanda,Marfuri gestiune 1 firma,1,SET,0,0,,EUR,21,
00448128,22121-KKD7-305,22121-KKD7-305 ROLLER COMP WEIGHT,Marfuri,Marfuri gestiune 1 firma,1,SET,74.3802,90,,EUR,21,Set role variator
00451533,22121-KKD7-315,22121-KKD7-315 ROLLER SET WEIGHT,Pe comanda,Marfuri gestiune 1 firma,0,SET,74.3802,90,,EUR,21,Set role
00446260,22121-KKD7-900,22121-KKD7-900 ROLLER COMP WEIGHT 14GR,Pe comanda,Marfuri gestiune 1 firma,0,SET,0,0,,EUR,21,
00445519,22121-KKD9-900,22121-KKD9-900 ROLLER COMP WEIGHT 16 GR,Pe comanda,Marfuri gestiune 1 firma,1,SET,0,0,,EUR,21,
00450450,22121-KKE3-305,22121-KKE3-305 ROLLER COMP WEIGHT 12GR,Pe comanda,Marfuri gestiune 1 firma,0,SET,10.6,12.61,,EUR,21,Set role variator
00448067,22121-LBA7-305,22121-LBA7-305 ROLLER COMP WEIGHT 25 GR,Marfuri,Marfuri gestiune 1 firma,4,SET,104.9587,127,,EUR,21,Set role variator
00445520,22121-LBA7-900,22121-LBA7-900 ROLLER COMP WEIGHT 25 GR,Pe comanda,Marfuri gestiune 1 firma,10,SET,0,0,,EUR,21,
00448875,22121-LBD6-305,22121-LBD6-305 ROLLER COMP WEIGHT 6.5GR,Marfuri,Marfuri gestiune 1 firma,0,SET,0,0,,EUR,21,Set role variator
00448174,22121-LBD6-315,22121-LBD6-315 ROLLER COMP WEIGHT,Marfuri,Marfuri gestiune 1 firma,0,SET,72.7273,88,,EUR,21,Set role 6.5gr
00445521,22121-LBD6-E00,22121-LBD6-E00 ROLLER COMP WEIGHT 6.5 G,Pe comanda,Marfuri gestiune 1 firma,0,BUC,0,0,,EUR,21,
00449061,22121-LDB5-305,22121-LDB5-305 ROLLER COMP WEIGHT 19GR,Pe comanda,Marfuri gestiune 1 firma,0,SET,0,0,,EUR,21,Set role variator
00447134,22121-LDB5-E0A,22121-LDB5-E0A ROLLER COMP,Pe comanda,Marfuri gestiune 1 firma,0,SET,0,0,,EUR,21,
00449195,22121-LDG7-305,22121-LDG7-305 ROLLER COMP WEIGHT,Pe comanda,Marfuri gestiune 1 firma,0,SET,173.5537,210,,EUR,21,Set role variator
00446018,22121-LDG7-900,22121-LDG7-900 ROLLER COMP WEIGHT 33GR,Pe comanda,Marfuri gestiune 1 firma,1,SET,0,0,,EUR,21,1221A-LDB2--E00
00448558,22121-LEA5-305,22121-LEA5-305 ROLLER COMP WEIGHT 17GR,Pe comanda,Marfuri gestiune 1 firma,0,SET,73.5537,89,,EUR,21,Set role variator
00448138,22121-LEA7-305,22121-LEA7-305 ROLLER COMP WEIGHT,Pe comanda,Marfuri gestiune 1 firma,3,SET,0,0,,EUR,21,Set role variator
00446117,22121-LEA7-E00,22121-LEA7-E00 ROLLER COMP WEIGHT 15GR,Pe comanda,Marfuri gestiune 1 firma,0,BUC,0,0,,EUR,21,
00448793,22121-LFE9-305,22121-LFE9-305 ROLLER COMP WEIGHT SET,Marfuri,Marfuri gestiune 1 firma,1,SET,173.5537,210,,EUR,21,Set role (15gr)
00446887,22121-LFE9-E00,22121-LFE9-E00 ROLLER COMP WEIGHT 14 GR,Pe comanda,Marfuri gestiune 1 firma,0,BUC,0,0,,EUR,21,
00449202,22121-LFG2-305,22121-LFG2-305 ROLLER COMP WEIGHT 18GR,Marfuri,Marfuri gestiune 1 firma,1,SET,0,0,,EUR,21,Set role variator
00446078,22121-LFG2-E00,22121-LFG2-E00 ROLLER COMP WEIGHT 18GR,Pe comanda,Marfuri gestiune 1 firma,2,BUC,0,0,,EUR,21,
00447762,22121-LFG9-E00,22121-LFG9-E00 ROLLER COMP WEIGHT 12GR,Pe comanda,Marfuri gestiune 1 firma,0,BUC,0,0,,EUR,21,
00451023,22121-LGC6-305,22121-LGC6-305 ROLLER SET WEIGHT (1SET:8 PCS),Pe comanda,Marfuri gestiune 1 firma,0,SET,146.281,177,,EUR,21,Set role variator (8 buc)
00448829,22121-LGC7-305,22121-LGC7-305 ROLLER COMP WEIGHT,Marfuri,Marfuri gestiune 1 firma,1,SET,0,0,,EUR,21,Set role variator
00450122,22121-LKF5-305,22121-LKF5-305 ROLLΕR COMP WEIGHT SET,Pe comanda,Marfuri gestiune 1 firma,0,SET,8.68,10.33,,EUR,21,Set role variator
00446858,22121-LKF5-E00,22121-LKF5-E00 ROLLER COMP WEIGHT,Pe comanda,Marfuri gestiune 1 firma,0,BUC,0,0,,EUR,21,
00448205,22121-PWB1-305,22121-PWB1-305 ROLLER COMP WEIGHT 16 GR,Marfuri,Marfuri gestiune 1 firma,3,BUC,0,0,,EUR,21,Set role variator (8buc)
00451062,22121-YZA6-305,22121-YZA6-305 CLUTCH ROLLER WHEEL 13 G,Pe comanda,Marfuri gestiune 1 firma,0,SET,10.78,12.83,,EUR,21,Set role variator
00448913,22125-KKAK-900,22125-KKAK-900 SEAT ADJUSTER SPG,Pe comanda,Marfuri gestiune 1 firma,0,BUC,0,0,,EUR,21,
00451502,22130-LEB1-800,22130-LEB1-800 RAMP PLATE,Pe comanda,Marfuri gestiune 1 firma,1,BUC,61.9835,75,,EUR,21,Capac platou variator
00449615,22131-ADG5-E00,22131-ADG5-E00 PLATE RAMP,Pe comanda,Marfuri gestiune 1 firma,0,BUC,0,0,,EUR,21,Capac platou variator
00445522,22131-GFY6-901-PLATE,22131-GFY6-901-PLATE RAMP,Marfuri,Marfuri gestiune 1 firma,1,BUC,45.4545,55,,EUR,21,Capac platou variator
00451051,22131-GFY6-C00,22131-GFY6-C00 PLATE RAMP,Pe comanda,Marfuri gestiune 1 firma,0,BUC,47.9339,58,,EUR,21,Platou variator
00449100,22131-GHAH-781,22131-GHAH-781 PLATE RAMP,Marfuri,Marfuri gestiune 1 firma,0,BUC,34.7107,42,,EUR,21,Capac platou variator
00446293,22131-GHAH-C00,22131-GHAH-C00 PLATE RAMP,Marfuri,Marfuri gestiune 1 firma,5,BUC,35.5372,43,,EUR,21,Capac platou variator
00445996,22131-KAAA-900,22131-KAAA-900 PLATE RAMP V1,Marfuri,Marfuri gestiune 1 firma,1,BUC,0,0,,EUR,21,Capac platou variator
00446602,22131-KHE7-900,22131-KHE7-900 PLATE RAMP,Pe comanda,Marfuri gestiune 1 firma,0,BUC,0,0,,EUR,21,Capac platou variator
00449371,22131-LBA2-E00,22131-LBA2-E00 PLATE RAMP,Pe comanda,Marfuri gestiune 1 firma,0,BUC,0,0,,EUR,21,Capac platou variator
00446079,22131-LBA7-900,22131-LBA7-900 PLATE RAMP,Marfuri,Marfuri gestiune 1 firma,4,BUC,53.719,65,,EUR,21,Capac platou variator
00447390,22131-LDB5-E00,22131-LDB5-E00 PLATE RAMP,Pe comanda,Marfuri gestiune 1 firma,2,BUC,0,0,,EUR,21,Capac platou variator
00451114,22131-LEA7-E00,22131-LEA7-E00 PLATE RAMP,Pe comanda,Marfuri gestiune 1 firma,0,BUC,8.96,10.66,,EUR,21,Capac platou ambreaj
00445523,22131-LGE5-E00,22131-LGE5-E00 PLATE RAMP,Pe comanda,Marfuri gestiune 1 firma,2,BUC,0,0,,EUR,21,Capac platou variator
00447130,22131-LKM5-E00,22131-LKM5-E00 PLATE RAMP,Pe comanda,Marfuri gestiune 1 firma,0,BUC,0,0,,EUR,21,Capac platou variator
00445491,22131-PWB1-900,22131-PWB1-900 PLATE RAMP,Marfuri,Marfuri gestiune 1 firma,15,BUC,66.1157,80,,EUR,21,Capac platou variator
00449616,22132-ADG5-305,22132-ADG5-305 PIECE SLIDE 1 SET 8 PCS,Pe comanda,Marfuri gestiune 1 firma,0,SET,0,0,,EUR,21,Set slide-uri
00451446,22132-AFF8-405,22132-AFF8-405 PIECE SLIDE SET,Pe comanda,Marfuri gestiune 1 firma,1,SET,36.3636,44,,EUR,21,Set slide-uri variator
00445206,22132-GLW0-001,22132-GLW0-001 PIECE SLIDE,Pe comanda,Marfuri gestiune 1 firma,19,BUC,0,0,,EUR,21,Set slide-uri
00448794,22132-GLW0-305,22132-GLW0-305 PIECE SLIDE SET,Marfuri,Marfuri gestiune 1 firma,13,SET,18.1818,22,,EUR,21,Set slide-uri
00448709,22132-KBN2-315,22132-KBN2-315 PIECE SLIDE SET,Pe comanda,Marfuri gestiune 1 firma,3,SET,0,0,,EUR,21,Set slide-uri
00445524,22132-KBN2-901,22132-KBN2-901 PIECE SLIDE,Pe comanda,Marfuri gestiune 1 firma,0,BUC,0,0,,EUR,21,
00447087,22132-KBN2-C00,22132-KBN2-C00 PIECE SLIDE,Pe comanda,Marfuri gestiune 1 firma,2,BUC,0,0,,EUR,21,
00447508,22132-KBN2-C10,22132-KBN2-C10 PIECE SLIDE,Pe comanda,Marfuri gestiune 1 firma,0,BUC,0,0,,EUR,21,
00448588,22132-KGN7-305,22132-KGN7-305 PIECE SLIDE,Marfuri,Marfuri gestiune 1 firma,6,BUC,19.8347,24,,EUR,21,Set slide-uri
00445752,22132-KGN7-670,22132-KGN7-670 PIECE SLIDE,Pe comanda,Marfuri gestiune 1 firma,188,BUC,0,0,,EUR,21,Set slide-uri
00448595,22132-KHE7-305,22132-KHE7-305 PIECE SLIDE SET,Marfuri,Marfuri gestiune 1 firma,8,SET,31.405,38,,EUR,21,Set slide-uri
00445525,22132-KHE7-900,22132-KHE7-900 PIECE SLIDE,Pe comanda,Marfuri gestiune 1 firma,78,BUC,0,0,,EUR,21,
00449372,22132-LBA2-305,22132-LBA2-305 PIECE SLIDE SET,Pe comanda,Marfuri gestiune 1 firma,1,SET,37.1901,45,,EUR,21,Set slide-uri
00446019,22132-LBA2-E00,22132-LBA2-E00 PIECE SLIDE,Pe comanda,Marfuri gestiune 1 firma,2,BUC,0,0,,EUR,21,
00449131,22132-LBA2-E05,22132-LBA2-E05 PIECE SLIDE,Pe comanda,Marfuri gestiune 1 firma,1,BUC,0,0,,EUR,21,
00448795,22132-LDB5-305,22132-LDB5-305 PIECE SLIDE SET,Pe comanda,Marfuri gestiune 1 firma,2,SET,0,0,,EUR,21,Set slide-uri
00446888,22132-LDB5-E00,22132-LDB5-E00 PLATE SLIDE,Pe comanda,Marfuri gestiune 1 firma,0,BUC,0,0,,EUR,21,
00451362,22132-LKM5-305,22132-LKM5-305 PIECE SLIDE SET91SET:4PCS),Pe comanda,Marfuri gestiune 1 firma,0,BUC,3.34,4.04,,EUR,21,Slideuri variator
00447133,22132-LKM5-E00,22132-LKM5-E00 PLATE SIDE,Pe comanda,Marfuri gestiune 1 firma,2,BUC,0,0,,EUR,21,
00447765,22132-PWA1-900,22132-PWA1-900 PIECE SLIDE,Pe comanda,Marfuri gestiune 1 firma,5,BUC,0,0,,EUR,21,
00448908,22132-PWB1-305,22132-PWB1-305 PIECE SLIDE,Marfuri,Marfuri gestiune 1 firma,6,SET,53.719,65,,EUR,21,Set slide-uri
00449838,22132-PWB1-305-FS9,22132-PWB1-305-FS9 PIECE SLIDE,Pe comanda,Marfuri gestiune 1 firma,1,BUC,0,0,,EUR,21,
00446118,22132-PWB1-900,22132-PWB1-900 PIECE SLIDE,Pe comanda,Marfuri gestiune 1 firma,18,BUC,0,0,,EUR,21,
00451063,22132-YZA6-305,22132-YZA6-305 BUFFER BLOCK,Pe comanda,Marfuri gestiune 1 firma,1,SET,23.1405,28,,EUR,21,Set slide-uri
00448609,22201-KGD4-C00,22201-KGD4-C00 DISK CLUTCH FRICTION,Pe comanda,Marfuri gestiune 1 firma,0,BUC,0,0,,EUR,21,
00445799,22201-KKAK-90A,22201-KKAK-90A DISK CLUTCH DRIVE,Marfuri,Marfuri gestiune 1 firma,10,BUC,0,0,,EUR,21,Disc ambreaj
00451306,22201-LGC6-305,22201-LGC6-305 DISK SET CLUTCH FRICTION (1SET:6 PCS),Pe comanda,Marfuri gestiune 1 firma,0,SET,74.41,90.04,,EUR,21,Set discuri ambreaj
00448928,22202-KKAK-900,22202-KKAK-900 MX2604 SLAT WITH FRICTION LINING 5.5 MM,Pe comanda,Marfuri gestiune 1 firma,2,BUC,0,0,,EUR,21,
00445798,22202-KKAK-90A,22202-KKAK-90A DISK CLUTCH FRICTION,Pe comanda,Marfuri gestiune 1 firma,2,BUC,0,0,,EUR,21,
00450689,22202-KKAK-C00,22202-KKAK-C00 DISK CLUTCH FRICTION,Pe comanda,Marfuri gestiune 1 firma,0,BUC,3.51,4.18,,EUR,21,Disc frictiune ambreaj
00000603,22300-GGAG-750,22300-GGAG-750 PLATE ASSY DRIVE,Pe comanda,Marfuri gestiune 1 firma,3,BUC,0,0,,EUR,21,Platou ambreaj cu saboti
00449856,22300-GGAG-C00,22300-GGAG-C00 PLATE ASSY DRIVE,marfuri,Marfuri gestiune 1 firma,0,BUC,24.3,24.3,,EUR,21,Platou ambreaj cu saboti
00448781,22300-KEC6-C00,22300-KEC6-C00 STEM COMP DTRG,Pe comanda,Marfuri gestiune 1 firma,0,BUC,0,0,,EUR,21,
00449430,22300-KGN7-671,22300-KGN7-671 PLATE ASSY DRIVE KBE 9000,Pe comanda,Marfuri gestiune 1 firma,0,BUC,0,0,,EUR,21,Platou ambreaj cu saboti
00445634,22300-KHE7-900,22300-KHE7-900 PLATE ASSY DRIVE,Pe comanda,Marfuri gestiune 1 firma,0,BUC,0,0,,EUR,21,Platou ambreaj cu saboti
00446742,22300-KHE7-910,22300-KHE7-910 PLATE ASSY DRUVE,Pe comanda,Marfuri gestiune 1 firma,5,BUC,0,0,,EUR,21,Platou ambreaj cu saboti
00448037,22300-KXCX-900,22300-KXCX-900 PLATE ASSY DRIVE,Pe comanda,Marfuri gestiune 1 firma,0,BUC,0,0,,EUR,21,Platou ambreaj cu saboti
00447713,22300-LBA2-E00,22300-LBA2-E00 PLATE ASSY DRIVE,Pe comanda,Marfuri gestiune 1 firma,1,BUC,0,0,,EUR,21,Platou ambreaj cu saboti
00446502,22300-LBA7-900,22300-LBA7-900 PLATE ASSY DRIVE,Pe comanda,Marfuri gestiune 1 firma,2,BUC,0,0,,EUR,21,Platou ambreaj cu saboti
00447196,22300-LBF6-E00,22300-LBF6-E00 PLATE ASSY DRIVE,Pe comanda,Marfuri gestiune 1 firma,0,BUC,0,0,,EUR,21,Platou ambreaj cu saboti
00451463,22300-LCD3-C00,22300-LCD3-C00 PLATE ASSY DRIVE,Pe comanda,Marfuri gestiune 1 firma,1,BUC,185.9504,225,,EUR,21,Platou ambreaj
00450902,22300-LCD4-C00,22300-LCD4-C00 PLATE ASSY DRIVE,Pe comanda,Marfuri gestiune 1 firma,0,BUC,38.74,46.1,,EUR,21,Platou ambreiaj
00446575,22300-LDC8-E10,22300-LDC8-E10 PLATE ASSY DRIVE,Pe comanda,Marfuri gestiune 1 firma,0,BUC,0,0,,EUR,21,
00447714,22300-LEA7-E00,22300-LEA7-E00 PLATE ASSY DRIVE,Pe comanda,Marfuri gestiune 1 firma,0,BUC,0,0,,EUR,21,Platou ambreaj cu saboti
00446080,22300-LFG2-E0A,22300-LFG2-E0A PLATE ASSY DRIVE,Pe comanda,Marfuri gestiune 1 firma,1,BUC,0,0,,EUR,21,Platou ambreaj cu saboti
00449034,22300-LGE5-E00,22300-LGE5-E00 PLATE ASSY DRIVE,Pe comanda,Marfuri gestiune 1 firma,0,BUC,0,0,,EUR,21,Platou ambreaj cu saboti
00448495,22300-LGE5-E0A,22300-LGE5-E0A PLATE ASSY DRIVE,Pe comanda,Marfuri gestiune 1 firma,0,BUC,0,0,,EUR,21,Platou ambreaj cu saboti
00447814,22300-LHJ3-900,22300-LHJ3-900 PLATE ASSY DRIVE,Pe comanda,Marfuri gestiune 1 firma,0,BUC,0,0,,EUR,21,Platou ambreaj cu saboti
00450012,22300-LKF5-E00,22300-LKF5-E00 PLATE ASSY DRIVE,Pe comanda,Marfuri gestiune 1 firma,0,BUC,43,51.17,,EUR,21,Platou ambreaj
00451600,22300-LKF5-E01,22300-LKF5-E01 PLATE ASSY DRIVE,Pe comanda,Marfuri gestiune 1 firma,0,BUC,491.7355,595,,EUR,21,Platou ambreaj
00445526,22300-LKG7-E00,22300-LKG7-E00 PLATE ASSY DRIVE FCC 460E,Pe comanda,Marfuri gestiune 1 firma,1,BUC,0,0,,EUR,21,Platou ambreaj cu saboti
00446866,22300-LLB1-900,22300-LLB1-900 PLATE ASSY DRIVE,Pe comanda,Marfuri gestiune 1 firma,0,BUC,0,0,,EUR,21,Platou ambreaj cu saboti
00446066,22311-1G07-001,22311-1G07-001 PLATE CLUTCH,Pe comanda,Marfuri gestiune 1 firma,0,BUC,0,0,,EUR,21,
00450690,22311-1G07-C00,22311-1G07-C00 PLATE CLUTCH,Pe comanda,Marfuri gestiune 1 firma,0,BUC,0.41,0.49,,EUR,21,Disc fier ambreaj
00446574,22312-KBN2-901,22312-KBN2-901 PIECE SLIDE (3PCS PER SET),Pe comanda,Marfuri gestiune 1 firma,6,SET,0,0,,EUR,21,Set slide-uri
00448916,22350-1G07-012,22350-1G07-012 PLATE CLUTCH PRESSURE,Pe comanda,Marfuri gestiune 1 firma,0,BUC,0,0,,EUR,21,
00449480,22361-1G07-001,22361-1G07-001 PLATE CLUTCH LIFTER,Pe comanda,Marfuri gestiune 1 firma,0,BUC,0,0,,EUR,21,
00446907,22401-GBG2-900,22401-GBG2-900 CLUTCH SPRING,Pe comanda,Marfuri gestiune 1 firma,0,BUC,0,0,,EUR,21,
00445492,22401-KHE7-900,22401-KHE7-900 SPRING CLUTCH,Pe comanda,Marfuri gestiune 1 firma,6,BUC,0,0,,EUR,21,Arc ambreaj
00447603,22401-LBA2-E00,22401-LBA2-E00 SPRING CLUTCH,Pe comanda,Marfuri gestiune 1 firma,0,BUC,0,0,,EUR,21,
00446223,22401-LBA7-900,22401-LBA7-900 SPRING CLUTCH,Marfuri,Marfuri gestiune 1 firma,2,BUC,12.3967,15,,EUR,21,Arc mic ambreaj (buc.)
00450594,22401-LFG2-E80,22401-LFG2-E80 SPRING CLUTCH,Pe comanda,Marfuri gestiune 1 firma,0,BUC,0.8533,1.02,,EUR,21,Arc ambreaj
00448276,22401-LLB1-900,22401-LLB1-900 SPRING CLUTCH,Pe comanda,Marfuri gestiune 1 firma,0,BUC,0,0,,EUR,21,
00448917,22402-KKAK-900,22402-KKAK-900 SPR ADJUSTER,Pe comanda,Marfuri gestiune 1 firma,0,BUC,0,0,,EUR,21,
00449402,22530-GKAK-930,22530-GKAK-930 CLUTCH WEIGHT SET,Pe comanda,Marfuri gestiune 1 firma,0,BUC,0,0,,EUR,21,
00448264,22530-LBA7-900,22530-LBA7-900 WEIGHT CLUTCH,Marfuri,Marfuri gestiune 1 firma,5,BUC,78.5124,95,,EUR,21,Sabot ambreaj
00450521,22530-LLB1-900,22530-LLB1-900 WEIGHT CLUTCH,Pe comanda,Marfuri gestiune 1 firma,0,BUC,74.3802,90,,EUR,21,Sabot ambreaj
00448341,2260A-KGC4-E01,2260A-KGC4-E01 PRIMARY CLUYTCH ASSY,Pe comanda,Marfuri gestiune 1 firma,0,BUC,0,0,,EUR,21,
00448027,2261A-LDB5-900,2261A-LDB5-900 PLATE COMP PRIMARY DRIVE,Pe comanda,Marfuri gestiune 1 firma,1,BUC,0,0,,EUR,21,Platou ambreaj
00446889,2261A-LDB5-E00,2261A-LDB5-E00 PLATE COMP PRIMARY DRIVE,Pe comanda,Marfuri gestiune 1 firma,0,BUC,0,0,,EUR,21,Platou ambreaj
00450527,2261A-LFA5-900,2261A-LFA5-900 CLUTCH ASSY PRIMARY,Pe comanda,Marfuri gestiune 1 firma,0,BUC,1032.2314,1249,,EUR,21,Ambreaj - platou saboti
00448399,2261A-LKM5-E00,2261A-LKM5-E00 CLUTCH ASSY PRIMARY,Pe comanda,Marfuri gestiune 1 firma,2,BUC,990.0826,1198,,EUR,21,Platou ambreaj
00445694,2261A-PWB1-900,2261A-PWB1-900 CLUTCH ASSY PRIMARY,Pe comanda,Marfuri gestiune 1 firma,0,BUC,949.5868,1149,,EUR,21,Platou ambreaj
00449211,22631-LDB5-E00,22631-LDB5-E00 PRIMARY CLUTCH WEIGHT,Pe comanda,Marfuri gestiune 1 firma,0,BUC,0,0,,EUR,21,
00449389,22641-LDB5-E00,22641-LDB5-E00 PRIMARY CLUTCH,Pe comanda,Marfuri gestiune 1 firma,0,BUC,0,0,,EUR,21,
00448342,2266A-KGC4-E00,2266A-KGC4-E00 PRIMARY DRIVE GEAR ASSY,Pe comanda,Marfuri gestiune 1 firma,0,BUC,0,0,,EUR,21,
00448028,2266A-LDB5-910,2266A-LDB5-910 PRIMARY DRIVE GEAR COMP,Pe comanda,Marfuri gestiune 1 firma,0,BUC,0,0,,EUR,21,
00450206,2266A-LDB5-E00,2266A-LDB5-E00 PRIMARY DRIVE GEAR COMP,Pe comanda,Marfuri gestiune 1 firma,0,BUC,107.76,128.23,,EUR,21,Ambreaj
00450526,2266A-LFA5-900,2266A-LFA5-900 GEAR ASSY PRIMARY DRIVE,Pe comanda,Marfuri gestiune 1 firma,0,BUC,644.6281,780,,EUR,21,Ansamblu ambreaj
00445332,2266A-PWB1-900,2266A-PWB1-900 GEAR ASSY PRIMAR DRIVE,Pe comanda,Marfuri gestiune 1 firma,12,BUC,0,0,,EUR,21,
00445493,22804-GBB2-001,22804-GBB2-001 RUBBER CLUTCH DUMPER,Pe comanda,Marfuri gestiune 1 firma,7,BUC,9.9174,12,,EUR,21,Cauciuc ambreaj
00450703,22810-KEC2-900,22810-KEC2-900 LEVER COMP CLUTCH,Pe comanda,Marfuri gestiune 1 firma,0,BUC,4.91,5.84,,EUR,21,Levier ambreaj
00450698,22816-3E55-001-MA9068,22816-3E55-001-MA9068 SPRING CLUTCH LEVER,Pe comanda,Marfuri gestiune 1 firma,0,BUC,1.22,1.45,,EUR,21,Arc levier ambreaj
00450705,22821-3E55-001,22821-3E55-001 CAM CLUTCH LIFTER,Pe comanda,Marfuri gestiune 1 firma,0,BUC,0.68,0.81,,EUR,21,Cama ambreaj
00448741,22838-KEC2-900,22838-KEC2-900 HOLDER CLUTCH WIRE,Pe comanda,Marfuri gestiune 1 firma,0,BUC,0,0,,EUR,21,
00451184,22850-3E55-001,22850-3E55-001 ROD CLUTCH LIFTER,Pe comanda,Marfuri gestiune 1 firma,0,BUC,0.93,1.11,,EUR,21,Tija ambreaj
00445494,22860-LEC8-E00,22860-LEC8-E00 CABLE COMP CLUTCH,Pe comanda,Marfuri gestiune 1 firma,0,BUC,0,0,,EUR,21,
00448483,22870-KBE2-980,22870-KBE2-980 CABLE COMP THROT,Pe comanda,Marfuri gestiune 1 firma,0,BUC,0,0,,EUR,21,
00448914,22870-KEB4-900,22870-KEB4-900 CABLE COMP CLUTCH,Pe comanda,Marfuri gestiune 1 firma,1,BUC,0,0,,EUR,21,
00448932,22870-KEC8-E00,22870-KEC8-E00 CABLE COMP THROT,Pe comanda,Marfuri gestiune 1 firma,1,BUC,0,0,,EUR,21,
00447411,22870-KED9-900,22870-KED9-900 CABLE COMP CLUTCH,Pe comanda,Marfuri gestiune 1 firma,0,BUC,0,0,,EUR,21,
00447766,22870-KEE4-900,22870-KEE4-900 CABLE VOMP CLUTCH,Pe comanda,Marfuri gestiune 1 firma,0,BUC,0,0,,EUR,21,
00448307,22870-KGE2-C10,22870-KGE2-C10 CABLE COMP CLUTCH,Pe comanda,Marfuri gestiune 1 firma,0,BUC,0,0,,EUR,21,
00450928,22870-KKA8-900-MX8518,22870-KKA8-900-MX8518 CLUTCH CABLE,Pe comanda,Marfuri gestiune 1 firma,1,BUC,10.57,12.58,,EUR,21,Cablu ambreaj
00445355,22870-LEC8-E00,22870-LEC8-E00 CABLE COMP CLUTCH,Marfuri,Marfuri gestiune 1 firma,9,BUC,61.9835,75,,EUR,21,Cablu ambreaj
00448175,22870-LFC8-E00,22870-LFC8-E00 CABLE COMP CLUTCH,Pe comanda,Marfuri gestiune 1 firma,2,BUC,0,0,,EUR,21,Cablu ambreaj
00448711,22870-LLE3-E00,22870-LLE3-E00 CABLE COMP CLITCH,Pe comanda,Marfuri gestiune 1 firma,0,BUC,0,0,,EUR,21,
00451383,2301A-ALE8-E00,2301A-ALE8-E00 PULLEY SUB ASSY,Pe comanda,Marfuri gestiune 1 firma,0,BUC,145,175.45,,EUR,21,Ansamblu ambreaj
00451535,2301A-KEB7-900,2301A-KEB7-900 PULLEY SUB ASS'Y DRIVEN,Pe comanda,Marfuri gestiune 1 firma,0,BUC,561.9835,680,,EUR,21,Ansamblu ambreaj cu flanse
00450275,2301A-KEB7-C00,2301A-KEB7-C00 PULLEY SUB ASSY,Pe comanda,Marfuri gestiune 1 firma,0,BUC,76.17,90.64,,EUR,21,Ansamblu ambreaj cu fulii
00445913,2301A-KEBE-900,2301A-KEBE-900 PULLEY ASSY DRIVE,Pe comanda,Marfuri gestiune 1 firma,1,BUC,0,0,,EUR,21,Ansamblu ambreaj complet cu fulii
00447725,2301A-KEC6-C00,2301A-KEC6-C00 PULLEY ASSY DRIVEN,Pe comanda,Marfuri gestiune 1 firma,0,BUC,0,0,,EUR,21,Ansamblu ambreaj complet cu fulii
00451183,2301A-LBA2-E00,2301A-LBA2-E00 PULLEY SUB ASSY,Pe comanda,Marfuri gestiune 1 firma,0,BUC,0,0,,EUR,21,Ambreaj complet
00447943,2301A-LBA7-900,2301A-LBA7-900 PULLEY SUB ASSY,Pe comanda,Marfuri gestiune 1 firma,0,BUC,0,0,,EUR,21,Ansamblu ambreaj complet cu fulii
00446142,2301A-LDC5-900,2301A-LDC5-900 PULLEY SUB ASSY,Pe comanda,Marfuri gestiune 1 firma,0,BUC,659.5041,798,,EUR,21,Ansamblu ambreaj complet cu fulii
00447353,2301A-LDC8-C10,2301A-LDC8-C10 PULLEY SUB ASSY,Pe comanda,Marfuri gestiune 1 firma,1,BUC,524.7934,635,,EUR,21,Ansamblu ambreaj complet cu fulii
00450245,2301A-LDC8-E10,2301A-LDC8-E10 PULLEY SUB ASSY,Pe comanda,Marfuri gestiune 1 firma,0,BUC,59.32,70.59,,EUR,21,Ansamblu ambreaj complet cu fulii
00451611,2301A-LEA3-C00,2301A-LEA3-C00 PULLEY ASSY DRIVEN,Pe comanda,Marfuri gestiune 1 firma,0,BUC,577.686,699,,EUR,21,Ambreaj cu flanse
00451505,2301A-LEJ3-E10,2301A-LEJ3-E10 PULLEY ASSY DRIVEN,Pe comanda,Marfuri gestiune 1 firma,1,BUC,557.8512,675,,EUR,21,Ansamblu ambreaj complet cu fulii
00451534,2301A-LFA7-E01,2301A-LFA7-E01 PULLEY SUB ASSY,Pe comanda,Marfuri gestiune 1 firma,0,BUC,842.9752,1020,,EUR,21,Ansamblu ambreaj
00449785,2301A-LFG2-C00,2301A-LFG2-C00 PULLEY SUB ASSY,Pe comanda,Marfuri gestiune 1 firma,0,BUC,0,0,,EUR,21,Ansamblu ambreaj complet cu fulii
00450607,2301A-LGC7-E01,2301A-LGC7-E01 PULLEY SUB ASSY DRIVEN,Pe comanda,Marfuri gestiune 1 firma,0,BUC,220,261.8,,EUR,21,Ansamblu ambreaj-variator
00450016,2301A-LLJ1-EZ0,2301A-LLJ1-EZ0 PULLEY SUB ASSY,Pe comanda,Marfuri gestiune 1 firma,0,BUC,100.99,120.18,,EUR,21,Ansamblu ambreaj complet cu fulii
00448230,2301A-LLJ3-E01,2301A-LLJ3-E01 PULLEY SUB ASSY,Pe comanda,Marfuri gestiune 1 firma,0,BUC,0,0,,EUR,21,
00446119,2301A-PWB1-900,2301A-PWB1-900 PULLEY SUB ASSY DRIVEN,Pe comanda,Marfuri gestiune 1 firma,0,BUC,0,0,,EUR,21,Ansamblu ambreaj complet cu fulii
00451297,2301A-YZA6-E00,2301A-YZA6-E00 REAR CLUTCH ASSY,Pe comanda,Marfuri gestiune 1 firma,0,BUC,85,101.15,,EUR,21,Ambreaj spate
00449743,23100-ACJ1-E00,23100-ACJ1-E00 BELT DRIVE,Pe comanda,Marfuri gestiune 1 firma,1,BUC,0,0,,EUR,21,Curea variator
00451450,23100-AHA7-C01,23100-AHA7-C01 DRIVE BELT,Pe comanda,Marfuri gestiune 1 firma,1,BUC,321.4876,389,,EUR,21,Curea variator
00451215,23100-BLB3-900,23100-BLB3-900 BELT DRIVE,Pe comanda,Marfuri gestiune 1 firma,0,BUC,285.124,345,,EUR,21,Curea variator
00447758,23100-GKAK-901,23100-GKAK-901 BELT DRIVE,Marfuri,Marfuri gestiune 1 firma,2,BUC,86.7769,105,,EUR,21,Curea variator
00445729,23100-KEB7-900,23100-KEB7-900 BELT DRIVE,Marfuri,Marfuri gestiune 1 firma,6,BUC,103.3057,125,,EUR,21,Curea variator
00445408,23100-KEC4-900,23100-KEC4-900 BELT DRIVE,Marfuri,Marfuri gestiune 1 firma,1,BUC,132.2314,160,,EUR,21,Curea variator
00450246,23100-KFBF-900,23100-KFBF-900 DRIVE BELT,Pe comanda,Marfuri gestiune 1 firma,0,BUC,17.28,20.56,,EUR,21,Curea variator
00447836,23100-KFBF-90A,23100-KFBF-90A BELT DRIVE,Pe comanda,Marfuri gestiune 1 firma,0,BUC,0,0,,EUR,21,
00445527,23100-KHE7-900,23100-KHE7-900 BELT DRIVE,Pe comanda,Marfuri gestiune 1 firma,11,BUC,0,0,,EUR,21,
00447103,23100-KHE7-90B,23100-KHE7-90B BELT DRIVE,Marfuri,Marfuri gestiune 1 firma,2,BUC,235.5372,285,,EUR,21,Curea variator
00445999,23100-KKC2-900,23100-KKC2-900 BELT DRIVE,Pe comanda,Marfuri gestiune 1 firma,12,BUC,159.5041,193,,EUR,21,Curea variator
00445955,23100-KNBN-901,23100-KNBN-901 BELT DRIVE,Pe comanda,Marfuri gestiune 1 firma,1,BUC,0,0,,EUR,21,
00447837,23100-LBA2-305,23100-LBA2-305 BELT DRIVE,Pe comanda,Marfuri gestiune 1 firma,1,BUC,0,0,,EUR,21,Curea variator
00447588,23100-LCD4-E0A,23100-LCD4-E0A BELT DRIVE,Pe comanda,Marfuri gestiune 1 firma,0,BUC,0,0,,EUR,21,Curea variator
00447262,23100-LDB5-E00,23100-LDB5-E00 BELT DRIVE,Marfuri,Marfuri gestiune 1 firma,1,BUC,648.7603,785,,EUR,21,Curea variator
00445800,23100-LDF2-900,23100-LDF2-900 BELT DRIVE,Pe comanda,Marfuri gestiune 1 firma,1,BUC,0,0,,EUR,21,Curea variator
00450831,23100-LEA6-900,23100-LEA6-900 BELT DRIVE,Pe comanda,Marfuri gestiune 1 firma,0,BUC,21.05,25.05,,EUR,21,Curea variator
00447974,23100-LEA7-E00,23100-LEA7-E00 BELT DRIVE N6,Pe comanda,Marfuri gestiune 1 firma,0,BUC,0,0,,EUR,21,Curea variator
00445528,23100-LEA7-E01,23100-LEA7-E01 BELT DRIVE 14T,Pe comanda,Marfuri gestiune 1 firma,4,BUC,541.3223,655,,EUR,21,Curea variator
00449905,23100-LEA7-E01,23100-LEA7-E01 BELT DRIVE (N5),Marfuri,Marfuri gestiune 1 firma,2,BUC,483.4711,585,,EUR,21,Curea variator
00451456,23100-LFA7-E0A,23100-LFA7-E0A DRIVE BELT,Pe comanda,Marfuri gestiune 1 firma,0,BUC,246.281,298,,EUR,21,Curea variator
00451674,23100-LFA7-E0B,23100-LFA7-E0B DRIVE BELT,Pe comanda,Marfuri gestiune 1 firma,0,BUC,271.9008,329,,EUR,21,Curea variator
00446294,23100-LFG2-E00,23100-LFG2-E00 BELT DRIVE,Pe comanda,Marfuri gestiune 1 firma,1,BUC,0,0,,EUR,21,Curea variator
00449762,23100-LGC6-E00,23100-LGC6-E00 BELT DRIVE MITSUBOSHI,Pe comanda,Marfuri gestiune 1 firma,0,BUC,0,0,,EUR,21,Curea variator
00449449,23100-LGF9-E0B,23100-LGF9-E0B BELT DRIVE,Pe comanda,Marfuri gestiune 1 firma,0,BUC,0,0,,EUR,21,Curea variator
00450123,23100-LKF5-E01,23100-LKF5-E01 BELT DRIVE (N-5),Pe comanda,Marfuri gestiune 1 firma,0,BUC,627.2727,759,,EUR,21,Curea variator
00449647,23100-LKM5-E00,23100-LKM5-E00 BELT DRIVE,Pe comanda,Marfuri gestiune 1 firma,0,BUC,0,0,,EUR,21,
00445935,23100-LLB1-90B,23100-LLB1-90B BELT DRIVE,Marfuri,Marfuri gestiune 1 firma,2,BUC,136.3636,165,,EUR,21,Curea variator
00445695,23100-LLJ3-E00,23100-LLJ3-E00 BELT DRIVE,Pe comanda,Marfuri gestiune 1 firma,3,BUC,0,0,,EUR,21,Curea variator
00447081,23100-PWB1-900,23100-PWB1-900 BELT DRIVE,Marfuri,Marfuri gestiune 1 firma,1,BUC,0,0,,EUR,21,Curea variator
00448421,23100-PWB1-900,23100-PWB1-900 MV7121 BELT DRIVE,Pe comanda,Marfuri gestiune 1 firma,2,BUC,0,0,,EUR,21,Curea variator
00451064,23100-YZA6-EZ5,23100-YZA6-EZ5 LEATHER BELT,Pe comanda,Marfuri gestiune 1 firma,0,BUC,169.421,205,,EUR,21,Curea variator
00451423,23131-YZA6-E00,23131-YZA6-E00 CLUTCH PLATEN,Pe comanda,Marfuri gestiune 1 firma,1,BUC,48.7603,59,,EUR,21,Placa ambreaj
00445495,23200-GAR1-C00,23200-GAR1-C00 FACE ASSY DRIVEN,Pe comanda,Marfuri gestiune 1 firma,0,BUC,0,0,,EUR,21,
00447944,23200-KHE7-900,23200-KHE7-900 FACE ASSY DRIVEN,Pe comanda,Marfuri gestiune 1 firma,1,BUC,264.4628,320,,EUR,21,Flansa ambreaj
00451618,23200-LDF7-E10,23200-LDF7-E10 FACE ASSY DRIVEN,Pe comanda,Marfuri gestiune 1 firma,0,BUC,148.7603,180,,EUR,21,Flansa cu rulmenti
00447146,23200-LEA7-E00,23200-LEA7-E00 FACE ASSY DRIVEN,Pe comanda,Marfuri gestiune 1 firma,0,BUC,0,0,,EUR,21,
00449534,23200-LGE5-E00,23200-LGE5-E00 FACE ASSY DRIVEN,Pe comanda,Marfuri gestiune 1 firma,0,BUC,0,0,,EUR,21,
00449172,23201-LDB5-E00,23201-LDB5-E00 BUSH MOVABLE FACE,Pe comanda,Marfuri gestiune 1 firma,0,BUC,0,0,,EUR,21,
00448200,23201-PWB1-900,23201-PWB1-900 SPACER FIXED DRIVE,Pe comanda,Marfuri gestiune 1 firma,0,BUC,79.3388,96,,EUR,21,Distantier
00451159,23210-LBA2-E00,23210-LBA2-E00 FACE COMP DRIVEN A,Pe comanda,Marfuri gestiune 1 firma,1,BUC,50,59.5,,EUR,21,Flansa A
00450240,23211-LBA7-900,23211-LBA7-900 SHAFT MAIN MONGOOSE 250,Pe comanda,Marfuri gestiune 1 firma,0,BUC,28.63,34.07,,EUR,21,Ax principal - Mongoose 250
00446974,23211-LBA7-E00,23211-LBA7-E00 SHAFT MAIN,Marfuri,Marfuri gestiune 1 firma,4,BUC,359.5041,435,,EUR,21,Ax principal (cu melc km)
00445333,23211-LCA5-E00,23211-LCA5-E00 SHAFT MAIN,Marfuri,Marfuri gestiune 1 firma,0,BUC,0,0,,EUR,21,Ax principal (cu melc km)
00445635,23211-LCD9-E00,23211-LCD9-E00 SHAFT MAIN,Pe comanda,Marfuri gestiune 1 firma,2,BUC,0,0,,EUR,21,Ax principal
00447919,23211-LDB1-700,23211-LDB1-700 SHAFT MAIN,Pe comanda,Marfuri gestiune 1 firma,0,BUC,185.9504,225,,EUR,21,Ax principal
00445883,23211-LLB1-900,23211-LLB1-900 SHAFT MAIN,Marfuri,Marfuri gestiune 1 firma,1,BUC,219.0083,265,,EUR,21,Ax principal
00446172,23220-GKAK-220,23220-GKAK-220 FACE COMP MOVABLE DRIVE,Pe comanda,Marfuri gestiune 1 firma,0,BUC,0,0,,EUR,21,
00446081,23220-KHE7-900,23220-KHE7-900 FACE COMP MOVABLE DRIVE,Pe comanda,Marfuri gestiune 1 firma,1,BUC,0,0,,EUR,21,
00449245,23220-LBA2-E00,23220-LBA2-E00 FACE COMP MOVABLE DRIVE B,Pe comanda,Marfuri gestiune 1 firma,1,BUC,0,0,,EUR,21,
00445753,23220-LDC8-E10,23220-LDC8-E10 FACE COMP MOVABLE,Pe comanda,Marfuri gestiune 1 firma,1,BUC,0,0,,EUR,21,Flansa
00451052,23220-LLB1-900,23220-LLB1-900 FACE COMP MOVABLE DRIVE,Pe comanda,Marfuri gestiune 1 firma,0,BUC,17.43,20.74,,EUR,21,Flansa ambreaj
00447632,23220-LLJ3-E00,23220-LLJ3-E00 FACE COMP MOVABLE DRIVEN,Pe comanda,Marfuri gestiune 1 firma,0,BUC,177.686,215,,EUR,21,Flansa ambreaj
00449673,23220-ZXA6-M01,23220-ZXA6-M01 FACE COMP MOVABLE,Marfuri,Marfuri gestiune 1 firma,5,BUC,0,0,,EUR,21,Fulie ambreaj
00449906,23223-PWB1-900,23223-PWB1-900 CLIP 38MM,Pe comanda,Marfuri gestiune 1 firma,2,BUC,0.46,0.55,,EUR,21,Clip 38mm
00448610,23225-GAR1-751,23225-GAR1-751 PIN GUIDE,Pe comanda,Marfuri gestiune 1 firma,2,BUC,0,0,,EUR,21,
00447638,23225-KHE7-900,23225-KHE7-900 PIN ROLLER GUIDE,Pe comanda,Marfuri gestiune 1 firma,0,BUC,0,0,,EUR,21,
00449161,23225-LBA2-E00,23225-LBA2-E00 PIN ROLLER GUIDE,Pe comanda,Marfuri gestiune 1 firma,3,BUC,0,0,,EUR,21,
00447651,23226-GHC8-004,23226-GHC8-004 ROLLER GUIDE,Pe comanda,Marfuri gestiune 1 firma,0,BUC,0,0,,EUR,21,
00447581,23233-GCW3-011,23233-GCW3-011 DRIVEN FACE SPRING,Pe comanda,Marfuri gestiune 1 firma,0,BUC,0,0,,EUR,21,Arc ambreaj
00450940,23233-GCW3-C00,23233-GCW3-C00 SPG DRIVEN FACE,Pe comanda,Marfuri gestiune 1 firma,0,BUC,4.95,5.89,,EUR,21,Arc ambreaj
00446908,23233-GHE8-001,23233-GHE8-001 DRIVEN FACE SPRING,Pe comanda,Marfuri gestiune 1 firma,0,BUC,0,0,,EUR,21,Arc ambreaj
00450451,23233-KGN7-671,23233-KGN7-671 SPG DRIVEN FACE,Pe comanda,Marfuri gestiune 1 firma,0,BUC,6.74,6.74,,EUR,21,Arc variator
00445496,23233-KHE7-900,23233-KHE7-900 SPG DRIVEN FACE,Pe comanda,Marfuri gestiune 1 firma,3,BUC,0,0,,EUR,21,Arc ambreaj
00447605,23233-LBA2-E00,23233-LBA2-E00 SPG DRIVEN FACE,Pe comanda,Marfuri gestiune 1 firma,0,BUC,0,0,,EUR,21,Arc ambreaj
00446876,23233-LBA7-900,23233-LBA7-900 SPG DRIVEN FACE,Marfuri,Marfuri gestiune 1 firma,2,BUC,51.2397,62,,EUR,21,Arc ambreaj
00446890,23233-LDB5-E00,23233-LDB5-E00 SPG DRIVEN FACE,Pe comanda,Marfuri gestiune 1 firma,0,BUC,0,0,,EUR,21,Arc ambreaj
00449007,23233-LEA7-E00,23233-LEA7-E00 SPG DRIVE FACE,Pe comanda,Marfuri gestiune 1 firma,0,BUC,65.2893,79,,EUR,21,Arc ambreaj
00449461,23233-LFE9-E00,23233-LFE9-E00 SPG DRIVEN FACE,Pe comanda,Marfuri gestiune 1 firma,0,BUC,0,0,,EUR,21,Arc ambreaj
00451199,23233-LGC6-E00,23233-LGC6-E00 SPG DRIVEN FACE,Pe comanda,Marfuri gestiune 1 firma,0,BUC,13.31,15.84,,EUR,21,Arc ambreaj
00449870,23233-LGC7-E00,23233-LGC7-E00 SPG DRIVEN FACE,Pe comanda,Marfuri gestiune 1 firma,0,BUC,10.12,10.12,,EUR,21,Arc ambreaj
00451449,23233-LKF5-E00,23233-LKF5-E00 SPRING DRIVEN FACE,Pe comanda,Marfuri gestiune 1 firma,1,BUC,86.7769,105,,EUR,21,Arc variator
00449373,23233-LLJ1-EZ0,23233-LLJ1-EZ0 SPG DRIVEN FACE,Pe comanda,Marfuri gestiune 1 firma,1,BUC,0,0,,EUR,21,Arc ambreaj
00449046,23233-PWB1-900,23233-PWB1-900 SPG DRIVEN FACE,Pe comanda,Marfuri gestiune 1 firma,1,BUC,0,0,,EUR,21,Arc ambreaj
00448589,23237-KHE7-900,23237-KHE7-900 COLLAR SEAL,Pe comanda,Marfuri gestiune 1 firma,0,BUC,0,0,,EUR,21,
00449162,23237-LBA2-E00,23237-LBA2-E00 SPG DRIVEN FACE,Pe comanda,Marfuri gestiune 1 firma,0,BUC,0,0,,EUR,21,
00450764,23237-PWB1-900,23237-PWB1-900 COLLAR SEAL,Pe comanda,Marfuri gestiune 1 firma,0,BUC,6.34,7.54,,EUR,21,Flansa arc ambreaj
00445804,2323A-LBD6-C00,2323A-LBD6-C00 GEAR ASSY KICK DRIVEN,Pe comanda,Marfuri gestiune 1 firma,1,BUC,0,0,,EUR,21,
00450158,23240-ZXA6-M01,23240-ZXA6-M01 FACE ASSY DRIVEN,Pe comanda,Marfuri gestiune 1 firma,0,BUC,69.42,82.61,,EUR,21,Flansa ambreaj
00448660,23250-LFA5-900,23250-LFA5-900 CAP AASY DRIVEN CLUTCH,Pe comanda,Marfuri gestiune 1 firma,0,BUC,0,0,,EUR,21,
00450214,23250-ZXA6-M01,23250-ZXA6-M01 CAP ASSY DRIVEN CLUTCH,Marfuri,Marfuri gestiune 1 firma,2,BUC,351.2397,425,,EUR,21,Cap ansamblu ambreaj
00449260,23252-LFA5-900,23252-LFA5-900 ROLLER DRIVEN CLUTCH,Marfuri,Marfuri gestiune 1 firma,12,BUC,24.7934,30,,EUR,21,Rola ambreaj
00449382,23252-PWB1-900,23252-PWB1-900 ROLLER DRIVEN CLUTCH,Pe comanda,Marfuri gestiune 1 firma,3,BUC,0,0,,EUR,21,
00449871,23256-LFA5-900,23256-LFA5-900 WASHER THRUST,Pe comanda,Marfuri gestiune 1 firma,0,BUC,0.4567,0.54,,EUR,21,
00451094,23256-PWB1-900,23256-PWB1-900 WASHER THRUST,Pe comanda,Marfuri gestiune 1 firma,0,BUC,1.68,1.68,,EUR,21,
00450274,23411-ALC8-E60,23411-ALC8-E60 SHAFT DRIVE,Pe comanda,Marfuri gestiune 1 firma,0,BUC,184.033613,219,,EUR,21,Ax ambreaj
00447456,23411-KHE7-900,23411-KHE7-900 SHAFT DRIVE,Pe comanda,Marfuri gestiune 1 firma,0,BUC,0,0,,EUR,21,Ax ambreaj
00445587,23411-KKC2-900,23411-KKC2-900 SHAFT DRIVE,Pe comanda,Marfuri gestiune 1 firma,0,BUC,0,0,,EUR,21,Ax ambreaj
00445149,23411-LBA7-900,23411-LBA7-900 SHAFT DRIVE,Marfuri,Marfuri gestiune 1 firma,1,BUC,318.1818,385,,EUR,21,Ax ambreaj
00451242,23411-LBD6-C00,23411-LBD6-C00 SHAFT DRIVE,Pe comanda,Marfuri gestiune 1 firma,0,BUC,20,23.8,,EUR,21,Ax ambreaj
00450651,23411-LBD6-E00,23411-LBD6-E00 SHAFT DRIVE,Pe comanda,Marfuri gestiune 1 firma,0,BUC,32,32,,EUR,21,Ax ambreaj
00447323,23411-LCA4-E00,23411-LCA4-E00 SHAFT DRIVE,Pe comanda,Marfuri gestiune 1 firma,0,BUC,0,0,,EUR,21,Ax ambreaj
00445884,23411-LCD9-E00,23411-LCD9-E00 SHAFT DRIVE,Marfuri,Marfuri gestiune 1 firma,1,BUC,338.843,410,,EUR,21,Ax ambreaj
00448814,23411-LCD9-E00,23411-LCD9-E00 MV2019 GEARBOX,Pe comanda,Marfuri gestiune 1 firma,1,BUC,0,0,,EUR,21,Ax ambreaj
00445497,23411-LDB1-700,23411-LDB1-700 SHAFT DRIVE,Pe comanda,Marfuri gestiune 1 firma,0,BUC,0,0,,EUR,21,
00449715,23411-LEA6-E00,23411-LEA6-E00 SHAFT DRIVE,Pe comanda,Marfuri gestiune 1 firma,0,BUC,0,0,,EUR,21,Ax ambreaj
00448325,23411-LEA7-E00,23411-LEA7-E00 SHAFT DRIVE,Pe comanda,Marfuri gestiune 1 firma,0,BUC,0,0,,EUR,21,Ax ambreaj
00449188,23411-LLB1-900,23411-LLB1-900 SHAFT DRIVE,Pe comanda,Marfuri gestiune 1 firma,0,BUC,0,0,,EUR,21,Ax ambreaj
00445801,23411-PTA3-E00,23411-PTA3-E00 SHAFT DRIVE,Pe comanda,Marfuri gestiune 1 firma,3,BUC,0,0,,EUR,21,Ax ambreaj
00446808,23411-PWB1-900,23411-PWB1-900 SHAFT DRIVE,Pe comanda,Marfuri gestiune 1 firma,0,BUC,0,0,,EUR,21,Ax ambreaj
00451266,23420-ALC8-E60,23420-ALC8-E60 SHAFT COMP COUNTER,Pe comanda,Marfuri gestiune 1 firma,0,BUC,32.46,38.63,,EUR,21,Arbore transmisie
00446877,23420-GAR1-901,23420-GAR1-901 SHAFT COMP COUNTER,Pe comanda,Marfuri gestiune 1 firma,0,BUC,0,0,,EUR,21,
00448115,23420-KKC2-900,23420-KKC2-900 SHAFT COMP COUNTER,Pe comanda,Marfuri gestiune 1 firma,0,BUC,0,0,,EUR,21,
00447344,23420-LBA7-900,23420-LBA7-900 GEAR COMP COUNTER,Pe comanda,Marfuri gestiune 1 firma,1,BUC,0,0,,EUR,21,Trenul fix
00450647,23420-LBD6-C00,23420-LBD6-C00 SHAFT COMP COUNTER,Pe comanda,Marfuri gestiune 1 firma,0,BUC,29.32,34.89,,EUR,21,Ax transmisie
00445529,23420-LCD9-E00,23420-LCD9-E00 SHAFT COUNTER,Pe comanda,Marfuri gestiune 1 firma,2,BUC,524.7934,635,,EUR,21,Trenul fix
00445588,23420-LEA5-E00,23420-LEA5-E00 SHAFT COMP COUNTER,Pe comanda,Marfuri gestiune 1 firma,0,BUC,0,0,,EUR,21,
00449716,23420-LEA6-E00,23420-LEA6-E00 SHAFT COMP COUNTER,Pe comanda,Marfuri gestiune 1 firma,0,BUC,0,0,,EUR,21,
00448326,23420-LEA7-E00,23420-LEA7-E00 SHAFT COMP CLUTCHER,Pe comanda,Marfuri gestiune 1 firma,0,BUC,0,0,,EUR,21,
00446960,23420-LLB1-900,23420-LLB1-900 SHAFT COMP COUNTER,Pe comanda,Marfuri gestiune 1 firma,0,BUC,0,0,,EUR,21,
00448562,23420-PWA1-E00,23420-PWA1-E00 SHAFT COMP COUNTER,Pe comanda,Marfuri gestiune 1 firma,1,BUC,586.7769,710,,EUR,21,Ax trenul fix
00449689,23421-LDB5-E00,23421-LDB5-E00 SHAFT COUNTER 19T,Pe comanda,Marfuri gestiune 1 firma,0,BUC,0,0,,EUR,21,
00451370,23421-LKM5-E00,23421-LKM5-E00 SHAFT COUNTER,Pe comanda,Marfuri gestiune 1 firma,0,BUC,40,48.4,,EUR,21,Ax cutie viteze
00448515,23425-LLB1-900,23425-LLB1-900 BUSH 15MM,Pe comanda,Marfuri gestiune 1 firma,0,BUC,0,0,,EUR,21,
00445589,23431-KFC8-900,23431-KFC8-900 SHAFT FINAL,Pe comanda,Marfuri gestiune 1 firma,1,BUC,0,0,,EUR,21,
00447838,23431-KHB4-900,23431-KHB4-900 SHAFT FINAL,Pe comanda,Marfuri gestiune 1 firma,0,BUC,219.0083,265,,EUR,21,Ax final
00447457,23431-KHE7-900,23431-KHE7-900 SHAFT FINAL,Pe comanda,Marfuri gestiune 1 firma,0,BUC,0,0,,EUR,21,
00445730,23431-LBA7-600,23431-LBA7-600 SHAFT FINAL,Pe comanda,Marfuri gestiune 1 firma,1,BUC,0,0,,EUR,21,Ax final
00446020,23431-LBA7-900,23431-LBA7-900 SHAFT FINAL,Marfuri,Marfuri gestiune 1 firma,0,BUC,318.1818,385,,EUR,21,Ax final
00446994,23431-LCA5-E00,23431-LCA5-E00 SHAFT FINAL,Pe comanda,Marfuri gestiune 1 firma,1,BUC,0,0,,EUR,21,Ax final
00448611,23431-LCD9-E00,23431-LCD9-E00 NV2022 SHAFT FINAL,Pe comanda,Marfuri gestiune 1 firma,0,BUC,0,0,,EUR,21,
00450196,23431-LCD9-E00,23431-LCD9-E00 SHAFT FINAL,Pe comanda,Marfuri gestiune 1 firma,0,BUC,25.86,30.77,,EUR,21,Ax final
00446021,23431-LDB1-700,23431-LDB1-700 SHAFT FINAL,Pe comanda,Marfuri gestiune 1 firma,5,BUC,231.405,280,,EUR,21,Ax final
00448327,23431-LEA7-E00,23431-LEA7-E00 SHAFT FINAL,Pe comanda,Marfuri gestiune 1 firma,0,BUC,0,0,,EUR,21,
00446961,23431-LLB1-900,23431-LLB1-900 SHAFT FINAL,Pe comanda,Marfuri gestiune 1 firma,0,BUC,0,0,,EUR,21,Ax final
00451537,23431-LLB1-900-MV0082,23431-LLB1-900-MV0082 SHAFT FINAL,Pe comanda,Marfuri gestiune 1 firma,0,BUC,632.2314,765,,EUR,21,Ax final - 40 dinti
00447655,23431-LLB1-910,23431-LLB1-910 SHAFT FINAL,Pe comanda,Marfuri gestiune 1 firma,0,BUC,318.1818,385,,EUR,21,Ax final (40 dinti)
00451267,23432-ALC8-E60,23432-ALC8-E60 GEAR FINAL,Pe comanda,Marfuri gestiune 1 firma,0,BUC,22.78,27.11,,EUR,21,Pinion final
00448116,23432-KKC2-900,23432-KKC2-900 GEAR FINAL,Pe comanda,Marfuri gestiune 1 firma,0,BUC,0,0,,EUR,21,
00450648,23432-LBD6-C00,23432-LBD6-C00 GEAR FINAL,Pe comanda,Marfuri gestiune 1 firma,0,BUC,18.04,21.47,,EUR,21,Pinion final
00451216,23432-LCD3-E00,23432-LCD3-E00 GEAR FINAL,Pe comanda,Marfuri gestiune 1 firma,0,BUC,48.83,58.11,,EUR,21,Pinion final
00445590,23432-LEA5-E00,23432-LEA5-E00 GEAR FINAL,Pe comanda,Marfuri gestiune 1 firma,0,BUC,0,0,,EUR,21,
00449717,23432-LEA6-E00,23432-LEA6-E00 GEAR FINAL,Pe comanda,Marfuri gestiune 1 firma,0,BUC,0,0,,EUR,21,
00448328,23432-LEA7-E00,23432-LEA7-E00 GEAR FINAL,Pe comanda,Marfuri gestiune 1 firma,0,BUC,0,0,,EUR,21,
00451371,23432-LKM5-E00,23432-LKM5-E00 GEAR FINAL,Pe comanda,Marfuri gestiune 1 firma,0,BUC,20,23.8,,EUR,21,Pinion final
00451469,2343A-KHB4-900,2343A-KHB4-900 SHAFT FINAL,Pe comanda,Marfuri gestiune 1 firma,0,BUC,219.0083,265,,EUR,21,Ax final
00451217,2343A-KHB4-C00,2343A-KHB4-C00 SHAFT FINAL,Pe comanda,Marfuri gestiune 1 firma,1,BUC,26.2,31.18,,EUR,21,Ax final
00449739,2343A-KNBN-C00,2343A-KNBN-C00 SHAFT FINAL,Pe comanda,Marfuri gestiune 1 firma,0,BUC,0,0,,EUR,21,Ax final
00450107,2343A-KUDU-W00,2343A-KUDU-W00 SHAFT FINAL,Pe comanda,Marfuri gestiune 1 firma,0,BUC,20.6,24.51,,EUR,21,Ax final
00445498,23440-LCD9-E00,23440-LCD9-E00 GEAR ASSY FORWARD,Pe comanda,Marfuri gestiune 1 firma,1,BUC,0,0,,EUR,21,Pinion viteza fata
00447827,23440-PWA1-E00,23440-PWA1-E00 GEAR ASSY FORWARD,Pe comanda,Marfuri gestiune 1 firma,1,BUC,388.4298,470,,EUR,21,Pinion viteza fata
00448391,23440-PWA1-E00,23440-PWA1-E00 MV2209 SPROCKET,Pe comanda,Marfuri gestiune 1 firma,0,BUC,0,0,,EUR,21,
00445207,23441-LBA7-900,23441-LBA7-900 GEAR FORWARD,Marfuri,Marfuri gestiune 1 firma,0,BUC,359.5041,435,,EUR,21,Pinion viteza fata
00447659,23441-LCA4-E00,23441-LCA4-E00 GEAR FORWARD,Pe comanda,Marfuri gestiune 1 firma,1,BUC,0,0,,EUR,21,Pinion viteza fata
00446510,23441-LLB1-900,23441-LLB1-900 GEAR FORWARD,Marfuri,Marfuri gestiune 1 firma,0,BUC,0,0,,EUR,21,Pinion viteza fata
00445802,23441-PTA3-E00,23441-PTA3-E00 GEAR FORWARD,Pe comanda,Marfuri gestiune 1 firma,3,BUC,0,0,,EUR,21,Pinion viteza fata
00449431,23441-PWB1-900,23441-PWB1-900 SHAFT FINAL DRIVEN REAR,Pe comanda,Marfuri gestiune 1 firma,0,BUC,0,0,,EUR,21,
00447945,23450-LCD9-E00,23450-LCD9-E00 GEAR BACK WARD,Pe comanda,Marfuri gestiune 1 firma,0,BUC,0,0,,EUR,21,
00447966,23450-LDB5-E00,23450-LDB5-E00 GEAR BACKWARD 2ST DRIVEN34T,Pe comanda,Marfuri gestiune 1 firma,0,BUC,0,0,,EUR,21,Pinion marsarier
00449695,23451-LBA7-900,23451-LBA7-900 GEAR BACKARD,Pe comanda,Marfuri gestiune 1 firma,0,BUC,0,0,,EUR,21,
00449312,23451-LBA8-C10,23451-LBA8-C10 GEAR C 2,Pe comanda,Marfuri gestiune 1 firma,0,BUC,0,0,,EUR,21,
00450393,23451-LDB1-700,23451-LDB1-700 GEAR BACKWARD,Pe comanda,Marfuri gestiune 1 firma,0,BUC,39.16,46.6,,EUR,21,Pinion marsarier
00450064,2345A-LDB5-E00,2345A-LDB5-E00 GEAR COMP BACKWARD,Pe comanda,Marfuri gestiune 1 firma,0,BUC,68.03,80.96,,EUR,21,Pinion spate
00447615,23461-LBA8-C10,23461-LBA8-C10 GEAR M-3,Pe comanda,Marfuri gestiune 1 firma,0,BUC,0,0,,EUR,21,
00447852,23462-KED9-900,23462-KED9-900 COLLAR SPLINE 22*8,Pe comanda,Marfuri gestiune 1 firma,0,BUC,0,0,,EUR,21,
00446677,23471-KED9-900,23471-KED9-900 GEAR C3,Pe comanda,Marfuri gestiune 1 firma,0,BUC,0,0,,EUR,21,
00447616,23471-LCD9-E00,23471-LCD9-E00 SHIFT REVERSE LOWER,Pe comanda,Marfuri gestiune 1 firma,2,BUC,0,0,,EUR,21,
00446613,23471-LCD9-E01,23471-LCD9-E01 SHIFT REVERSE LOWER,Pe comanda,Marfuri gestiune 1 firma,0,BUC,244.6281,296,,EUR,21,Shifter REVERSE/LOW
00448784,23471-LDB5-E00,23471-LDB5-E00 SHIFT FORWARD LOWER,Pe comanda,Marfuri gestiune 1 firma,0,BUC,0,0,,EUR,21,
00445334,23471-PWB1-900,23471-PWB1-900 SHIFT FORWARD,Pe comanda,Marfuri gestiune 1 firma,0,BUC,0,0,,EUR,21,
00447354,23472-LBA7-900,23472-LBA7-900 COLLAR 20*25*11,Pe comanda,Marfuri gestiune 1 firma,0,BUC,0,0,,EUR,21,
00447355,23473-LBA7-900,23473-LBA7-900 COLLAR 20*22*11,Pe comanda,Marfuri gestiune 1 firma,0,BUC,0,0,,EUR,21,Distantier 20*22*11
00450868,23473-LDB5-E00,23473-LDB5-E00 COLLAR 20*17*14,Pe comanda,Marfuri gestiune 1 firma,0,BUC,3.03,3.61,,EUR,21,Distantier 20*17*14
00449864,23481-LBA7-900,23481-LBA7-900 SHIFT MAIN,Marfuri,Marfuri gestiune 1 firma,0,BUC,275,275,,EUR,21,Shifter / schimbator
00445499,23481-LCD9-E00,23481-LCD9-E00 SHIFT FORWARD,Pe comanda,Marfuri gestiune 1 firma,1,BUC,0,0,,EUR,21,
00450178,23481-LCD9-E01,23481-LCD9-E01 SHIFT FORWARD,Pe comanda,Marfuri gestiune 1 firma,1,BUC,22.14,26.35,,EUR,21,Schimbator viteza fata
00447391,23481-LDB5-E00,23481-LDB5-E00 SHIFT BACKWARD,Pe comanda,Marfuri gestiune 1 firma,0,BUC,0,0,,EUR,21,Shifter reverse
00448217,23481-LLB1-900,23481-LLB1-900 SHIFT MAIN,Pe comanda,Marfuri gestiune 1 firma,1,BUC,0,0,,EUR,21,
00000415,23481-PWA1-E00,23481-PWA1-E00 SHIFT FORWARD,Pe comanda,Marfuri gestiune 1 firma,1,BUC,239.6694,290,,EUR,21,Shifter viteza fata
00448392,23481-PWA1-E00,23481-PWA1-E00 MV2210 SEAL F WHEEL,Pe comanda,Marfuri gestiune 1 firma,0,BUC,0,0,,EUR,21,
00448787,23500-LDB5-E00,23500-LDB5-E00 GEAR COMP LOWER DRIVE SET,Pe comanda,Marfuri gestiune 1 firma,0,BUC,0,0,,EUR,21,
00448864,23500-LDB5-E00,23500-LDB5-E00 MV6516 SPROCKET LOW FORWARD,Pe comanda,Marfuri gestiune 1 firma,0,BUC,0,0,,EUR,21,
00448786,23510-LDB5-E00,23510-LDB5-E00 GEAR FPORWARD DRIVEN,Pe comanda,Marfuri gestiune 1 firma,0,BUC,0,0,,EUR,21,
00451396,23511-PTA1-900,23511-PTA1-900 GEAR FORWARD DRIVEN 32T,Pe comanda,Marfuri gestiune 1 firma,0,BUC,30.21,36.55,,EUR,21,Pinion fata
00450790,23511-PWB1-900,23511-PWB1-900 GEAR FORWARD DRIVEN 33T,Pe comanda,Marfuri gestiune 1 firma,0,BUC,44.06,52.43,,EUR,21,Pinion fata
00449432,23512-PWB1-900,23512-PWB1-900 GEAR LOWER DRIVEN 40T,Pe comanda,Marfuri gestiune 1 firma,0,BUC,0,0,,EUR,21,
00446261,23518-LCD9-E00,23518-LCD9-E00 GEAR BEVEL DRIVE,Pe comanda,Marfuri gestiune 1 firma,0,BUC,227.2727,275,,EUR,21,Pinion cardan
00450479,23518-LCD9-E0A,23518-LCD9-E0A GEAR BEVEL DRIVE,Pe comanda,Marfuri gestiune 1 firma,3,BUC,210.7438,255,,EUR,21,Pinion cuplaj cardan
00447582,23518-LDB5-E00,23518-LDB5-E00 GEAR BEVEL DRIVE,Pe comanda,Marfuri gestiune 1 firma,0,BUC,185.9504,225,,EUR,21,Pinion conic cardan
00450978,23518-LDB5-E00-MV3581,23518-LDB5-E00-MV3581 BEVEL GEAR DRIVE,Pe comanda,Marfuri gestiune 1 firma,0,BUC,42.65,50.75,,EUR,21,Pinion cardan A
00451372,23518-LKM5-E00,23518-LKM5-E00 BEVEL GEAR DRIVE,Pe comanda,Marfuri gestiune 1 firma,0,BUC,30,35.7,,EUR,21,Pinion cardan
00448068,23518-PWB1-900,23518-PWB1-900 BEVEL GEAR DRIVE,Pe comanda,Marfuri gestiune 1 firma,1,BUC,0,0,,EUR,21,
00446262,23519-LCD9-E00,23519-LCD9-E00 GEAR BEVEL DRIVEN,Pe comanda,Marfuri gestiune 1 firma,1,BUC,228.9256,277,,EUR,21,Pinion cardan
00450480,23519-LCD9-E0A,23519-LCD9-E0A GEAR BEVEL DRIVEΝ,Pe comanda,Marfuri gestiune 1 firma,1,BUC,210.7438,255,,EUR,21,Pinion cuplaj cardan
00447585,23519-LDB5-E00,23519-LDB5-E00 GEAR BEVEL DRIVE,Pe comanda,Marfuri gestiune 1 firma,0,BUC,243.8017,295,,EUR,21,Pinion conic cardan
00450979,23519-LDB5-E00-MV3582,23519-LDB5-E00-MV3582 BEVEL GEAR DRIVE,Pe comanda,Marfuri gestiune 1 firma,0,BUC,60.23,71.67,,EUR,21,Pinion cardan B
00451373,23519-LKM5-E00,23519-LKM5-E00 BEVEL GEAR DRIVE,Pe comanda,Marfuri gestiune 1 firma,0,BUC,40,47.6,,EUR,21,Pinion cardan
00449433,23519-PWB1-900,23519-PWB1-900 BEVEL GEAR DRIVEN,Pe comanda,Marfuri gestiune 1 firma,0,BUC,0,0,,EUR,21,
00445636,23520-LCD9-E00,23520-LCD9-E00 GEAR ASSY LOWER DRIVEN,Pe comanda,Marfuri gestiune 1 firma,0,BUC,297.5207,360,,EUR,21,Pinion
00448785,23610-LDB5-E00,23610-LDB5-E00 STOPPER PARK,Pe comanda,Marfuri gestiune 1 firma,0,BUC,0,0,,EUR,21,
00445637,23801-KFW6-902,23801-KFW6-902 SPROKET DRIVE 14T,Pe comanda,Marfuri gestiune 1 firma,1,BUC,0,0,,EUR,21,Pinion atac
00446605,23801-KYCY-900,23801-KYCY-900 SPROCKET DRIVE,Pe comanda,Marfuri gestiune 1 firma,0,BUC,0,0,,EUR,21,Pinion atac
00445278,23801-LBA7-900,23801-LBA7-900 SPROKET DRIVE,Marfuri,Marfuri gestiune 1 firma,0,BUC,99.1736,120,,EUR,21,Pinion atac
00447005,23801-LBA8-C11,23801-LBA8-C11 SPROCKET DRIVE,Pe comanda,Marfuri gestiune 1 firma,0,BUC,0,0,,EUR,21,Pinion atac
00449341,23801-LCE6-E81,23801-LCE6-E81 SPROCKET DRIVE,Pe comanda,Marfuri gestiune 1 firma,0,BUC,0,0,,EUR,21,Pinion atac
00447888,23801-LEC8-E00,23801-LEC8-E00 SPROCKET DRIVE 15T,Pe comanda,Marfuri gestiune 1 firma,0,BUC,0,0,,EUR,21,Pinion atac
00445885,23801-LLB1-900,23801-LLB1-900 SPROCKET DRIVE 14T,Marfuri,Marfuri gestiune 1 firma,3,BUC,77.686,94,,EUR,21,Pinion atac
00451451,23801-LLB1-E00,23801-LLB1-E00 SPROCKET DRIVE 15T,Pe comanda,Marfuri gestiune 1 firma,2,BUC,77.686,94,,EUR,21,Pinion atac 15 dinti
00446022,23811-KCR3-601,23811-KCR3-601 PLATE A2 FIXING,Pe comanda,Marfuri gestiune 1 firma,2,BUC,0,0,,EUR,21,
00447104,23811-LBA7-900,23811-LBA7-900 O PLATE A2 FIXING,Pe comanda,Marfuri gestiune 1 firma,0,BUC,0,0,,EUR,21,
00449163,23811-LLB1-900,23811-LLB1-900 PLATE A2 FIXING,Pe comanda,Marfuri gestiune 1 firma,0,BUC,0,0,,EUR,21,
00447853,24211-KED9-900,24211-KED9-900 FORK R GEAR SHIFT,Pe comanda,Marfuri gestiune 1 firma,0,BUC,0,0,,EUR,21,
00447745,24211-LCD9-E00,24211-LCD9-E00 FORK R GEAR SHIFT,Pe comanda,Marfuri gestiune 1 firma,0,BUC,0,0,,EUR,21,Furca vit. dreapta
00447967,24211-LDB5-E00,24211-LDB5-E00 FORK RIGHT GEAR SHIFT,Pe comanda,Marfuri gestiune 1 firma,1,BUC,0,0,,EUR,21,
00447617,24221-LBA8-C10,24221-LBA8-C10 FORK LEFT GEAR SHIFT,Pe comanda,Marfuri gestiune 1 firma,0,BUC,0,0,,EUR,21,
00447921,24221-LCD9-E00,24221-LCD9-E00 FORK LEFT GEAR SHIFT,Pe comanda,Marfuri gestiune 1 firma,0,BUC,0,0,,EUR,21,Furca vit. stanga
00447392,24221-LDB5-E00,24221-LDB5-E00 FORK LEFT GEAR SHIFT,Pe comanda,Marfuri gestiune 1 firma,0,BUC,0,0,,EUR,21,Furca transmisie (stanga)
00451617,24221-LKM5-E00,24221-LKM5-E00 GEAR SHIFT FORK UXV700,Pe comanda,Marfuri gestiune 1 firma,0,BUC,296.6942,359,,EUR,21,Furca schimbator
00448218,24221-LLB1-900,24221-LLB1-900 FORK GEAR SHIFT,Pe comanda,Marfuri gestiune 1 firma,0,BUC,0,0,,EUR,21,
00447916,24221-PTA3-E00,24221-PTA3-E00 FORK GEAR SHIFT,Pe comanda,Marfuri gestiune 1 firma,1,BUC,0,0,,EUR,21,
00448599,24241-KGB4-C00,24241-KGB4-C00 SHAFT GEAR SHIFT FORK GUIDE,Pe comanda,Marfuri gestiune 1 firma,0,BUC,0,0,,EUR,21,
00447922,24241-LCD9-E00,24241-LCD9-E00 SHAFT GEAR SHFT GUIDE,Pe comanda,Marfuri gestiune 1 firma,0,BUC,0,0,,EUR,21,
00448616,24241-LDB5-E00,24241-LDB5-E00 SHAFT GEAR SHIFT FORK GUIDE,Pe comanda,Marfuri gestiune 1 firma,0,BUC,0,0,,EUR,21,
00447845,24242-LCD9-E00,24242-LCD9-E00 SPRING FORK,Pe comanda,Marfuri gestiune 1 firma,1,BUC,0,0,,EUR,21,
00447946,24251-LCD9-E00,24251-LCD9-E00 GUIDE RIGHT FORK,Pe comanda,Marfuri gestiune 1 firma,0,BUC,0,0,,EUR,21,
00447947,24305-PWA1-900,24305-PWA1-900 SPRING DRUM,Pe comanda,Marfuri gestiune 1 firma,0,BUC,27.2727,33,,EUR,21,Arc
00449313,2430A-LBA8-C10,2430A-LBA8-C10 GEAR SHIFT CAM ASSEMBLYF,Pe comanda,Marfuri gestiune 1 firma,0,BUC,0,0,,EUR,21,
00448021,2431A-LCD9-E00,2431A-LCD9-E00 DRUM ASSY GEAR SHIFT,Pe comanda,Marfuri gestiune 1 firma,1,BUC,0,0,,EUR,21,
00449328,2431A-LCD9-E01,2431A-LCD9-E01 DRUM ASSY GEAR SHIFT,Pe comanda,Marfuri gestiune 1 firma,0,BUC,0,0,,EUR,21,Selector
00450212,2431A-LDB5-E00,2431A-LDB5-E00 DRUM ASSY GEAR SHIFT,Pe comanda,Marfuri gestiune 1 firma,0,BUC,48.75,58.01,,EUR,21,Selector viteze
00450279,24411-KKAK-900,24411-KKAK-900 CAM GEAR SHIFT,Pe comanda,Marfuri gestiune 1 firma,0,BUC,3.7,4.4,,EUR,21,Cama schimbator viteze
00448987,24610-LCD9-E00,24610-LCD9-E00 SPINDLE ASSY DRUM SHIFT,Pe comanda,Marfuri gestiune 1 firma,0,BUC,0,0,,EUR,21,
00450280,24621-1G07-761,24621-1G07-761 PLATE GEAR SHIFT,Pe comanda,Marfuri gestiune 1 firma,0,BUC,5.99,7.13,,EUR,21,Flansa schimbator viteze
00451548,24651-KED9-900,24651-KED9-900 SPRING GEAR SHIFT RETURN,Pe comanda,Marfuri gestiune 1 firma,0,BUC,24.7934,30,,EUR,21,Arc schimbator
00448983,24651-LCD9-E00,24651-LCD9-E00 SPRING GEAR SHIT RETURN,Pe comanda,Marfuri gestiune 1 firma,0,BUC,0,0,,EUR,21,
00448710,24700-KEC8-900,24700-KEC8-900 PEDAL AASY,Pe comanda,Marfuri gestiune 1 firma,0,BUC,0,0,,EUR,21,
00447872,24700-KED9-900,24700-KED9-900 PEDAL ASSY CHANGER,Pe comanda,Marfuri gestiune 1 firma,0,BUC,0,0,,EUR,21,
00449005,24700-LCD9-E00,24700-LCD9-E00 GEAR CHANGE HANDLE LINK,Pe comanda,Marfuri gestiune 1 firma,0,BUC,0,0,,EUR,21,
00445335,24700-LEC8-E00,24700-LEC8-E00 PEDAL ASSY CHANGER,Pe comanda,Marfuri gestiune 1 firma,1,BUC,219.0083,265,,EUR,21,Tija schimbator
00446948,24701-KHC6-C00,24701-KHC6-C00 - MX7536 PEDAL COMP GEAR CHANGE,Pe comanda,Marfuri gestiune 1 firma,0,BUC,0,0,,EUR,21,
00448984,24701-LCD9-E00,24701-LCD9-E00 GEAR CHANGE HANDLE,Pe comanda,Marfuri gestiune 1 firma,0,BUC,0,0,,EUR,21,
00445388,24701-LDB1-700,24701-LDB1-700 GEAR CHANGE HANDLE,Pe comanda,Marfuri gestiune 1 firma,1,BUC,0,0,,EUR,21,
00445208,24701-LEC8-E00,24701-LEC8-E00 PEDAL COMP GEAR,Pe comanda,Marfuri gestiune 1 firma,1,BUC,0,0,,EUR,21,
00445209,24702-KKAK-900,24702-KKAK-900 TIE ROD A,Pe comanda,Marfuri gestiune 1 firma,1,BUC,0,0,,EUR,21,
00450558,24702-LDB5-E00-MV3962,24702-LDB5-E00-MV3962 BAR SHIFT LEVER,Pe comanda,Marfuri gestiune 1 firma,0,BUC,7.89,9.39,,EUR,21,Bara schimbator
00445210,24702-PWA1-900,24702-PWA1-900 BAR CHANGE HANDLE,Pe comanda,Marfuri gestiune 1 firma,1,BUC,0,0,,EUR,21,
00445211,24703-KKAK-900,24703-KKAK-900 TIE ROD B,Pe comanda,Marfuri gestiune 1 firma,1,BUC,0,0,,EUR,21,
00450567,24703-LDB5-E00,24703-LDB5-E00 BOLT SHIFT LEVER,Pe comanda,Marfuri gestiune 1 firma,0,BUC,1.42,1.69,,EUR,21,Surub schimbator
00448802,24704-LBA7-900,24704-LBA7-900 SPRING CHANGE HANDLE,Pe comanda,Marfuri gestiune 1 firma,0,BUC,0,0,,EUR,21,Arc schimbator
00450559,24704-LDB5-E00-MV6310,24704-LDB5-E00-MV6310 SPRING SHIFT LEVER,Pe comanda,Marfuri gestiune 1 firma,0,BUC,4.34,5.16,,EUR,21,Arc schimbator
00450515,24704-PWB1-900,24704-PWB1-900 SPRING SHIFT,Pe comanda,Marfuri gestiune 1 firma,0,BUC,1.42,1.69,,EUR,21,Arc schimbator
00448896,24705-PWB1-900,24705-PWB1-900 BUSHING SHIFT,Pe comanda,Marfuri gestiune 1 firma,0,BUC,0,0,,EUR,21,
00450575,24706-LDB5-E00,24706-LDB5-E00 COLLAR SHIFT LEVER,Pe comanda,Marfuri gestiune 1 firma,0,BUC,2.96,3.52,,EUR,21,Bucsa levier schimbator
00446444,24711-LBA7-900,24711-LBA7-900 SHAFT COMP CHANGE HANDLE,Pe comanda,Marfuri gestiune 1 firma,1,BUC,0,0,,EUR,21,
00445212,24711-PWA1-900,24711-PWA1-900 SHAFT COMP CHANGE HANDLE,Pe comanda,Marfuri gestiune 1 firma,0,BUC,0,0,,EUR,21,
00446606,24720-LBA7-900,24720-LBA7-900 ROD ASSY CHANGE HANDLE,Pe comanda,Marfuri gestiune 1 firma,0,BUC,0,0,,EUR,21,
00447393,24720-LEE8-E00,24720-LEE8-E00 ROD ASSY SHIFT,Pe comanda,Marfuri gestiune 1 firma,0,BUC,0,0,,EUR,21,
00445356,24721-LCD9-E00,24721-LCD9-E00 ROD CHANGE HANDLE,Pe comanda,Marfuri gestiune 1 firma,0,BUC,0,0,,EUR,21,
00446445,24721-LEC8-E00,24721-LEC8-E00 RODTIE,Pe comanda,Marfuri gestiune 1 firma,1,BUC,0,0,,EUR,21,
00450373,24721-PWB1-900,24721-PWB1-900 ADJUSTER SHIFT LINKAGE,Pe comanda,Marfuri gestiune 1 firma,0,BUC,4.73,5.63,,EUR,21,Surub ajustare schimbator
00450376,24722-PWB1-900-MV7568,24722-PWB1-900-MV7568 ROD SHIFTER ADJUSTABLE RH,Pe comanda,Marfuri gestiune 1 firma,0,BUC,12.64,15.04,,EUR,21,Tija schimbator
00450374,24723-PWB1-900,24723-PWB1-900 ROD SHIFT ADJUSTABLE LH,Pe comanda,Marfuri gestiune 1 firma,0,BUC,7.29,8.68,,EUR,21,Tija schimbator - st
00445213,24724-4B22-000,24724-4B22-000 COVER DUST,Pe comanda,Marfuri gestiune 1 firma,2,BUC,0,0,,EUR,21,
00447563,24781-KED9-900,24781-KED9-900 RUBBER PEDAL CHANGER,Pe comanda,Marfuri gestiune 1 firma,1,BUC,0,0,,EUR,21,
00445803,24781-LCA5-E00,24781-LCA5-E00 COVER CHANGE HANDLE,Marfuri,Marfuri gestiune 1 firma,5,BUC,39.6694,48,,EUR,21,Cap schimbator
00449555,28100-LBA2-E00,28100-LBA2-E00 SHAFT REDUCTION,Pe comanda,Marfuri gestiune 1 firma,0,BUC,0,0,,EUR,21,
00448277,28100-LDB5-E00,28100-LDB5-E00 SHAFT COMP REDUCTION,Pe comanda,Marfuri gestiune 1 firma,3,BUC,282.6446,342,,EUR,21,Pinion reductor
00445500,28100-LDG7-E00,28100-LDG7-E00 SHAFT COMP REDUCTION,Pe comanda,Marfuri gestiune 1 firma,1,BUC,0,0,,EUR,21,Pinion reductor
00446359,28100-LKA8-E00,28100-LKA8-E00 SHAFT COMP REDUCTION,Pe comanda,Marfuri gestiune 1 firma,0,BUC,0,0,,EUR,21,
00450765,28100-LKM5-E00,28100-LKM5-E00 SHAFT COMP REDUCTION,Pe comanda,Marfuri gestiune 1 firma,0,BUC,38.36,45.65,,EUR,21,Pinion reductor
00446446,28101-KHE7-900,28101-KHE7-900 GEAR STARTER REDUCTION,Pe comanda,Marfuri gestiune 1 firma,2,BUC,0,0,,EUR,21,
00449744,28101-KHE7-C00,28101-KHE7-C00 GEAR STARTER REDUCTION,Pe comanda,Marfuri gestiune 1 firma,0,BUC,0,0,,EUR,21,
00445696,28101-PWB1-900,28101-PWB1-900 GEAR STARTER REDUCTION,Marfuri,Marfuri gestiune 1 firma,1,BUC,0,0,,EUR,21,Pinion reductor
00446447,28102-KHE7-900,28102-KHE7-900 SHAFT STARTER REDUCTION,Pe comanda,Marfuri gestiune 1 firma,1,BUC,0,0,,EUR,21,Ax pinion reductor
00448947,28102-LDE9-E00,28102-LDE9-E00 SHAFT STARTER REDUCTION,Pe comanda,Marfuri gestiune 1 firma,0,BUC,0,0,,EUR,21,Ax pinion reductor
00449560,28102-PWB1-900,28102-PWB1-900 SHAFT STARTER REDUCTION GEAR,Pe comanda,Marfuri gestiune 1 firma,1,BUC,17.3554,21,,EUR,21,Ax pinion reductor
00448405,28103-LDB5-E00,28103-LDB5-E00 GUIDE OIL PUMP CHAIN,Pe comanda,Marfuri gestiune 1 firma,0,BUC,40.4959,49,,EUR,21,Patina lant pompa ulei
00451042,28103-LKM5-E00,28103-LKM5-E00 GUIDE OIL PUMP CHAIN,Pe comanda,Marfuri gestiune 1 firma,0,BUC,5.7,6.78,,EUR,21,Patina lant ulei
00448491,28110-GFY6-901,28110-GFY6-901 GEAR COMP STRATING CLUTCH,Pe comanda,Marfuri gestiune 1 firma,0,BUC,0,0,,EUR,21,
00446448,28110-KED9-900,28110-KED9-900 GEAR COMP STRATING,Pe comanda,Marfuri gestiune 1 firma,1,BUC,0,0,,EUR,21,
00451655,28110-KGN7-672,28110-KGN7-672 GEAR COMP STARTING CLUTCH,Pe comanda,Marfuri gestiune 1 firma,0,BUC,179.3388,217,,EUR,21,Coroana bendix
00448486,28110-KHE7-900,28110-KHE7-900 GEAR COMP STARTING,Pe comanda,Marfuri gestiune 1 firma,0,BUC,0,0,,EUR,21,
00448069,28110-KKA7-900,28110-KKA7-900 GEAR COMP STARTING DRIVEN,Pe comanda,Marfuri gestiune 1 firma,0,BUC,0,0,,EUR,21,
00448317,28110-LDB2-C00,28110-LDB2-C00 GEAR COMP STRATING CLUTCH,Pe comanda,Marfuri gestiune 1 firma,9,BUC,0,0,,EUR,21,Roata libera
00446263,28110-LDB2-E00,28110-LDB2-E00 GEAR COMP STARTING CLUTCH,Marfuri,Marfuri gestiune 1 firma,3,BUC,214.876,260,,EUR,21,Roata libera
00450853,28110-LDB5-E00,28110-LDB5-E00 GEAR COMP STARTING CLUTCH,Pe comanda,Marfuri gestiune 1 firma,0,BUC,28.99,34.5,,EUR,21,Roata bendix
00446363,28110-LKA8-E00,28110-LKA8-E00 GEAR COMP STARTING CLUTCH,Pe comanda,Marfuri gestiune 1 firma,1,BUC,0,0,,EUR,21,Roata libera bendix pornire
00451058,28110-LKH3-C00,28110-LKH3-C00 GEAR COMP STARTING CLUTCH,Pe comanda,Marfuri gestiune 1 firma,0,BUC,25,25,,EUR,21,
00448397,28110-PWB1-900,28110-PWB1-900 GEAR COMP STARTING CLUTCH,Pe comanda,Marfuri gestiune 1 firma,0,BUC,540.4959,654,,EUR,21,Coroana bendix
00449342,28112-PWB1-900,28112-PWB1-900 SHAFT A STARTER REDUCTION GEAR,Pe comanda,Marfuri gestiune 1 firma,1,BUC,0,0,,EUR,21,Ax pinion reductor
00448070,28120-GFY6-315,28120-GFY6-315 OUTER COMP STARTING CLUTCH,Pe comanda,Marfuri gestiune 1 firma,1,BUC,0,0,,EUR,21,
00448725,28120-GFY6-C10,28120-GFY6-C10 OUTER COMP STRATING CLUTCH,Pe comanda,Marfuri gestiune 1 firma,0,BUC,0,0,,EUR,21,
00449450,28120-KED9-900,28120-KED9-900 OUTER COMP STARTING CLUTCH,Pe comanda,Marfuri gestiune 1 firma,0,BUC,0,0,,EUR,21,
00445214,28120-KHE7-E00,28120-KHE7-E00 ONE WAY CLUTCH STARTER ASSY,Pe comanda,Marfuri gestiune 1 firma,1,BUC,142.86,172.86,,EUR,21,Rulment uni-sens
00449920,28120-KKE5-E00,28120-KKE5-E00 ONE WAY CLUTCH,Pe comanda,Marfuri gestiune 1 firma,1,BUC,0,0,,EUR,21,
00448809,28120-LDB2-C00,28120-LDB2-C00 ONE WAY CLUTCH,Marfuri,Marfuri gestiune 1 firma,0,BUC,219.0083,265,,EUR,21,Rulment uni-sens
00446264,28120-LDB2-E00,28120-LDB2-E00 ONE WAY CLUTCH,Pe comanda,Marfuri gestiune 1 firma,6,BUC,0,0,,EUR,21,
00445697,28120-PWB1-900,28120-PWB1-900 OUTER COMP STARTING CLUTCH,Pe comanda,Marfuri gestiune 1 firma,0,BUC,0,0,,EUR,21,
00450407,28120-PWB1-90A,28120-PWB1-90A STARTER CLUTCH,Pe comanda,Marfuri gestiune 1 firma,0,BUC,533.0579,645,,EUR,21,Rulment uni-sens
00448144,28125-4F26-001,28125-4F26-001 SPRING ROLLER STARTER,Pe comanda,Marfuri gestiune 1 firma,3,BUC,0,0,,EUR,21,Arculet bendix
00448142,28125-GFY6-960,28125-GFY6-960 FLANGE STARTING CLUTCH,Pe comanda,Marfuri gestiune 1 firma,1,BUC,0,0,,EUR,21,
00449609,28125-GFY6-C10,28125-GFY6-C10 FLANGE STARTING CLUTCH,Pe comanda,Marfuri gestiune 1 firma,1,BUC,0,0,,EUR,21,
00448723,28125-GFYC-C10,28125-GFYC-C10 FLANGE STARTING CLUTCH,Pe comanda,Marfuri gestiune 1 firma,0,BUC,0,0,,EUR,21,
00448141,28126-KUDU-900,28126-KUDU-900 CAP STARTING CLUTCH,Pe comanda,Marfuri gestiune 1 firma,6,BUC,0,0,,EUR,21,Capacel bendix
00448933,2812A-GFY6-C10,2812A-GFY6-C10 OUTER ASSY STRAT CLUTCH,Pe comanda,Marfuri gestiune 1 firma,0,BUC,0,0,,EUR,21,Ansamblu bendix
00445530,28211-KEB7-900,28211-KEB7-900 RATCHET KICK STARTER,Pe comanda,Marfuri gestiune 1 firma,0,BUC,0,0,,EUR,21,
00446364,28211-KEB7-W10,28211-KEB7-W10 RATCHET KICK STARTER,Pe comanda,Marfuri gestiune 1 firma,0,BUC,45.4545,55,,EUR,21,Flansa angrenare
00445432,28211-KFC8-900,28211-KFC8-900 RATCHET KICK STARTER,Pe comanda,Marfuri gestiune 1 firma,1,BUC,45.4545,55,,EUR,21,Flansa pornire
00448101,28211-KUDU-900,28211-KUDU-900 RATCHET KICK STARTER,Pe comanda,Marfuri gestiune 1 firma,0,BUC,0,0,,EUR,21,
00451288,28211-YZA6-E00,28211-YZA6-E00 STARTING PAWL,Pe comanda,Marfuri gestiune 1 firma,0,BUC,4.7,5.59,,EUR,21,Ansamblu pornire
00447105,28213-LCA5-E00,28213-LCA5-E00 PLATE RACHET,Pe comanda,Marfuri gestiune 1 firma,1,BUC,0,0,,EUR,21,Flansa demaror manual
00451289,28221-YZA6-E00,28221-YZA6-E00 CLUTCH LEFT PAN,Pe comanda,Marfuri gestiune 1 firma,0,BUC,12.11,14.41,,EUR,21,Panel stanga ambreaj
00448796,28223-KNBN-901,28223-KNBN-901 SPG KICK DRIVEN GEAR,Pe comanda,Marfuri gestiune 1 firma,0,BUC,0,0,,EUR,21,
00445754,28230-GHAH-721,28230-GHAH-721 GEAR COMP KICK DRIVEN,Pe comanda,Marfuri gestiune 1 firma,2,BUC,0,0,,EUR,21,
00445279,28230-GKAK-921,28230-GKAK-921 GEAR COMP KICK DRIVEN,Pe comanda,Marfuri gestiune 1 firma,2,BUC,0,0,,EUR,21,
00445659,28230-KNBN-901,28230-KNBN-901 GEAR COMP KICK DRIVEN,Marfuri,Marfuri gestiune 1 firma,2,BUC,66.1157,80,,EUR,21,Rack pornire
00449314,28230-LBA8-C10,28230-LBA8-C10 GERA COMP KICK DRIVEN,Pe comanda,Marfuri gestiune 1 firma,1,BUC,0,0,,EUR,21,
00447873,2823A-GKAK-W10,2823A-GKAK-W10 GEAR COMP KICK DRIVEN,Pe comanda,Marfuri gestiune 1 firma,0,BUC,0,0,,EUR,21,Rack variator
00445389,2823A-LBD6-C00,2823A-LBD6-C00 GEAR ASSY KICK DRIVEN,Marfuri,Marfuri gestiune 1 firma,1,BUC,90.9091,110,,EUR,21,Rack variator
00446514,28250-GBN2-602,28250-GBN2-602 SPIDLE COMP KICK STRATER,Pe comanda,Marfuri gestiune 1 firma,1,BUC,0,0,,EUR,21,Semiluna pornire
00445357,28250-GBN2-C00,28250-GBN2-C00 SPIDLE COMP KICK STARTER,Pe comanda,Marfuri gestiune 1 firma,3,BUC,0,0,,EUR,21,Semiluna pornire
00448102,28250-GFY6-901,28250-GFY6-901 SPINDLE COMP KICK STARTER,Pe comanda,Marfuri gestiune 1 firma,1,BUC,0,0,,EUR,21,Semiluna pornire
00447874,28250-KCCC-900,28250-KCCC-900 SPINDLE COMP KICK STARTER,Pe comanda,Marfuri gestiune 1 firma,0,BUC,0,0,,EUR,21,Semiluna pornire
00447423,28250-KFC8-900,28250-KFC8-900 SPINDLE COMP KICK STARTER,Pe comanda,Marfuri gestiune 1 firma,0,BUC,0,0,,EUR,21,Semiluna pornire
00445638,28250-KNBN-901,28250-KNBN-901 SPINDER COMP KICK,Marfuri,Marfuri gestiune 1 firma,1,BUC,0,0,,EUR,21,Semiluna pornire
00450290,28250-KNBN-C00,28250-KNBN-C00 SPIDLE COMP KICK STRATER,Pe comanda,Marfuri gestiune 1 firma,0,BUC,7.79,9.27,,EUR,21,Semiluna pornire
00448492,28250-LCA4-E00,28250-LCA4-E00 SPINDLE COMP KICK STARTER,Pe comanda,Marfuri gestiune 1 firma,1,BUC,0,0,,EUR,21,Semiluna pornire
00448886,28250-LDF7-E10,28250-LDF7-E10 SPINDLE COMP KICK STARTER,Pe comanda,Marfuri gestiune 1 firma,0,BUC,0,0,,EUR,21,Semiluna pornire
00445531,28250-LEJ2-E10,28250-LEJ2-E10 SPINDLE COMP KICK STARTER,Marfuri,Marfuri gestiune 1 firma,0,BUC,78.5124,95,,EUR,21,Semiluna pornire
00447592,28250-LEJ3-E10,28250-LEJ3-E10 SPINDLE COMP KICK STARTER,Pe comanda,Marfuri gestiune 1 firma,1,BUC,0,0,,EUR,21,Semiluna pornire
00445886,28253-GBN2-60A,28253-GBN2-60A BUSH KICK SPINDLE,Marfuri,Marfuri gestiune 1 firma,6,BUC,16.5289,20,,EUR,21,Bucsa semiluna
00446743,28253-GBN2-C00,28253-GBN2-C00 BUSH KICK SPINDLE,Marfuri,Marfuri gestiune 1 firma,2,BUC,0,0,,EUR,21,Bucsa semiluna
00445887,28255-GFS6-001,28255-GFS6-001 COLLAR KICK BOSS,Marfuri,Marfuri gestiune 1 firma,4,BUC,16.5289,20,,EUR,21,Bucsa plastic
00447324,28255-GFS6-C00,28255-GFS6-C00 COLLAR KICK BOSS,Pe comanda,Marfuri gestiune 1 firma,2,BUC,0,0,,EUR,21,Bucsa plastic
00445914,28281-GBN2-60A,28281-GBN2-60A SPRING KICK RETURN,Marfuri,Marfuri gestiune 1 firma,8,BUC,20.6612,25,,EUR,21,Arc pedala
00445358,28281-GBN2-C00,28281-GBN2-C00 SPRING KICK RETURN,Marfuri,Marfuri gestiune 1 firma,1,BUC,0,0,,EUR,21,Arc pedala
00446640,28300-GBN2-60A,28300-GBN2-60A ARM ASSY KICK STARTER,Pe comanda,Marfuri gestiune 1 firma,1,BUC,0,0,,EUR,21,
00447815,28300-KFA3-C00,28300-KFA3-C00 ARM KICK STARTER,Pe comanda,Marfuri gestiune 1 firma,0,BUC,0,0,,EUR,21,
00451339,28300-KFA6-900,28300-KFA6-900 ARM KICK STARTER,Pe comanda,Marfuri gestiune 1 firma,0,BUC,18.2,22.02,,EUR,21,Brat de pornire
00446023,28300-KFC8-910,28300-KFC8-910 ARM ASSY KICK STARTER,Pe comanda,Marfuri gestiune 1 firma,1,BUC,0,0,,EUR,21,
00445805,28300-KNBN-901,28300-KNBN-901 ARM ASS'Y KICK STARTER,Pe comanda,Marfuri gestiune 1 firma,1,BUC,76.0331,92,,EUR,21,Pedala
00449077,28300-KNBN-C00,28300-KNBN-C00 ARM ASSY KICK STARTER,Pe comanda,Marfuri gestiune 1 firma,1,BUC,0,0,,EUR,21,
00446493,28300-LBA8-C10,28300-LBA8-C10 ARM ASSY KICK STARTER,Pe comanda,Marfuri gestiune 1 firma,0,BUC,0,0,,EUR,21,
00449462,28300-LCA4-E00,28300-LCA4-E00 ARM ASSY KICK STARTER,Pe comanda,Marfuri gestiune 1 firma,1,BUC,0,0,,EUR,21,
00449539,28300-LEJ3-E10,28300-LEJ3-E10 ARM ASSY KICK STARTER,Pe comanda,Marfuri gestiune 1 firma,0,BUC,0,0,,EUR,21,
00447889,28300-LLJ1-900,28300-LLJ1-900 ARM ASSY KICK,Pe comanda,Marfuri gestiune 1 firma,3,BUC,0,0,,EUR,21,
00448403,28310-LDB5-E00,28310-LDB5-E00 RING OIL PATH,Pe comanda,Marfuri gestiune 1 firma,2,BUC,0,0,,EUR,21,Segment ungere special
00451200,30300-KED9-900,30300-KED9-900 GENERATOR COMP PULSE,Pe comanda,Marfuri gestiune 1 firma,0,BUC,10.22,12.16,,EUR,21,Generator impulsuri
00451412,30400-ALJ9-E10,30400-ALJ9-E10 CDI ASSY UNIT,Pe comanda,Marfuri gestiune 1 firma,0,BUC,541.3223,655,,EUR,21,CDI
00448853,30400-GKAK-901,30400-GKAK-901 CDI UNIT,Pe comanda,Marfuri gestiune 1 firma,0,BUC,0,0,,EUR,21,CDI
00446387,30400-KFA6-900,30400-KFA6-900 UNIT ASSY CDI,Pe comanda,Marfuri gestiune 1 firma,3,BUC,0,0,,EUR,21,CDI
00445409,30400-KGG7-000,30400-KGG7-000 UNIT ASSY CDI,Pe comanda,Marfuri gestiune 1 firma,2,BUC,0,0,,EUR,21,CDI
00446173,30400-KHB4-900,30400-KHB4-900 UNIT ASSY CDI,Pe comanda,Marfuri gestiune 1 firma,1,BUC,0,0,,EUR,21,CDI
00445532,30400-KHE7-900,30400-KHE7-900 UNIT ASSY IGNATION,Pe comanda,Marfuri gestiune 1 firma,0,BUC,0,0,,EUR,21,CDI
00449857,30400-KKAK-900,30400-KKAK-900 UNIT ASSY CDI,Pe comanda,Marfuri gestiune 1 firma,1,BUC,27.83,27.83,,EUR,21,CDI
00446067,30400-KXCX-E01,30400-KXCX-E01 CDI SPEED CONTROL,Pe comanda,Marfuri gestiune 1 firma,1,BUC,0,0,,EUR,21,CDI
00450973,30400-LBA2-E00,30400-LBA2-E00 UNIT ASSY IGNITION CD XCITING,Pe comanda,Marfuri gestiune 1 firma,0,BUC,70,83.3,,EUR,21,CDI
00447458,30400-LBA7-900,30400-LBA7-900 UNIT ASSY IGNITION,Marfuri,Marfuri gestiune 1 firma,0,BUC,0,0,,EUR,21,CDI
00445390,30400-LCA5-E00,30400-LCA5-E00 UNIT ASSY IGNITION,Pe comanda,Marfuri gestiune 1 firma,3,BUC,0,0,,EUR,21,CDI
00449690,30400-LCD3-E00,30400-LCD3-E00 UNIT ASSY CDI,Pe comanda,Marfuri gestiune 1 firma,0,BUC,0,0,,EUR,21,CDI
00447472,30400-LCD4-E01,30400-LCD4-E01 UNIT ASSY,Pe comanda,Marfuri gestiune 1 firma,0,BUC,0,0,,EUR,21,CDI
00451132,30400-LDB2-E00,30400-LDB2-E00 UNIT ASSY IGNITION,Pe comanda,Marfuri gestiune 1 firma,0,BUC,69,82.11,,EUR,21,CDI
00446745,30400-LDB5-E00,30400-LDB5-E00 UNIT ASSY IGNATION,Marfuri,Marfuri gestiune 1 firma,0,BUC,0,0,,EUR,21,CDI
00451384,30400-LDE9-800,30400-LDE9-800 CDI,Pe comanda,Marfuri gestiune 1 firma,0,BUC,45,54.45,,EUR,21,CDI
00445956,30400-LDE9-E00,30400-LDE9-E00 UNIT ASSY IGNITION,Pe comanda,Marfuri gestiune 1 firma,2,BUC,0,0,,EUR,21,CDI
00446891,30400-LDH1-E00,30400-LDH1-E00 UNIT ASSY IGNITION,Pe comanda,Marfuri gestiune 1 firma,0,BUC,0,0,,EUR,21,CDI
00449035,30400-LEA5-E00,30400-LEA5-E00 UNIT ASSY CDI,Pe comanda,Marfuri gestiune 1 firma,0,BUC,0,0,,EUR,21,CDI
00449036,30400-LEC3-E00,30400-LEC3-E00 UNIT ASSY CDI,Pe comanda,Marfuri gestiune 1 firma,0,BUC,0,0,,EUR,21,CDI
00445391,30400-LEC8-E00,30400-LEC8-E00 UNIT ASSY CDI,Pe comanda,Marfuri gestiune 1 firma,2,BUC,0,0,,EUR,21,CDI
00448543,30400-LFE9-E00,30400-LFE9-E00 UNIT ASSY IGNITION,Pe comanda,Marfuri gestiune 1 firma,0,BUC,576.0331,697,,EUR,21,CDI
00449037,30400-LHM2-E00,30400-LHM2-E00 UNIT ASSY CDI LIGHTING CONTROL,Pe comanda,Marfuri gestiune 1 firma,0,BUC,0,0,,EUR,21,
00445215,30400-LLJ1-900,30400-LLJ1-900 UNIT ASSY CDI,Pe comanda,Marfuri gestiune 1 firma,2,BUC,0,0,,EUR,21,CDI
00446878,30400-PWB1-E00,30400-PWB1-E00 UNIT ASSY IGNITION,Marfuri,Marfuri gestiune 1 firma,2,BUC,0,0,,EUR,21,CDI
00445336,30410-KED9-900,30410-KED9-900 UNIT ASSY CDI,Pe comanda,Marfuri gestiune 1 firma,1,BUC,0,0,,EUR,21,
00450693,30410-KKD7-E00,30410-KKD7-E00 CDI,Pe comanda,Marfuri gestiune 1 firma,0,BUC,75.16,89.44,,EUR,21,CDI
00446315,30410-KUDU-900,30410-KUDU-900 CDI,Pe comanda,Marfuri gestiune 1 firma,0,BUC,0,0,,EUR,21,
00448848,30410-LBD6-C00,30410-LBD6-C00 CDI UNIT COMP,Pe comanda,Marfuri gestiune 1 firma,1,BUC,0,0,,EUR,21,
00446120,30410-LEJ2-E10,30410-LEJ2-E10 UNIT COMP CDI,Pe comanda,Marfuri gestiune 1 firma,1,BUC,0,0,,EUR,21,
00446024,30410-LEJ3-E10,30410-LEJ3-E10 UNIT COMP CDI,Pe comanda,Marfuri gestiune 1 firma,1,BUC,0,0,,EUR,21,
00446314,30410-LFC2-E10,30410-LFC2-E10 REG REC COMP,Pe comanda,Marfuri gestiune 1 firma,0,BUC,0,0,,EUR,21,
00446044,30410-LHB3-E10,30410-LHB3-E10 CDI UNIT COMP,Pe comanda,Marfuri gestiune 1 firma,2,BUC,530.5785,642,,EUR,21,CDI
00451558,3051A-ACH5-E10,3051A-ACH5-E10 COIL ASSY IGN,Pe comanda,Marfuri gestiune 1 firma,0,BUC,118.1818,143,,EUR,21,Bobina de inductie cu fisa si lulea
00451379,3051A-GFY6-901,3051A-GFY6-901 COIL ASS'Y ING,Pe comanda,Marfuri gestiune 1 firma,0,BUC,22.26,26.93,,EUR,21,Bobina de inductie cu fisa
00446344,3051A-GGY6-901,3051A-GGY6-901 COIL ASSY ING,Pe comanda,Marfuri gestiune 1 firma,0,BUC,0,0,,EUR,21,Bobina de inductie
00445660,3051A-KEB7-90A,3051A-KEB7-90A COIL ASSY ING,Pe comanda,Marfuri gestiune 1 firma,1,BUC,0,0,,EUR,21,Bobina de inductie
00446174,3051A-KHB4-900,3051A-KHB4-900 COIL ASSY ING,Pe comanda,Marfuri gestiune 1 firma,1,BUC,0,0,,EUR,21,
00449008,3051A-KHC4-900,3051A-KHC4-900 COIL ASSY NG,Pe comanda,Marfuri gestiune 1 firma,0,BUC,0,0,,EUR,21,Bobina de inductie
00446449,3051A-KHC4-C00,3051A-KHC4-C00 COIL ASSY ING,Pe comanda,Marfuri gestiune 1 firma,2,BUC,113.2231,137,,EUR,21,Bobina de inductie
00445216,3051A-KHE7-900,3051A-KHE7-900 COIL ASSY INGNITION,Marfuri,Marfuri gestiune 1 firma,1,BUC,0,0,,EUR,21,Bobina de inductie
00449877,3051A-LBA2-E00,3051A-LBA2-E00 COIL ASSY IGN,Pe comanda,Marfuri gestiune 1 firma,0,BUC,30.51,30.51,,EUR,21,Bobina de inductie
00449047,3051A-LBD3-900,3051A-LBD3-900 COIL ASSY IGNITION,Pe comanda,Marfuri gestiune 1 firma,0,BUC,180.1653,218,,EUR,21,Bobina de inductie
00449021,3051A-LBE8-900,3051A-LBE8-900 COIL ASSY IGNITION,Pe comanda,Marfuri gestiune 1 firma,0,BUC,0,0,,EUR,21,Bobina de inductie
00447169,3051A-LDB5-E00,3051A-LDB5-E00 COIL ASSY IGNITION,Pe comanda,Marfuri gestiune 1 firma,0,BUC,365.2893,442,,EUR,21,Bobina de inductie
00447968,3051A-LDF2-900,3051A-LDF2-900 COIL ASSY IGNITION,Pe comanda,Marfuri gestiune 1 firma,0,BUC,0,0,,EUR,21,Bobina de inductie
00447106,3051A-LDG7-800,3051A-LDG7-800 COIL ASSY IGNITION,Pe comanda,Marfuri gestiune 1 firma,0,BUC,359.5041,435,,EUR,21,Bobina de inductie
00449101,3051A-LEK1-E01,3051A-LEK1-E01 COIL ASSY IGNITION,Pe comanda,Marfuri gestiune 1 firma,0,BUC,0,0,,EUR,21,Bobina de inductie
00450194,3051A-LGC7-E00,3051A-LGC7-E00 COIL ASSY IGNITION,Pe comanda,Marfuri gestiune 1 firma,0,BUC,40.29,47.95,,EUR,21,Bobina de inductie
00445410,3051A-LLB1-900,3051A-LLB1-900 COIL ASSY IGN,Pe comanda,Marfuri gestiune 1 firma,1,BUC,152.8926,185,,EUR,21,Bobina de inductie
00448006,3051A-LLF5-C00,3051A-LLF5-C00 COIL ASSY IGN,Pe comanda,Marfuri gestiune 1 firma,1,BUC,0,0,,EUR,21,Bobina de inductie
00448988,3051A-LLJ3-E00,3051A-LLJ3-E00 COIL ASSY IGNITION,Pe comanda,Marfuri gestiune 1 firma,0,BUC,0,0,,EUR,21,Bobina de inductie
00451374,3051A-PRB8-900,3051A-PRB8-900 COIL ASSY IGNITION,Pe comanda,Marfuri gestiune 1 firma,0,BUC,30,36.3,,EUR,21,Bobina de inductie
00447325,3051A-PWA1-900,3051A-PWA1-900 COIL ASSY IGNITION,Pe comanda,Marfuri gestiune 1 firma,0,BUC,0,0,,EUR,21,Bobina de inductie
00445280,3051A-PWB1-900,3051A-PWB1-900 COIL ASSY IGNITION,Pe comanda,Marfuri gestiune 1 firma,1,BUC,288.4298,349,,EUR,21,Bobina de inductie cu fisa si lulea
00451644,3051A-YZA6-EZ5,3051A-YZA6-EZ5 HIGH PRESSURE BAG,Pe comanda,Marfuri gestiune 1 firma,0,BUC,122.314,148,,EUR,21,Bobina de inductie
00449348,30605-GLW0-001,30605-GLW0-001 SEAL HIGH TENSION,Pe comanda,Marfuri gestiune 1 firma,0,BUC,0,0,,EUR,21,
00446121,30700-GFY6-901,30700-GFY6-901 CAP ASSY NOISE,Pe comanda,Marfuri gestiune 1 firma,1,BUC,0,0,,EUR,21,Lulea bujie
00446175,30700-KBE2-941,30700-KBE2-941 CAP ASSY NOISE SUPPRESOR,Pe comanda,Marfuri gestiune 1 firma,1,BUC,0,0,,EUR,21,
00451268,30700-KFC8-E0H,30700-KFC8-E0H CAP ASSY NOISE SUPPRESOR,Pe comanda,Marfuri gestiune 1 firma,0,BUC,5.96,7.09,,EUR,21,Pipa bujie
00445888,30700-KHE7-900,30700-KHE7-900 CAP ASSY HEAD POSITION,Pe comanda,Marfuri gestiune 1 firma,0,BUC,0,0,,EUR,21,
00450456,30700-KNBN-901,30700-KNBN-901 CAP ASSY NOISE SUPPRESOR,Pe comanda,Marfuri gestiune 1 firma,0,BUC,6.72,6.72,,EUR,21,
00448493,30700-LDB5-E00,30700-LDB5-E00 CAP ASSY NOISE SUPRESOR,Pe comanda,Marfuri gestiune 1 firma,0,BUC,0,0,,EUR,21,
00447791,30700-PTA1-800,30700-PTA1-800 CAP ASSY NOISE AUPPRESOR,Pe comanda,Marfuri gestiune 1 firma,0,BUC,0,0,,EUR,21,
00446879,30700-PWB1-900,30700-PWB1-900 MOTOR UNIT ASSY,Pe comanda,Marfuri gestiune 1 firma,0,BUC,0,0,,EUR,21,
00449359,3070A-KXCX-910,3070A-KXCX-910 CAP ASSY NOISE,Pe comanda,Marfuri gestiune 1 firma,0,BUC,0,0,,EUR,21,
00451406,31100-KUDU-C00,31100-KUDU-C00 AC GEN ASSY,Pe comanda,Marfuri gestiune 1 firma,0,BUC,50.05,60.56,,EUR,21,Generator
00449540,31100-LBA8-C11,31100-LBA8-C11 STATOR COMP,Pe comanda,Marfuri gestiune 1 firma,0,BUC,0,0,,EUR,21,
00447108,31100-LEJ2-M30,31100-LEJ2-M30 AC GEN ASSY,Pe comanda,Marfuri gestiune 1 firma,0,BUC,0,0,,EUR,21,
00447107,31100-LGR2-E00,31100-LGR2-E00 AC GEN ASSY,Pe comanda,Marfuri gestiune 1 firma,0,BUC,0,0,,EUR,21,
00446744,31110-KHE7-90A,31110-KHE7-90A FLYWHEEL COMP,Pe comanda,Marfuri gestiune 1 firma,0,BUC,0,0,,EUR,21,
00446450,31110-LBA7-90A,31110-LBA7-90A FLYWHEEL COMP,Pe comanda,Marfuri gestiune 1 firma,1,BUC,387.6033,469,,EUR,21,Rotor
00446787,31110-LBA7-90B,31110-LBA7-90B FLYWHEEL COMP,Pe comanda,Marfuri gestiune 1 firma,3,BUC,0,0,,EUR,21,
00450956,31110-LBD6-E0A,31110-LBD6-E0A FLYWHEEL COMP,Pe comanda,Marfuri gestiune 1 firma,0,BUC,30,35.7,,EUR,21,Rotor
00449551,31110-LCA4-E0B,31110-LCA4-E0B FLYWHEEL COMP,Pe comanda,Marfuri gestiune 1 firma,0,BUC,0,0,,EUR,21,
00448897,31110-LDB5-E00,31110-LDB5-E00 FLY WHEEL COMP,Pe comanda,Marfuri gestiune 1 firma,0,BUC,0,0,,EUR,21,
00449374,31110-LDE9-E00,31110-LDE9-E00 FLYWHEEL COMP,Pe comanda,Marfuri gestiune 1 firma,0,BUC,0,0,,EUR,21,
00448355,31110-LEC8-E0A,31110-LEC8-E0A FLYWHELL COMP,Pe comanda,Marfuri gestiune 1 firma,0,BUC,0,0,,EUR,21,
00451098,31110-LEJ2-M30,31110-LEJ2-M30 FLYWHEEL COMP,Pe comanda,Marfuri gestiune 1 firma,0,BUC,150.420168,179,,EUR,21,
00449617,31110-LKF5-E00,31110-LKF5-E00 FLYWHEEL COMP,Pe comanda,Marfuri gestiune 1 firma,0,BUC,0,0,,EUR,21,
00448669,31110-LLB1-90A,31110-LLB1-90A FLY WHELL COMP,Pe comanda,Marfuri gestiune 1 firma,0,BUC,0,0,,EUR,21,
00449451,31110-PTA1-800,31110-PTA1-800 FLYWHEEL COMP,Pe comanda,Marfuri gestiune 1 firma,0,BUC,0,0,,EUR,21,
00451053,31120-ACH5-E10,31120-ACH5-E10 STATOR COMP,Pe comanda,Marfuri gestiune 1 firma,0,BUC,242.9752,294,,EUR,21,Stator
00451269,31120-ADB2-C00,31120-ADB2-C00 STATOR COMP,Pe comanda,Marfuri gestiune 1 firma,0,BUC,38.89,46.28,,EUR,21,Stator
00448480,31120-ALD9-E10,31120-ALD9-E10 STATOR COMP,Pe comanda,Marfuri gestiune 1 firma,0,BUC,0,0,,EUR,21,
00445806,31120-GFY6-200,31120-GFY6-200 MOTOR ASS'Y START 9000,Pe comanda,Marfuri gestiune 1 firma,1,BUC,0,0,,EUR,21,
00447890,31120-KEBE-90B,31120-KEBE-90B STATOR COMP,Pe comanda,Marfuri gestiune 1 firma,1,BUC,0,0,,EUR,21,Stator (magnetou)
00451317,31120-KED9-900,31120-KED9-900 STATOR COMP,Pe comanda,Marfuri gestiune 1 firma,0,BUC,51.85,62.74,,EUR,21,Stator
00446909,31120-KFA5-90A,31120-KFA5-90A STTOR COMP,Pe comanda,Marfuri gestiune 1 firma,1,BUC,0,0,,EUR,21,
00445957,31120-KFA6-90A,31120-KFA6-90A STATOR COMP,Pe comanda,Marfuri gestiune 1 firma,0,BUC,0,0,,EUR,21,
00449865,31120-KHBH-900,31120-KHBH-900 STATOR COMP,Pe comanda,Marfuri gestiune 1 firma,0,BUC,34.66,34.66,,EUR,21,Stator (magnetou)
00447875,31120-KHE7-90A,31120-KHE7-90A STATOR COMP,Pe comanda,Marfuri gestiune 1 firma,1,BUC,0,0,,EUR,21,Stator (magnetou)
00446507,31120-KKC4-90A,31120-KKC4-90A STATOR COMP,Pe comanda,Marfuri gestiune 1 firma,2,BUC,0,0,,EUR,21,Stator (magnetou)
00450694,31120-KKD6-E0A,31120-KKD6-E0A STATOR COMP (D402),Pe comanda,Marfuri gestiune 1 firma,0,BUC,34.25,40.76,,EUR,21,Stator
00450108,31120-LBA2-E00,31120-LBA2-E00 STATOR COMP,Pe comanda,Marfuri gestiune 1 firma,0,BUC,67.29,80.08,,EUR,21,Stator (magnetou)
00446506,31120-LBA7-90A,31120-LBA7-90A STATOR COMP,Marfuri,Marfuri gestiune 1 firma,5,BUC,351.2397,425,,EUR,21,Stator D406 (magnetou)
00445533,31120-LBA7-90B,31120-LBA7-90B STATOR COMP,Pe comanda,Marfuri gestiune 1 firma,5,BUC,0,0,,EUR,21,Stator (magnetou)
00447489,31120-LBA8-C10,31120-LBA8-C10 STATOR COMP,Pe comanda,Marfuri gestiune 1 firma,0,BUC,0,0,,EUR,21,
00447501,31120-LBD3-900,31120-LBD3-900 STATOR COMP,Pe comanda,Marfuri gestiune 1 firma,0,BUC,0,0,,EUR,21,
00450969,31120-LBD6-E0A,31120-LBD6-E0A STATOR COMP,Pe comanda,Marfuri gestiune 1 firma,0,BUC,30,35.7,,EUR,21,STATOR
00448474,31120-LBD6-E0B,31120-LBD6-E0B STATOR COMP,Pe comanda,Marfuri gestiune 1 firma,1,BUC,0,0,,EUR,21,
00449246,31120-LCA4-E0A,31120-LCA4-E0A STATOR COMP,Pe comanda,Marfuri gestiune 1 firma,0,BUC,0,0,,EUR,21,Stator (magnetou)
00447891,31120-LCA4-E0B,31120-LCA4-E0B STATOR COMP,Pe comanda,Marfuri gestiune 1 firma,0,BUC,0,0,,EUR,21,Stator (magnetou)
00447006,31120-LDB1-E0A,31120-LDB1-E0A STATO COMP,Pe comanda,Marfuri gestiune 1 firma,0,BUC,0,0,,EUR,21,
00445150,31120-LDB1-E0B,31120-LDB1-E0B STATOR COMP,Pe comanda,Marfuri gestiune 1 firma,0,BUC,0,0,,EUR,21,
00446176,31120-LDB2-E00,31120-LDB2-E00 STATOR COMP,Pe comanda,Marfuri gestiune 1 firma,2,BUC,0,0,,EUR,21,Stator (magnetou)
00449349,31120-LDB5-E00,31120-LDB5-E00 STATOR COMP,Pe comanda,Marfuri gestiune 1 firma,0,BUC,0,0,,EUR,21,Stator (magnetou)
00448883,31120-LDB5-E01,31120-LDB5-E01 STATOR COMP,Pe comanda,Marfuri gestiune 1 firma,0,BUC,0,0,,EUR,21,Stator (magnetou)
00448160,31120-LDB5-E0D,31120-LDB5-E0D STATOR COMP,Pe comanda,Marfuri gestiune 1 firma,0,BUC,0,0,,EUR,21,Stator (magnetou)
00447394,31120-LDC8-E10,31120-LDC8-E10 STATOR COMP,Pe comanda,Marfuri gestiune 1 firma,1,BUC,0,0,,EUR,21,
00447223,31120-LDE9-E00,31120-LDE9-E00 STATOR COMP,Marfuri,Marfuri gestiune 1 firma,3,BUC,505.7851,612,,EUR,21,Stator (magnetou)
00450706,31120-LDE9-E00,31120-LDE9-E00 STATOR USED,Pe comanda,Marfuri gestiune 1 firma,0,BUC,32.05,38.14,,EUR,21,Stator SH
00449820,31120-LDE9-E00-FS2,31120-LDE9-E00-FS2 STATOR D406,Pe comanda,Marfuri gestiune 1 firma,0,BUC,0,0,,EUR,21,Stator (magnetou)
00447297,31120-LDF2-910,31120-LDF2-910 STATOR COMP,Pe comanda,Marfuri gestiune 1 firma,0,BUC,549.5868,665,,EUR,21,Stator
00451006,31120-LDG7-900,31120-LDG7-900 STATOR COMP,Pe comanda,Marfuri gestiune 1 firma,0,BUC,55,65.45,,EUR,21,Stator
00447767,31120-LEA7-E0B,31120-LEA7-E0B STATOR COMP,Pe comanda,Marfuri gestiune 1 firma,0,BUC,454.5455,550,,EUR,21,Stator (magnetou)
00445151,31120-LEC8-E0A,31120-LEC8-E0A STATOR COMP,Pe comanda,Marfuri gestiune 1 firma,0,BUC,0,0,,EUR,21,Stator (magnetou)
00445152,31120-LEC8-E0B,31120-LEC8-E0B STATOR COMP,Pe comanda,Marfuri gestiune 1 firma,0,BUC,0,0,,EUR,21,Stator (magnetou)
00449486,31120-LEJ2-E10,31120-LEJ2-E10 STATOR COMP,Pe comanda,Marfuri gestiune 1 firma,0,BUC,0,0,,EUR,21,Stator (magnetou)
00451541,31120-LEJ2-M30,31120-LEJ2-M30 STATOR COMP,Pe comanda,Marfuri gestiune 1 firma,0,BUC,243.8017,295,,EUR,21,Stator
00445337,31120-LFA5-E00,31120-LFA5-E00 STATOR COMP,Pe comanda,Marfuri gestiune 1 firma,0,BUC,0,0,,EUR,21,Stator
00449383,31120-LFC3-E10,31120-LFC3-E10 STATOR COMP,Pe comanda,Marfuri gestiune 1 firma,0,BUC,0,0,,EUR,21,
00451436,31120-LGS6-E10,31120-LGS6-E10 STATOR COMP,Pe comanda,Marfuri gestiune 1 firma,1,BUC,239.6694,290,,EUR,21,Stator
00448661,31120-LHG7-E00,31120-LHG7-E00 STATOR COMP,Pe comanda,Marfuri gestiune 1 firma,0,BUC,0,0,,EUR,21,
00450961,31120-LKA8-E0A,31120-LKA8-E0A STATOR COMP D406,Pe comanda,Marfuri gestiune 1 firma,0,BUC,70.58,83.99,,EUR,21,Stator
00451543,31120-LKF5-E01,31120-LKF5-E01 STATOR COMP (D402),Pe comanda,Marfuri gestiune 1 firma,0,BUC,553.719,670,,EUR,21,Stator
00450995,31120-LKM5-E00,31120-LKM5-E00 STATOR COMP (D406),Pe comanda,Marfuri gestiune 1 firma,1,BUC,90,107.1,,EUR,21,Stator
00445998,31120-LLB1-90A,31120-LLB1-90A STATOR COMP,Pe comanda,Marfuri gestiune 1 firma,0,BUC,0,0,,EUR,21,
00445997,31120-LLB1-90B,31120-LLB1-90B STATOR COMP,Pe comanda,Marfuri gestiune 1 firma,0,BUC,0,0,,EUR,21,
00446000,31120-LLB1-90B,31120-LLB1-90B STATOR COMP,Pe comanda,Marfuri gestiune 1 firma,1,BUC,0,0,,EUR,21,
00451110,31120-PWB1-900,31120-PWB1-900 MOTOR UNIT STARTER,Pe comanda,Marfuri gestiune 1 firma,2,BUC,45,53.55,,EUR,21,Elecromotor
00451447,31200-BBD9-EA5,31200-BBD9-EA5 MOTOR ASSY START,Pe comanda,Marfuri gestiune 1 firma,1,BUC,318.1818,385,,EUR,21,Electromotor
00451303,31200-BLB3-E10,31200-BLB3-E10 STARTER MOTOR,Pe comanda,Marfuri gestiune 1 firma,0,BUC,69,69,,EUR,21,Electromotor
00448874,31200-KBE2-981,31200-KBE2-981 MOTOR ASSY STARTER,Pe comanda,Marfuri gestiune 1 firma,1,BUC,0,0,,EUR,21,
00449268,31200-KEE1-90A,31200-KEE1-90A MOTOR UNIT ASSY,Pe comanda,Marfuri gestiune 1 firma,0,BUC,0,0,,EUR,21,
00446403,31200-KUDU-C00,31200-KUDU-C00 MOTOR ASSY STARTER,Pe comanda,Marfuri gestiune 1 firma,2,BUC,0,0,,EUR,21,
00447303,31200-LDC8-E10,31200-LDC8-E10 MOTOR UNIT STARTER,Pe comanda,Marfuri gestiune 1 firma,0,BUC,0,0,,EUR,21,Electromotor
00447969,31200-LEJ2-E10,31200-LEJ2-E10 MOTOR ASSY START,Pe comanda,Marfuri gestiune 1 firma,0,BUC,235.5372,285,,EUR,21,Electromotor
00449333,31200-LKH3-C00,31200-LKH3-C00 MB6928 ANLASSER,Pe comanda,Marfuri gestiune 1 firma,0,BUC,0,0,,EUR,21,
00446995,31203-GKAK-901,31203-GKAK-901 HOLDER COMP,Pe comanda,Marfuri gestiune 1 firma,0,BUC,0,0,,EUR,21,
00446621,31209-GKAK-901,31209-GKAK-901 PINION ASSY STARTER,Pe comanda,Marfuri gestiune 1 firma,1,BUC,0,0,,EUR,21,
00447055,31209-KEE1-C00,31209-KEE1-C00 PINION ASSY STARTER,Pe comanda,Marfuri gestiune 1 firma,0,BUC,0,0,,EUR,21,Bendix
00450202,31209-KEE1-C01,31209-KEE1-C01 PINION ASSY STARTER,Pe comanda,Marfuri gestiune 1 firma,0,BUC,20.97,24.95,,EUR,21,Bendix
00451657,31209-YZA6-EZ5,31209-YZA6-EZ5 STARTING ADAPTER SUB-ASSY,Pe comanda,Marfuri gestiune 1 firma,0,BUC,180.1653,218,,EUR,21,Ansamblu pornire
00447839,31210-GFY6-200,31210-GFY6-200 MOTOR AASY START,Pe comanda,Marfuri gestiune 1 firma,0,BUC,0,0,,EUR,21,Electromotor
00445281,31210-GFY6-20C,31210-GFY6-20C MOTOR ASSY,Pe comanda,Marfuri gestiune 1 firma,1,BUC,0,0,,EUR,21,Electromotor
00446711,31210-GKAK-90C,31210-GKAK-90C MOTOR UNIT START,Pe comanda,Marfuri gestiune 1 firma,1,BUC,0,0,,EUR,21,Electromotor
00450455,31210-GKAK-90C-IP15321,31210-GKAK-90C-IP15321 STARTER MOTOR,Pe comanda,Marfuri gestiune 1 firma,0,BUC,33,33,,EUR,21,
00446265,31210-KED9-900,31210-KED9-900 MOTOR UNIT STARTER,Pe comanda,Marfuri gestiune 1 firma,0,BUC,0,0,,EUR,21,Electromotor
00447279,31210-KHE7-90A,31210-KHE7-90A MOTOR UNIT STARTER,Pe comanda,Marfuri gestiune 1 firma,0,BUC,0,0,,EUR,21,Electromotor
00447197,31210-KNBN-901,31210-KNBN-901 START MOTOR UNIT,Pe comanda,Marfuri gestiune 1 firma,0,BUC,0,0,,EUR,21,Electromotor
00446177,31210-LBA2-E00,31210-LBA2-E00 MOTORUNIT STARTER,Pe comanda,Marfuri gestiune 1 firma,3,BUC,0,0,,EUR,21,Electromotor
00445848,31210-LBA7-900,31210-LBA7-900 MOTOR UNIT STARTER,Marfuri,Marfuri gestiune 1 firma,6,BUC,557.8512,675,,EUR,21,Electromotor
00446122,31210-LBA7-90B,31210-LBA7-90B MOTOR UNIT STRATER,Pe comanda,Marfuri gestiune 1 firma,3,BUC,0,0,,EUR,21,Electromotor
00449792,31210-LBF2-700,31210-LBF2-700 MOTOR UNIT STARTER,Pe comanda,Marfuri gestiune 1 firma,0,BUC,0,0,,EUR,21,Electromotor
00445433,31210-LEC8-E00,31210-LEC8-E00 MOTOR UNIT STARTER,Pe comanda,Marfuri gestiune 1 firma,0,BUC,0,0,,EUR,21,Electromotor
00451238,31210-LKM5-E0A,31210-LKM5-E0A MOTOR UNIT STARTER UXV700,Pe comanda,Marfuri gestiune 1 firma,0,BUC,85,101.15,,EUR,21,
00446593,31210-LLB1-900,31210-LLB1-900 MOTOR UNIT START,Pe comanda,Marfuri gestiune 1 firma,1,BUC,0,0,,EUR,21,Electromotor
00449063,31210-PTA1-800,31210-PTA1-800 MOTOR UNIT STARTER,Pe comanda,Marfuri gestiune 1 firma,1,BUC,566.1157,685,,EUR,21,Electromotor
00445889,31210-PWB1-900,31210-PWB1-900 MOTOR UNIT STARTER,Pe comanda,Marfuri gestiune 1 firma,3,BUC,0,0,,EUR,21,Electromotor
00451280,31210-PWB1-900-BRONCO,31210-PWB1-900-BRONCO STARTER MOTOR,Pe comanda,Marfuri gestiune 1 firma,0,BUC,46.94,55.86,,EUR,21,Electromotor
00449514,31300-LDB4-E21,31300-LDB4-E21 MOTOR ASSY,Pe comanda,Marfuri gestiune 1 firma,0,BUC,0,0,,EUR,21,
00451093,31300-YZA6-EZ5,31300-YZA6-EZ5 PROGRESSIVE MOTOR MICARE,Pe comanda,Marfuri gestiune 1 firma,0,BUC,0,0,,EUR,21,Actuator
00445282,31340-LBA2-E0A,31340-LBA2-E0A SENSOR FR,Pe comanda,Marfuri gestiune 1 firma,3,BUC,0,0,,EUR,21,
00446295,31340-LBA2-E0A,31340-LBA2-E0A SENSOR FR WHELL SPEED,Pe comanda,Marfuri gestiune 1 firma,1,BUC,0,0,,EUR,21,Senzor viteza roata fata
00449003,31340-LBA7-E00,31340-LBA7-E00 SENSOR FR WHEEL SPEED,Pe comanda,Marfuri gestiune 1 firma,1,BUC,0,0,,EUR,21,
00449793,31340-LEA7-E00,31340-LEA7-E00 SENSOR FR WHEEL SPEED,Pe comanda,Marfuri gestiune 1 firma,1,BUC,0,0,,EUR,21,Senzor viteza
00450533,31340-LGL7-E00-MA8821,31340-LGL7-E00-MA8821 SENSOR TACHOMETER,Pe comanda,Marfuri gestiune 1 firma,0,BUC,63.51,75.58,,EUR,21,Senzor km
00451323,31340-LHM2-E00,31340-LHM2-E00 SENSOR SPEED,Pe comanda,Marfuri gestiune 1 firma,0,BUC,210.743801,254.99,,EUR,21,
00449740,31350-LAC5-900,31350-LAC5-900 BRAKE ASSY,Pe comanda,Marfuri gestiune 1 firma,0,BUC,0,0,,EUR,21,
00445731,31350-LDB5-E0A,31350-LDB5-E0A SENSOR SPEED,Pe comanda,Marfuri gestiune 1 firma,6,BUC,0,0,,EUR,21,Senzor viteza
00445411,31500-GFY6-94A,31500-GFY6-94A BATTERY YTX7A-BS,Pe comanda,Marfuri gestiune 1 firma,2,BUC,0,0,,EUR,21,
00447111,31500-KBN2-92A,31500-KBN2-92A BATERRY YTX5L,Pe comanda,Marfuri gestiune 1 firma,1,BUC,0,0,,EUR,21,
00446614,31500-KFAF-90A,31500-KFAF-90A BATTERY YTX9A-BS,Pe comanda,Marfuri gestiune 1 firma,1,BUC,0,0,,EUR,21,
00447109,31500-LGR2-E00,31500-LGR2-E00 UNIT HEAD LIGHT R 5,Pe comanda,Marfuri gestiune 1 firma,0,BUC,0,0,,EUR,21,
00446509,31600-KAM1-009,31600-KAM1-009 REG REC COMP,Pe comanda,Marfuri gestiune 1 firma,2,BUC,0,0,,EUR,21,Regulator incarcare
00446045,31600-KAR1-76A,31600-KAR1-76A REG REC COMP,Pe comanda,Marfuri gestiune 1 firma,1,BUC,0,0,,EUR,21,Regulator incarcare
00445639,31600-KED9-900,31600-KED9-900 REG REC COMP,Pe comanda,Marfuri gestiune 1 firma,4,BUC,0,0,,EUR,21,Regulator incarcare
00447071,31600-KED9-900,31600-KED9-900 REG REC COMP-MV7039,Pe comanda,Marfuri gestiune 1 firma,4,BUC,0,0,,EUR,21,
00447923,31600-KED9-910,31600-KED9-910 REG REC COMP,Marfuri,Marfuri gestiune 1 firma,0,BUC,0,0,,EUR,21,Regulator incarcare
00446340,31600-KUDU-C00,31600-KUDU-C00 REG REC COMP,Marfuri,Marfuri gestiune 1 firma,1,BUC,61.9835,75,,EUR,21,Regulator incarcare
00445434,31600-LBA7-900,31600-LBA7-900 REG REC COMP,Marfuri,Marfuri gestiune 1 firma,1,BUC,433.8843,525,,EUR,21,Regulator de incarcare (releu de incarcare)
00449022,31600-LCD3-C01,31600-LCD3-C01 REG REC COMP,Marfuri,Marfuri gestiune 1 firma,1,BUC,227.2727,275,,EUR,21,Releu incarcare (regulator)
00446975,31600-LCD3-E0B,31600-LCD3-E0B REG REC COMP,Pe comanda,Marfuri gestiune 1 firma,0,BUC,0,0,,EUR,21,Regulator incarcare
00448674,31600-LCD9-C01,31600-LCD9-C01 REG REC COMP,Pe comanda,Marfuri gestiune 1 firma,0,BUC,0,0,,EUR,21,Regulator incarcare
00448544,31600-LDB5-E00,31600-LDB5-E00 REG REC COMP,Pe comanda,Marfuri gestiune 1 firma,1,BUC,0,0,,EUR,21,Regulator incarcare
00446953,31600-LDG7-900,31600-LDG7-900 REG REC COMP,Pe comanda,Marfuri gestiune 1 firma,0,BUC,0,0,,EUR,21,Regulator incarcare
00448022,31600-LDG7-910,31600-LDG7-910 REG REC COMP,Pe comanda,Marfuri gestiune 1 firma,1,BUC,0,0,,EUR,21,Regulator incarcare
00446892,31600-LDH1-E00,31600-LDH1-E00 REG REC COMP,Pe comanda,Marfuri gestiune 1 firma,0,BUC,0,0,,EUR,21,Regulator incarcare
00450877,31600-LEA5-C01,31600-LEA5-C01 REG REC COMP,Pe comanda,Marfuri gestiune 1 firma,0,BUC,27.8,33.08,,EUR,21,Regulator de incarcare (releu de incarcare)
00446788,31600-LEA5-E00,31600-LEA5-E00 REG REC COMP,Pe comanda,Marfuri gestiune 1 firma,0,BUC,0,0,,EUR,21,Regulator incarcare
00445958,31600-LFC2-E10,31600-LFC2-E10 REG REC COMP,Pe comanda,Marfuri gestiune 1 firma,1,BUC,0,0,,EUR,21,Regulator incarcare
00447326,31600-LFC2-E11,31600-LFC2-E11 REG REC COMP,Pe comanda,Marfuri gestiune 1 firma,5,BUC,0,0,,EUR,21,Regulator incarcare
00450188,31600-LGC7-E00,31600-LGC7-E00 REG RECT COMP,Pe comanda,Marfuri gestiune 1 firma,0,BUC,49,58.31,,EUR,21,Regulator incarcare
00447678,31600-LHG7-E00,31600-LHG7-E00 REG REC COMP,Pe comanda,Marfuri gestiune 1 firma,0,BUC,0,0,,EUR,21,Regulator incarcare
00450627,31600-LKF5-E00,31600-LKF5-E00 REG REC COMP,Pe comanda,Marfuri gestiune 1 firma,0,BUC,82,97.58,,EUR,21,Regulator incarcare
00451439,31600-LKM5-E00,31600-LKM5-E00 REG RECT COMP,Pe comanda,Marfuri gestiune 1 firma,1,BUC,599.1736,725,,EUR,21,Regulator
00445392,31600-LLB1-E00,31600-LLB1-E00 REG REC COMP,Pe comanda,Marfuri gestiune 1 firma,3,BUC,0,0,,EUR,21,
00451427,31600-PRB2-900,31600-PRB2-900 REG RECT COMP,Pe comanda,Marfuri gestiune 1 firma,0,BUC,576.0331,697,,EUR,21,Regulator
00451126,31600-PRB8-E00,31600-PRB8-E00 RECTIFIER,Pe comanda,Marfuri gestiune 1 firma,0,BUC,566.386554,673.99,,EUR,21,
00449561,31600-PWB1-900,31600-PWB1-900 REG REC COMP,Pe comanda,Marfuri gestiune 1 firma,0,BUC,0,0,,EUR,21,Regulator incarcare
00451363,31600-YZA6-EZ5,31600-YZA6-EZ5 RECTIFIER,Pe comanda,Marfuri gestiune 1 firma,0,BUC,13.15,15.91,,EUR,21,Releu de incarcare
00447132,31601-LDB5-E00,31601-LDB5-E00 SOCKET COMP DC 12V,Pe comanda,Marfuri gestiune 1 firma,0,BUC,0,0,,EUR,21,
00447948,31650-KEBE-90B,31650-KEBE-90B CHARGE COMP CONTROL,Pe comanda,Marfuri gestiune 1 firma,0,BUC,0,0,,EUR,21,
00449009,31700-KEC8-E00,31700-KEC8-E00 RECTIFER COMP DIODE,Pe comanda,Marfuri gestiune 1 firma,0,BUC,0,0,,EUR,21,
00447806,31900-LBA7-E00,31900-LBA7-E00 LUFTEMOTOR,Pe comanda,Marfuri gestiune 1 firma,0,BUC,0,0,,EUR,21,
00449703,3195A-KXCX-E00,3195A-KXCX-E00 HAZARD CONTROL ASSY,Pe comanda,Marfuri gestiune 1 firma,0,BUC,0,0,,EUR,21,Releu avarie
00446691,3195A-LBA2-E00,3195A-LBA2-E00 HAZARD CONTROL ASSY,Pe comanda,Marfuri gestiune 1 firma,1,BUC,0,0,,EUR,21,Releu avarie
00446451,3195A-LBA7-E00,3195A-LBA7-E00 HAZARD CNTR ASSY,Marfuri,Marfuri gestiune 1 firma,1,BUC,268.595,325,,EUR,21,Releu avarie
00451498,3195A-LEA7-E05,3195A-LEA7-E05 HAZARD CONTROL ASSY,Pe comanda,Marfuri gestiune 1 firma,1,BUC,194.2149,235,,EUR,21,Releu avarii
00448298,32100-LCA4-E00,32100-LCA4-E00 HARNESS WIRE,Pe comanda,Marfuri gestiune 1 firma,0,BUC,0,0,,EUR,21,
00446581,32100-LCA5-E00,32100-LCA5-E00 HARNESS WIRE,Pe comanda,Marfuri gestiune 1 firma,0,BUC,0,0,,EUR,21,
00448863,32100-LCA5-E00,32100-LCA5-E00 MV1622 CABLE HARNESS,Pe comanda,Marfuri gestiune 1 firma,0,BUC,0,0,,EUR,21,
00447126,32100-LCB9-C10,32100-LCB9-C10 HARNESS WIRE,Pe comanda,Marfuri gestiune 1 firma,1,BUC,0,0,,EUR,21,
00448972,32100-LCD9-E00,32100-LCD9-E00 HARNESS WIRE,Pe comanda,Marfuri gestiune 1 firma,0,BUC,0,0,,EUR,21,
00450124,32100-LDB1-700,32100-LDB1-700 HARNESS WIRE,Pe comanda,Marfuri gestiune 1 firma,0,BUC,92.42,109.98,,EUR,21,Instalatie electrica
00448231,32100-LEA7-E06,32100-LEA7-E06 HARNESS WIRE,Pe comanda,Marfuri gestiune 1 firma,0,BUC,0,0,,EUR,21,
00448494,32100-LEJ2-E10,32100-LEJ2-E10 HARNESS WIRE,Pe comanda,Marfuri gestiune 1 firma,0,BUC,0,0,,EUR,21,
00449523,32100-LFC2-E10,32100-LFC2-E10 HARNESS WIRE,Pe comanda,Marfuri gestiune 1 firma,0,BUC,0,0,,EUR,21,
00449384,32100-LFC3-E10,32100-LFC3-E10 HARNESS WIRE,Pe comanda,Marfuri gestiune 1 firma,0,BUC,0,0,,EUR,21,
00448545,32100-LFE9-E00,32100-LFE9-E00 HARNES WIRE,Pe comanda,Marfuri gestiune 1 firma,0,BUC,0,0,,EUR,21,
00449038,32100-LHM2-E00,32100-LHM2-E00 HARNESS WIRE,Pe comanda,Marfuri gestiune 1 firma,0,BUC,0,0,,EUR,21,
00449924,32100-LLB1-E02,32100-LLB1-E02 WIRE HARNESS,Pe comanda,Marfuri gestiune 1 firma,0,BUC,0,0,,EUR,21,
00447737,32101-GFY6-901,32101-GFY6-901 SUB CORD R/H,Pe comanda,Marfuri gestiune 1 firma,0,BUC,0,0,,EUR,21,
00449361,32101-LLB1-800,32101-LLB1-800 SUB CORD,Pe comanda,Marfuri gestiune 1 firma,0,BUC,0,0,,EUR,21,
00448441,32411-LCA5-E00,32411-LCA5-E00 CABLE BAT,Pe comanda,Marfuri gestiune 1 firma,0,BUC,0,0,,EUR,21,
00448606,32411-LDB5-E00,32411-LDB5-E00 CABLE BATTERY,Pe comanda,Marfuri gestiune 1 firma,0,BUC,0,0,,EUR,21,
00446266,32411-LEA7-E00,32411-LEA7-E00 CABLE BATTERY,Pe comanda,Marfuri gestiune 1 firma,1,BUC,0,0,,EUR,21,
00449794,32412-LBA7-900,32412-LBA7-900 CABLE EARTH,Pe comanda,Marfuri gestiune 1 firma,0,BUC,0,0,,EUR,21,
00448112,32412-LLB1-900,32412-LLB1-900 CABLE EARTH,Pe comanda,Marfuri gestiune 1 firma,1,BUC,0,0,,EUR,21,
00451591,33100-AKB8-305,33100-AKB8-305 LIGHT ASSY HEAD,Pe comanda,Marfuri gestiune 1 firma,0,BUC,1651.2397,1998,,EUR,21,Far
00447876,33100-ALG1-E10,33100-ALG1-E10 LIGHT ASSY HEAD,Pe comanda,Marfuri gestiune 1 firma,0,BUC,0,0,,EUR,21,Far
00451277,33100-ALH5-E90,33100-ALH5-E90 LIGHT ASSY HEAD,Pe comanda,Marfuri gestiune 1 firma,0,BUC,67.49,80.31,,EUR,21,Far
00448690,33100-ALJ8-EZ5,33100-ALJ8-EZ5 LIGHT ASSY HEAD,Pe comanda,Marfuri gestiune 1 firma,0,BUC,591.7355,716,,EUR,21,Far
00451613,33100-BBD9-EA5,33100-BBD9-EA5 LIGHT ASSY HEAD AGILITY S 125 E5+,Pe comanda,Marfuri gestiune 1 firma,0,BUC,1629.7521,1972,,EUR,21,Lampa far
00445435,33100-KED9-900,33100-KED9-900 HEAD LIGHT ASSY,Pe comanda,Marfuri gestiune 1 firma,1,BUC,0,0,,EUR,21,Far
00446345,33100-LBA2-E00,33100-LBA2-E00 LIGHT ASSY HEAD,Pe comanda,Marfuri gestiune 1 firma,2,BUC,0,0,,EUR,21,Far
00446598,33100-LCA5-E00,33100-LCA5-E00 LIGHT ASSY R HEAD,Pe comanda,Marfuri gestiune 1 firma,2,BUC,0,0,,EUR,21,Far dreapta
00449044,33100-LDB5-E00,33100-LDB5-E00 LIGHT ASSY R HEAD,Pe comanda,Marfuri gestiune 1 firma,0,BUC,0,0,,EUR,21,Far dreapta
00445755,33100-LDC8-E10,33100-LDC8-E10 LIGHT ASSY G HEAD,Pe comanda,Marfuri gestiune 1 firma,0,BUC,0,0,,EUR,21,Far
00451645,33100-LDF3-E00,33100-LDF3-E00 LIGHT ASSY HEAD,Pe comanda,Marfuri gestiune 1 firma,0,BUC,577.686,699,,EUR,21,Far
00445153,33100-LEC8-E00,33100-LEC8-E00 LIGHT ASSY HEAD,Pe comanda,Marfuri gestiune 1 firma,2,BUC,0,0,,EUR,21,Far
00449247,33100-LFA5-E00,33100-LFA5-E00 LIGHT ASSY R HEAD,Pe comanda,Marfuri gestiune 1 firma,0,BUC,0,0,,EUR,21,Far dreapta
00447082,33100-LFC2-E10,33100-LFC2-E10 LIGHT ASSY HEAD,Pe comanda,Marfuri gestiune 1 firma,0,BUC,0,0,,EUR,21,Far
00447983,33100-LFC8-B90,33100-LFC8-B90 LIGHT ASSY HEAD,Pe comanda,Marfuri gestiune 1 firma,0,BUC,0,0,,EUR,21,Far
00451633,33100-LGC6-E01-T01,33100-LGC6-E01-T01 LIGHT ASSY HEAD,Pe comanda,Marfuri gestiune 1 firma,0,BUC,1611.5702,1950,,EUR,21,Far
00446316,33100-LGR5-E10,33100-LGR5-E10 LIGHT ASSY HEAD,Pe comanda,Marfuri gestiune 1 firma,1,BUC,0,0,,EUR,21,Far
00451084,33100-YZA6-E00,33100-YZA6-E00 HEADLAMP,Pe comanda,Marfuri gestiune 1 firma,0,BUC,135,160.65,,EUR,21,Far
00448552,33101-KGB5-E00,33101-KGB5-E00 LIGHT COMP FR COMB,Pe comanda,Marfuri gestiune 1 firma,0,BUC,0,0,,EUR,21,
00447056,33101-LHG7-E00,33101-LHG7-E00 COMP HEAD LIGHT,Pe comanda,Marfuri gestiune 1 firma,0,BUC,0,0,,EUR,21,
00445217,33104-KED9-900,33104-KED9-900 RIM HEAD LIGHT COMP,Pe comanda,Marfuri gestiune 1 firma,1,BUC,0,0,,EUR,21,
00450281,33105-KFA6-900,33105-KFA6-900 PLATE ADJUST (LH),Pe comanda,Marfuri gestiune 1 firma,0,BUC,1.36,1.62,,EUR,21,Platou fixare stanga
00451583,33109-AKB8-E00-JEP,33109-AKB8-E00-JEP OUTER RS HEAD LIGHT,Pe comanda,Marfuri gestiune 1 firma,0,BUC,205.7851,249,,EUR,21,Ornament
00449023,3310A-ALC8-E60,3310A-ALC8-E60 SET HEAD LIGHT,Pe comanda,Marfuri gestiune 1 firma,0,BUC,0,0,,EUR,21,
00445959,33110-LCA5-E00,33110-LCA5-E00 UNIT HEAD LIGHT R,Pe comanda,Marfuri gestiune 1 firma,3,BUC,0,0,,EUR,21,Lampa far dreapta
00445436,33110-LDB5-E00,33110-LDB5-E00 UNIT HEAD LIGHT R,Pe comanda,Marfuri gestiune 1 firma,0,BUC,0,0,,EUR,21,
00450893,33110-LGN5-E00,33110-LGN5-E00 UNIT HEAD LIGHT R,Pe comanda,Marfuri gestiune 1 firma,0,BUC,123.52,146.99,,EUR,21,Far dreapta
00447110,33110-LGR2-E00,33110-LGR2-E00 UNIT HEAD,Pe comanda,Marfuri gestiune 1 firma,0,BUC,0,0,,EUR,21,
00450282,33120-KFA6-900,33120-KFA6-900 UNIT HEAD LIGHT,Pe comanda,Marfuri gestiune 1 firma,0,BUC,20.62,24.54,,EUR,21,Lampa far
00445890,33120-KKDK-E00,33120-KKDK-E00 LIGHT ASSY HEAD,Pe comanda,Marfuri gestiune 1 firma,1,BUC,0,0,,EUR,21,
00446123,33120-LBA2-E00,33120-LBA2-E00 UNIT HEAD LIGHT,Pe comanda,Marfuri gestiune 1 firma,1,BUC,0,0,,EUR,21,
00445534,33120-LCA5-E00,33120-LCA5-E00 UNIT HEAD LIGHT L,Pe comanda,Marfuri gestiune 1 firma,1,BUC,0,0,,EUR,21,Lampa far stanga
00449230,33120-LDB5-E00,33120-LDB5-E00 UNIT HEAD LIGHT L,Pe comanda,Marfuri gestiune 1 firma,1,BUC,0,0,,EUR,21,
00450602,33120-LDF3-E00,33120-LDF3-E00 UNIT HEAD LIGHT,Pe comanda,Marfuri gestiune 1 firma,0,BUC,38.53,45.85,,EUR,21,Far fata
00448134,33120-LFA5-E00,33120-LFA5-E00 UNIT HEAD LIGHT L,Pe comanda,Marfuri gestiune 1 firma,0,BUC,0,0,,EUR,21,
00445891,33130-KKDK-E00,33130-KKDK-E00 SOCKET COMP,Pe comanda,Marfuri gestiune 1 firma,1,BUC,0,0,,EUR,21,
00446296,33130-LBA2-E00,33130-LBA2-E00 SOCKET COMP,Pe comanda,Marfuri gestiune 1 firma,1,BUC,0,0,,EUR,21,
00447854,33130-LCA5-E00,33130-LCA5-E00 SOCKET COMP,Pe comanda,Marfuri gestiune 1 firma,0,BUC,0,0,,EUR,21,
00448909,33130-LFA5-E00,33130-LFA5-E00 SOCKET COMP,Pe comanda,Marfuri gestiune 1 firma,0,BUC,0,0,,EUR,21,
00448900,33150-LCA5-E00,33150-LCA5-E00 LIGHT ASSY L HEAD,Pe comanda,Marfuri gestiune 1 firma,0,BUC,0,0,,EUR,21,
00449010,33150-LDB5-E00,33150-LDB5-E00 LIGHT ASSY L HEAD,Pe comanda,Marfuri gestiune 1 firma,0,BUC,0,0,,EUR,21,
00450720,33150-LGN5-E00,33150-LGN5-E00 LIGHT ASSY L HEAD,Pe comanda,Marfuri gestiune 1 firma,0,BUC,174.76,207.96,,EUR,21,Far fata stanga
00450283,33155-KFA6-900,33155-KFA6-900 PLATE ADJUST (RH),Pe comanda,Marfuri gestiune 1 firma,0,BUC,1.36,1.62,,EUR,21,Platou fixare dreapta
00449102,33400-ALC8-E60,33400-ALC8-E60 WINNKER ASSY R FR,Pe comanda,Marfuri gestiune 1 firma,0,BUC,0,0,,EUR,21,Semnal dreapta
00451556,33400-ALJ8-E10,33400-ALJ8-E10 FRONT RIGHT WINKER,Pe comanda,Marfuri gestiune 1 firma,0,BUC,238.843,289,,EUR,21,Semnal dreapta fata
00448612,33400-KACA-E10-HBR,33400-KACA-E10-HBR WINKER ASSY FR,Pe comanda,Marfuri gestiune 1 firma,0,BUC,0,0,,EUR,21,
00447898,33400-KED9-900,33400-KED9-900 WINNKER ASSY R FR,Pe comanda,Marfuri gestiune 1 firma,0,BUC,0,0,,EUR,21,
00446910,33400-KHD8-E00,33400-KHD8-E00 WINKER ASSY L FR,Pe comanda,Marfuri gestiune 1 firma,1,BUC,0,0,,EUR,21,
00445535,33400-LCA5-E00,33400-LCA5-E00 WINKER ASSY R FR,Pe comanda,Marfuri gestiune 1 firma,4,BUC,0,0,,EUR,21,
00450882,33400-LCD3-E00,33400-LCD3-E00 WINKER ASSY R FR,Pe comanda,Marfuri gestiune 1 firma,0,BUC,10.62,12.64,,EUR,21,Semnal dreapta fata
00445412,33400-LDC8-E10,33400-LDC8-E10 WINNKER ASSY R FR,Pe comanda,Marfuri gestiune 1 firma,0,BUC,0,0,,EUR,21,
00449452,33400-LDF3-E00,33400-LDF3-E00 WINKER ASSY R FR,Pe comanda,Marfuri gestiune 1 firma,0,BUC,0,0,,EUR,21,
00446642,33400-LEA5-E00,33400-LEA5-E00 WINKER ASSY R FR,Pe comanda,Marfuri gestiune 1 firma,0,BUC,0,0,,EUR,21,
00449524,33400-LEC5-B20,33400-LEC5-B20 WINKER ASSY R FR,Pe comanda,Marfuri gestiune 1 firma,2,BUC,0,0,,EUR,21,
00445154,33400-LEC8-E00,33400-LEC8-E00 WINNKER ASSY R FR,Pe comanda,Marfuri gestiune 1 firma,1,BUC,0,0,,EUR,21,Semnal dr fata
00449315,33400-LEE8-E01,33400-LEE8-E01 WINNKER ASSY R FR,Pe comanda,Marfuri gestiune 1 firma,0,BUC,0,0,,EUR,21,
00450907,33400-LEJ2-E10,33400-LEJ2-E10 WINKER ASSY R FR,Pe comanda,Marfuri gestiune 1 firma,1,BUC,65.2893,79,,EUR,21,Semnalizator dreapta fata
00450806,33400-LFC2-E10,33400-LFC2-E10 WINKER ASSY RH FR,Pe comanda,Marfuri gestiune 1 firma,0,BUC,14.94,17.78,,EUR,21,Semnal dreapta fata
00451352,33400-LFC2-E10,33400-LFC2-E10 WINKER ASSY LH FR,Pe comanda,Marfuri gestiune 1 firma,0,BUC,18.58,22.48,,EUR,21,Semnal dreapta
00448516,33400-LFC3-E12,33400-LFC3-E12 WINKER ASSY RH FR,Pe comanda,Marfuri gestiune 1 firma,0,BUC,0,0,,EUR,21,
00448739,33400-LFC5-B20,33400-LFC5-B20 WINNKER ASSY R FR,Pe comanda,Marfuri gestiune 1 firma,1,BUC,0,0,,EUR,21,
00447984,33400-LFC8-B90,33400-LFC8-B90 WINKER ASSY R FR,Pe comanda,Marfuri gestiune 1 firma,0,BUC,0,0,,EUR,21,
00451179,33400-LGB5-E10,33400-LGB5-E10 WINKER ASSY R FR,Pe comanda,Marfuri gestiune 1 firma,0,BUC,13.2,15.71,,EUR,21,Semnal dr fata
00451590,33400-LGC6-E00,33400-LGC6-E00 WINKER ASSY R FR,Pe comanda,Marfuri gestiune 1 firma,0,BUC,452.0661,547,,EUR,21,SEMNAL DREAPTA
00451208,33400-LKH3-C00,33400-LKH3-C00 WINKER ASSY R FR,Pe comanda,Marfuri gestiune 1 firma,0,BUC,59.24,70.5,,EUR,21,Semnal fata dreapta
00448631,33400-LLB1-E00,33400-LLB1-E00 WINKER ASSY R FR,Pe comanda,Marfuri gestiune 1 firma,0,BUC,0,0,,EUR,21,
00447522,33401-ALJ8-E10,33401-ALJ8-E10 WINKER COMP R FR,Pe comanda,Marfuri gestiune 1 firma,0,BUC,0,0,,EUR,21,
00447112,33401-LCA5-E00,33401-LCA5-E00 UNIT WINKER R FR,Pe comanda,Marfuri gestiune 1 firma,1,BUC,0,0,,EUR,21,
00445536,33402-KACA-900,33402-KACA-900 LENS R FR WINKER,Pe comanda,Marfuri gestiune 1 firma,1,BUC,0,0,,EUR,21,
00449648,33402-KFA6-E10,33402-KFA6-E10 LENS R FR WINNKER,Pe comanda,Marfuri gestiune 1 firma,1,BUC,0,0,,EUR,21,
00446025,33402-KFC8-E10,33402-KFC8-E10 LENS FR WINKER R,Pe comanda,Marfuri gestiune 1 firma,0,BUC,0,0,,EUR,21,
00450493,33402-KGB5-900,33402-KGB5-900 LENS R FR WINKER,Pe comanda,Marfuri gestiune 1 firma,0,BUC,2.16,2.57,,EUR,21,Geam semnal dr fata
00446267,33402-KHD8-900,33402-KHD8-900 LENS R FR WINNKER,Pe comanda,Marfuri gestiune 1 firma,1,BUC,0,0,,EUR,21,
00446224,33402-KKAK-E00,33402-KKAK-E00 LENS R FR WINNKER,Pe comanda,Marfuri gestiune 1 firma,3,BUC,0,0,,EUR,21,
00447435,33402-KKC4-E00,33402-KKC4-E00 LENS R FR WINKER,Pe comanda,Marfuri gestiune 1 firma,1,BUC,0,0,,EUR,21,
00450942,33402-KKD6-900,33402-KKD6-900 LENS R FR WINKER,Pe comanda,Marfuri gestiune 1 firma,1,BUC,1.125,1.34,,EUR,21,Semnal dr fata
00449103,33402-LBA7-E00,33402-LBA7-E00 LENS FR WINNKER,Pe comanda,Marfuri gestiune 1 firma,0,BUC,0,0,,EUR,21,
00446615,33406-LCA5-E00,33406-LCA5-E00 SOCKET COMP R FR WINKER,Pe comanda,Marfuri gestiune 1 firma,0,BUC,41.3223,50,,EUR,21,Soclu dreapta fata
00451497,33450-ADG5-E00,33450-ADG5-E00 WINKER ASSY LH FR,Pe comanda,Marfuri gestiune 1 firma,1,BUC,425.6198,515,,EUR,21,Lampa semnalizare fata stanga
00449104,33450-ALC8-E60,33450-ALC8-E60 WINNKER ASSY L FR,Pe comanda,Marfuri gestiune 1 firma,0,BUC,0,0,,EUR,21,Semnal stanga
00448567,33450-KACA-E10-H8R,33450-KACA-E10-H8R WINKER ASSY FR L,Pe comanda,Marfuri gestiune 1 firma,0,BUC,0,0,,EUR,21,
00448425,33450-KEC8-900,33450-KEC8-900 WINKER ASSY L FR,Pe comanda,Marfuri gestiune 1 firma,0,BUC,0,0,,EUR,21,
00446824,33450-KED9-900,33450-KED9-900 WINKER ASSY L FR,Pe comanda,Marfuri gestiune 1 firma,0,BUC,0,0,,EUR,21,Semnal stanga
00451468,33450-KGB5-E00,33450-KGB5-E00 WINKER ASSY LEFT FRONT,Pe comanda,Marfuri gestiune 1 firma,2,BUC,79,79,,EUR,21,Semnalizare fata stanga Super 9
00446911,33450-KHD8-E00,33450-KHD8-E00 WINKER ASSY L FR,Pe comanda,Marfuri gestiune 1 firma,1,BUC,0,0,,EUR,21,
00448176,33450-KKD6-E00,33450-KKD6-E00 WINNKER ASSY FR,Pe comanda,Marfuri gestiune 1 firma,1,BUC,0,0,,EUR,21,
00447552,33450-LBA2-E01,33450-LBA2-E01 WINKER ASSY L FR,Pe comanda,Marfuri gestiune 1 firma,1,BUC,0,0,,EUR,21,
00445537,33450-LCA5-E00,33450-LCA5-E00 WINKER ASSY L FR,Pe comanda,Marfuri gestiune 1 firma,1,BUC,0,0,,EUR,21,
00445413,33450-LDC8-E10,33450-LDC8-E10 WINNKER ASSY L FR,Pe comanda,Marfuri gestiune 1 firma,2,BUC,0,0,,EUR,21,
00447405,33450-LDF3-E00,33450-LDF3-E00 WINKER ASSY L FR,Pe comanda,Marfuri gestiune 1 firma,0,BUC,0,0,,EUR,21,
00445807,33450-LEA5-E00,33450-LEA5-E00 WINKER ASSY L FR,Pe comanda,Marfuri gestiune 1 firma,1,BUC,0,0,,EUR,21,
00448219,33450-LEC5-B20,33450-LEC5-B20 EINNKER ASSY L FR,Pe comanda,Marfuri gestiune 1 firma,2,BUC,0,0,,EUR,21,
00449895,33450-LEC5-B20,33450-LEC5-B20 WNKER ASSY L FR,Pe comanda,Marfuri gestiune 1 firma,1,BUC,10.94,13.02,,EUR,21,Semnal stanga fata
00445155,33450-LEC8-E00,33450-LEC8-E00 WINKER ASSY L FR WINKER ASSY L FR,Pe comanda,Marfuri gestiune 1 firma,1,BUC,0,0,,EUR,21,
00451457,33450-LEJ2-E10,33450-LEJ2-E10 WINKER ASSY LH FR,Pe comanda,Marfuri gestiune 1 firma,0,BUC,65.2893,79,,EUR,21,Semnalizator stanga fata
00451351,33450-LFC2-E10,33450-LFC2-E10 WINKER ASSY LH FR,Pe comanda,Marfuri gestiune 1 firma,0,BUC,17.23,20.85,,EUR,21,Semnal stanga
00451589,33450-LGC6-E00,33450-LGC6-E00 WINKER ASSY L FR,Pe comanda,Marfuri gestiune 1 firma,0,BUC,376.8595,456,,EUR,21,SEMNAL STANGA
00449316,33450-LKH3-C00,33450-LKH3-C00 WINKER ASSY L,Pe comanda,Marfuri gestiune 1 firma,1,BUC,0,0,,EUR,21,Semnal fata stanga
00447520,33451-ALJ8-E10,33451-ALJ8-E10 WINKER COMP L FR,Pe comanda,Marfuri gestiune 1 firma,0,BUC,0,0,,EUR,21,
00447327,33451-LCA5-E00,33451-LCA5-E00 UNIT WINNKER L FR,Pe comanda,Marfuri gestiune 1 firma,1,BUC,0,0,,EUR,21,
00450494,33452-KGB5-900,33452-KGB5-900 LENS L FR WINKER,Pe comanda,Marfuri gestiune 1 firma,0,BUC,2.16,2.57,,EUR,21,Geam semnal st fata
00446346,33452-KHD8-900,33452-KHD8-900 LENS FR WINKER,Pe comanda,Marfuri gestiune 1 firma,0,BUC,0,0,,EUR,21,
00449105,33452-KKAK-E00,33452-KKAK-E00 LENS L FR WINNKER,Pe comanda,Marfuri gestiune 1 firma,0,BUC,0,0,,EUR,21,
00450443,33452-LFC3-E12,33452-LFC3-E12 LENS L FR WINKER,Pe comanda,Marfuri gestiune 1 firma,0,BUC,5.2,5.2,,EUR,21,
00451180,33452-LGB5-E10,33452-LGB5-E10 LENS FR WINKER,Pe comanda,Marfuri gestiune 1 firma,0,BUC,3.61,4.3,,EUR,21,Geam semnal st fata
00446616,33456-LCA5-E00,33456-LCA5-E00 SOCKET COMP L FR WINKER,Pe comanda,Marfuri gestiune 1 firma,0,BUC,41.3223,50,,EUR,21,Soclu stanga fata
00449362,33500-LGN5-E00,33500-LGN5-E00 LIGHT ASSY FR POSITION,Pe comanda,Marfuri gestiune 1 firma,0,BUC,0,0,,EUR,21,
00446825,33600-LCA4-E00,33600-LCA4-E00 WINKER ASSY R RR,Pe comanda,Marfuri gestiune 1 firma,0,BUC,0,0,,EUR,21,
00445960,33600-LDC8-E10,33600-LDC8-E10 WINKER ASSY R RR,Pe comanda,Marfuri gestiune 1 firma,0,BUC,0,0,,EUR,21,
00449453,33600-LDF3-E00,33600-LDF3-E00 WUNKER ASSY R FR,Pe comanda,Marfuri gestiune 1 firma,0,BUC,0,0,,EUR,21,
00449463,33600-LEC8-E00,33600-LEC8-E00 WINKER ASSY R RR,Pe comanda,Marfuri gestiune 1 firma,1,BUC,0,0,,EUR,21,
00447985,33600-LFC8-B90,33600-LFC8-B90 WINKER ASSY R FR,Pe comanda,Marfuri gestiune 1 firma,0,BUC,0,0,,EUR,21,
00448103,33601-LCA4-E00,33601-LCA4-E00 UNIT WINNKER R RR,Pe comanda,Marfuri gestiune 1 firma,0,BUC,0,0,,EUR,21,
00449649,33602-KFA6-E00,33602-KFA6-E00 LENS R RR WINKER,Pe comanda,Marfuri gestiune 1 firma,1,BUC,0,0,,EUR,21,Geam semnal spate dreapta
00447792,33602-KGC4-E00,33602-KGC4-E00 LENS R RR WINKER,Pe comanda,Marfuri gestiune 1 firma,0,BUC,0,0,,EUR,21,Geam semnal spate dreapta
00449650,33602-KKC4-E00,33602-KKC4-E00 LENS RRR WINKER,Pe comanda,Marfuri gestiune 1 firma,0,BUC,0,0,,EUR,21,Geam semnal spate dreapta
00449696,33602-KKD6-E00,33602-KKD6-E00 LENS R RR WINKER,Pe comanda,Marfuri gestiune 1 firma,1,BUC,0,0,,EUR,21,Geam semnal spate dreapta
00447793,33602-KPCP-900,33602-KPCP-900 LENS R WINNKER LIGHT,Pe comanda,Marfuri gestiune 1 firma,0,BUC,0,0,,EUR,21,Geam semnal spate dreapta
00447557,33606-LCA4-E00,33606-LCA4-E00 SOCKET COMP R RR WINKER,Pe comanda,Marfuri gestiune 1 firma,1,BUC,0,0,,EUR,21,
00447877,33650-KED9-900,33650-KED9-900 WINKER ASSY L FR,Pe comanda,Marfuri gestiune 1 firma,0,BUC,0,0,,EUR,21,
00446712,33650-LCA4-E00,33650-LCA4-E00 WINNKER ASSY L RR,Pe comanda,Marfuri gestiune 1 firma,0,BUC,0,0,,EUR,21,
00445414,33650-LDC8-E10,33650-LDC8-E10 WINKKER ASSY L RR,Pe comanda,Marfuri gestiune 1 firma,0,BUC,0,0,,EUR,21,Semnal stanga spate
00446826,33650-LEC8-E00,33650-LEC8-E00 WINKER ASSY L RR,Pe comanda,Marfuri gestiune 1 firma,2,BUC,0,0,,EUR,21,
00447986,33650-LFC8-B90,33650-LFC8-B90 WINKER ASSY L FR,Pe comanda,Marfuri gestiune 1 firma,0,BUC,0,0,,EUR,21,
00450865,33650-LGN5-E00,33650-LGN5-E00 WINKER ASSY L RR,Pe comanda,Marfuri gestiune 1 firma,0,BUC,8.37,9.96,,EUR,21,Semnal stanga spate
00448083,33651-LCA4-E00,33651-LCA4-E00 UNIT WINKER L RR,Pe comanda,Marfuri gestiune 1 firma,4,BUC,0,0,,EUR,21,
00446500,33652-KFA6-E00,33652-KFA6-E00 LENS L RR WINKER,Pe comanda,Marfuri gestiune 1 firma,1,BUC,0,0,,EUR,21,
00447794,33652-KGC4-E00,33652-KGC4-E00 LENS L RR WINKER,Pe comanda,Marfuri gestiune 1 firma,0,BUC,0,0,,EUR,21,
00449866,33652-KKA7-E00,33652-KKA7-E00 LENS L RR WINKER,Pe comanda,Marfuri gestiune 1 firma,0,BUC,0.73,0.87,,EUR,21,
00449651,33652-KKC4-E00,33652-KKC4-E00 LENS L RR WINKER,Pe comanda,Marfuri gestiune 1 firma,0,BUC,0,0,,EUR,21,
00449697,33652-KKD6-E00,33652-KKD6-E00 LENS L RR WINKER,Pe comanda,Marfuri gestiune 1 firma,1,BUC,0,0,,EUR,21,
00447795,33652-KPCP-900,33652-KPCP-900 LENS L WINNKER LIGHT,Pe comanda,Marfuri gestiune 1 firma,0,BUC,0,0,,EUR,21,
00447559,33656-LCA4-E00,33656-LCA4-E00 SOCKET COMP L RR WINKER,Pe comanda,Marfuri gestiune 1 firma,1,BUC,0,0,,EUR,21,
00451616,33700-ALC1-E00,33700-ALC1-E00 LIGHT ASSY R RR COMB,Pe comanda,Marfuri gestiune 1 firma,0,BUC,570.2479,690,,EUR,21,Stop spate
00446001,33700-KEC8-900,33700-KEC8-900 LIGHT ASSY TAIL,Pe comanda,Marfuri gestiune 1 firma,1,BUC,0,0,,EUR,21,Stop spate cu bec si mufe
00450197,33700-KHE7-E00,33700-KHE7-E00 LIGHT ASSY RR COMP,Pe comanda,Marfuri gestiune 1 firma,1,BUC,42.94,51.1,,EUR,21,Lampa spate
00448632,33700-LBA7-E00,33700-LBA7-E00 LIGHT ASSY HEAD,Pe comanda,Marfuri gestiune 1 firma,0,BUC,0,0,,EUR,21,Stop spate cu bec si mufe
00446508,33700-LCA5-E00,33700-LCA5-E00 LIGHT ASSY R RR COMB,Pe comanda,Marfuri gestiune 1 firma,0,BUC,0,0,,EUR,21,Lampa spate dreapta completa
00450977,33700-LCD1-E00,33700-LCD1-E00 LIGHT ASSY TAIL,Pe comanda,Marfuri gestiune 1 firma,0,BUC,16.91,20.12,,EUR,21,Lampa spate
00450964,33700-LEF1-C10-MA9749,33700-LEF1-C10-MA9749 LIGHT ASSY RR,Pe comanda,Marfuri gestiune 1 firma,0,BUC,66.17,78.74,,EUR,21,Lampa spate
00448007,33700-LEJ2-E10,33700-LEJ2-E10 LIGHT ASSY RR COMB,Pe comanda,Marfuri gestiune 1 firma,0,BUC,0,0,,EUR,21,Stop spate cu bec si mufe
00451195,33700-LFC2-E10,33700-LFC2-E10 LIGHT ASSY RR COMP,Pe comanda,Marfuri gestiune 1 firma,0,BUC,30,35.7,,EUR,21,Lampa fata
00449501,33700-LLB1-E00,33700-LLB1-E00 MOTOR UNIT STARTER,Pe comanda,Marfuri gestiune 1 firma,0,BUC,0,0,,EUR,21,
00445732,33701-KED9-900,33701-KED9-900 LIGHT ASSY COMP,Pe comanda,Marfuri gestiune 1 firma,2,BUC,0,0,,EUR,21,
00445538,33701-KKAK-E10,33701-KKAK-E10 UNIT TAIL LIGHT,Pe comanda,Marfuri gestiune 1 firma,1,BUC,0,0,,EUR,21,
00448968,33701-LBA7-E00,33701-LBA7-E00 UNIT TAIL LIGHT,Pe comanda,Marfuri gestiune 1 firma,0,BUC,0,0,,EUR,21,
00448308,33701-LBD5-E01,33701-LBD5-E01 LENS COMP TAIL,Pe comanda,Marfuri gestiune 1 firma,0,BUC,0,0,,EUR,21,
00445437,33701-LCA4-E00,33701-LCA4-E00 UNIT TAIL LIGH R,Pe comanda,Marfuri gestiune 1 firma,0,BUC,0,0,,EUR,21,
00446592,33701-LCA5-E00,33701-LCA5-E00 UNIT TAIL LIGHT R,Pe comanda,Marfuri gestiune 1 firma,0,BUC,0,0,,EUR,21,Lampa stop spate dreapta
00446178,33701-LDC8-E10,33701-LDC8-E10 UNIT TAIL LIGHT,Pe comanda,Marfuri gestiune 1 firma,1,BUC,0,0,,EUR,21,
00449618,33701-LEC8-E00,33701-LEC8-E00 UNIT TAIL ASSY,Pe comanda,Marfuri gestiune 1 firma,0,BUC,0,0,,EUR,21,
00447672,33701-LGR5-E10,33701-LGR5-E10 RUCKLICHT,Pe comanda,Marfuri gestiune 1 firma,0,BUC,0,0,,EUR,21,
00451232,33702-KED9-900,33702-KED9-900 LENS COMP TAIL LIGHT,Pe comanda,Marfuri gestiune 1 firma,0,BUC,8.45,10.06,,EUR,21,Geam
00450495,33702-KGB5-900,33702-KGB5-900 LENS TAIL LIGHT,Pe comanda,Marfuri gestiune 1 firma,0,BUC,4.61,5.49,,EUR,21,Geam stop spate
00445539,33702-KKAK-E00,33702-KKAK-E00 LENS COMP TAIL LIGHT,Pe comanda,Marfuri gestiune 1 firma,2,BUC,0,0,,EUR,21,
00446452,33702-KKC4-E00,33702-KKC4-E00 LENS TAIL LIGHT,Pe comanda,Marfuri gestiune 1 firma,1,BUC,0,0,,EUR,21,
00448448,33702-LBA2-E00,33702-LBA2-E00 LENS TAIL LIGHT,Pe comanda,Marfuri gestiune 1 firma,0,BUC,0,0,,EUR,21,
00445808,33702-LDC8-E10,33702-LDC8-E10 LENS TAIL LIGHT,Pe comanda,Marfuri gestiune 1 firma,2,BUC,0,0,,EUR,21,
00449622,33702-LDC8-E10-MB1094,33702-LDC8-E10-MB1094 GEAM STOP SPATE,Pe comanda,Marfuri gestiune 1 firma,0,BUC,0,0,,EUR,21,
00449138,33702-LEC8-E00,33702-LEC8-E00 LENS COMPTAIL LIGHT,Pe comanda,Marfuri gestiune 1 firma,1,BUC,0,0,,EUR,21,
00447480,33702-LEF1-C10,33702-LEF1-C10 PIPE(MA9818),Pe comanda,Marfuri gestiune 1 firma,0,BUC,0,0,,EUR,21,
00447738,33702-LFC2-E10,33702-LFC2-E10 LENS TAIL LIGHT,Pe comanda,Marfuri gestiune 1 firma,1,BUC,0,0,,EUR,21,
00447637,3370C-LGR5-E10,3370C-LGR5-E10 COMP TAIL LIGHT,Pe comanda,Marfuri gestiune 1 firma,0,BUC,0,0,,EUR,21,
00446585,33710-LCA5-E00,33710-LCA5-E00 SOCKET COMP R RR COMB,Pe comanda,Marfuri gestiune 1 firma,0,BUC,0,0,,EUR,21,Mufa lampa spate
00445961,33715-LCA5-E00,33715-LCA5-E00 SOCKET COMP L RR COMB,Pe comanda,Marfuri gestiune 1 firma,0,BUC,0,0,,EUR,21,
00451599,33718-YZA6-EZ5,33718-YZA6-EZ5 BULB W5W,Pe comanda,Marfuri gestiune 1 firma,0,BUC,12.3967,15,,EUR,21,Bec
00447987,33720-KHB4-E00,33720-KHB4-E00 LIGHT ASSY LICENSE,Pe comanda,Marfuri gestiune 1 firma,0,BUC,0,0,,EUR,21,
00445438,33720-LCA5-E00,33720-LCA5-E00 LIGHT ASSY LICENSE,Pe comanda,Marfuri gestiune 1 firma,1,BUC,0,0,,EUR,21,
00447855,33720-LEJ2-E10,33720-LEJ2-E10 LIGHT ASSY LICENSE,Pe comanda,Marfuri gestiune 1 firma,1,BUC,0,0,,EUR,21,
00449525,33720-LLJ3-E00,33720-LLJ3-E00 LIGHT ASSY LICENCE,Pe comanda,Marfuri gestiune 1 firma,0,BUC,0,0,,EUR,21,
00451569,33720-YZA6-E00,33720-YZA6-E00 REAR LICENSE PLATE LAMP,Pe comanda,Marfuri gestiune 1 firma,0,BUC,32.2314,39,,EUR,21,Lampa nr
00448443,33723-LLJ3-E00,33723-LLJ3-E00 BASE LICENSE,Pe comanda,Marfuri gestiune 1 firma,0,BUC,0,0,,EUR,21,
00451145,33731-KGB5-EZ0,33731-KGB5-EZ0 REFLEX REFLECTOR SIDE,Pe comanda,Marfuri gestiune 1 firma,0,BUC,1.41,1.68,,EUR,21,Reflector lateral
00450462,33731-LHJ8-900,33731-LHJ8-900 REFLEX REFLECTOR SIDE,Pe comanda,Marfuri gestiune 1 firma,0,BUC,3.62,4.31,,EUR,21,Element reflectorizant
00451471,33731-PUA6-MX0,33731-PUA6-MX0 REFLEX REFLECTOR,Pe comanda,Marfuri gestiune 1 firma,1,BUC,33.0579,40,,EUR,21,Reflector
00450463,33739-LGC6-E00,33739-LGC6-E00 STAY LH REFLEX REFLECTOR,Pe comanda,Marfuri gestiune 1 firma,0,BUC,1.26,1.5,,EUR,21,Suport element reflectorizant
00446317,33740-LCA5-E00,33740-LCA5-E00 REFLECTOR ASSY R RR,Pe comanda,Marfuri gestiune 1 firma,1,BUC,0,0,,EUR,21,
00447988,33741-KEBE-900,33741-KEBE-900 REFLEX REFLECTOR,Pe comanda,Marfuri gestiune 1 firma,0,BUC,0,0,,EUR,21,Reflector
00449526,33741-KEBE-C00,33741-KEBE-C00 REFLEX REFLECTOR,Pe comanda,Marfuri gestiune 1 firma,0,BUC,0,0,,EUR,21,
00448824,33741-KEC8-900,33741-KEC8-900 REFLEX REFLECTOR,Pe comanda,Marfuri gestiune 1 firma,0,BUC,0,0,,EUR,21,
00449889,33741-KHC5-M00,33741-KHC5-M00 REFLEX REFLECTOR,Pe comanda,Marfuri gestiune 1 firma,0,BUC,2.31,2.75,,EUR,21,REFLECTOR
00447298,33745-LCA5-E00,33745-LCA5-E00 REFLECTOR ASSY L RR,Pe comanda,Marfuri gestiune 1 firma,1,BUC,0,0,,EUR,21,
00448751,33750-LCA5-E00,33750-LCA5-E00 LIGHT ASSY L RR COMB,Pe comanda,Marfuri gestiune 1 firma,0,BUC,0,0,,EUR,21,Lampa spate stanga completa
00447385,33751-LCA5-E00,33751-LCA5-E00 UNIT TAIL LIGHT L,Pe comanda,Marfuri gestiune 1 firma,1,BUC,0,0,,EUR,21,Lampa stop spate stanga
00450219,33900-KFBF-900,33900-KFBF-900 LIGHT ASS'Y LUGGAGE BOX,Pe comanda,Marfuri gestiune 1 firma,1,BUC,2.79,3.32,,EUR,21,Lampa portbagaj
00449004,34300-KKE3-900,34300-KKE3-900 THROTTLE POSITION SENSOR,Pe comanda,Marfuri gestiune 1 firma,0,BUC,0,0,,EUR,21,Senzor TPS
00445591,34901-KBAB-900,34901-KBAB-900 BULB HEAD,Pe comanda,Marfuri gestiune 1 firma,0,BUC,0,0,,EUR,21,
00446297,34901-KED9-900,34901-KED9-900 BULB HEAD,Pe comanda,Marfuri gestiune 1 firma,1,BUC,0,0,,EUR,21,
00445892,34901-LDC8-E10,34901-LDC8-E10 BULB HEAD LIGHT,Pe comanda,Marfuri gestiune 1 firma,3,BUC,0,0,,EUR,21,
00445439,34903-KPCP-900,34903-KPCP-900 BULB POSITION LIGHT 12V/3W,Pe comanda,Marfuri gestiune 1 firma,2,BUC,12.3967,15,,EUR,21,Bec pozitie
00445756,34905-KPCP-900,34905-KPCP-900 BULB TAIL LIGHT,Pe comanda,Marfuri gestiune 1 firma,1,BUC,0,0,,EUR,21,
00446996,34905-LBA7-E00,34905-LBA7-E00 BULB WINKER,Pe comanda,Marfuri gestiune 1 firma,0,BUC,20.6612,25,,EUR,21,Bec semnalizare
00445540,34906-KPCP-900,34906-KPCP-900 BULB TAIL LIGHT 12V,Pe comanda,Marfuri gestiune 1 firma,2,BUC,0,0,,EUR,21,
00445440,34908-LAB4-900,34908-LAB4-900 BULB WEDGE BASE T 10 12V 3.4W,Pe comanda,Marfuri gestiune 1 firma,1,BUC,0,0,,EUR,21,
00445441,34909-KEBE-900,34909-KEBE-900 BULB WEDGE BASE 14V3WT6.5,Pe comanda,Marfuri gestiune 1 firma,1,BUC,0,0,,EUR,21,
00450397,35010-ABD2-E00,35010-ABD2-E00 KEY SET,Pe comanda,Marfuri gestiune 1 firma,0,BUC,115.99,138.03,,EUR,21,Set contact cu chei
00450869,35010-ALA9-E70,35010-ALA9-E70 KEY SET,Pe comanda,Marfuri gestiune 1 firma,0,SET,32.25,38.38,,EUR,21,Set chei
00448398,35010-ALC1-E00,35010-ALC1-E00 KEY SET,Pe comanda,Marfuri gestiune 1 firma,0,BUC,0,0,,EUR,21,Set contact cu chei
00451433,35010-ALJ8-E10,35010-ALJ8-E10 KEY SET CITY 16+,Pe comanda,Marfuri gestiune 1 firma,1,SET,308.2645,373,,EUR,21,Set chei
00450517,35010-ALK6-E15,35010-ALK6-E15 KEY SET,Pe comanda,Marfuri gestiune 1 firma,0,BUC,40.53,48.23,,EUR,21,Set chei cu butuc
00451334,35010-BLB3-E13,35010-BLB3-E13 KEY SET,Pe comanda,Marfuri gestiune 1 firma,0,SET,511.5702,619,,EUR,21,Set contact cu chei
00449788,35010-KEBE-E00,35010-KEBE-E00 KEY SET,Pe comanda,Marfuri gestiune 1 firma,0,BUC,0,0,,EUR,21,
00445849,35010-KEC8-E10,35010-KEC8-E10 KEY SET,Pe comanda,Marfuri gestiune 1 firma,1,BUC,0,0,,EUR,21,
00447901,35010-KHD8-E00,35010-KHD8-E00 KEY SET,Pe comanda,Marfuri gestiune 1 firma,0,BUC,0,0,,EUR,21,
00448590,35010-KKD6-E10,35010-KKD6-E10 KEY SET,Pe comanda,Marfuri gestiune 1 firma,0,BUC,0,0,,EUR,21,
00447759,35010-KXCX-E00,35010-KXCX-E00 KEY SET,Pe comanda,Marfuri gestiune 1 firma,0,BUC,0,0,,EUR,21,
00447939,35010-LBA7-E00,35010-LBA7-E00 KEY SET,Pe comanda,Marfuri gestiune 1 firma,0,BUC,0,0,,EUR,21,Set contact cu chei
00448553,35010-LBA8-C10,35010-LBA8-C10 SW ASSY LOCK,Pe comanda,Marfuri gestiune 1 firma,0,BUC,0,0,,EUR,21,
00448084,35010-LCA4-90A,35010-LCA4-90A KEY SET,Marfuri,Marfuri gestiune 1 firma,1,BUC,130.5785,158,,EUR,21,Set contact cu chei
00445661,35010-LCA4-90B,35010-LCA4-90B KEY SET,Marfuri,Marfuri gestiune 1 firma,0,BUC,130.5785,158,,EUR,21,Set contact cu chei
00448038,35010-LCA4-E0A,35010-LCA4-E0A KEY SET,Pe comanda,Marfuri gestiune 1 firma,1,BUC,0,0,,EUR,21,Set contact cu chei
00447618,35010-LCA5-90A,35010-LCA5-90A KEY SET,Marfuri,Marfuri gestiune 1 firma,0,BUC,128.0992,155,,EUR,21,Set contact cu chei
00449817,35010-LCA5-90A-FS2,35010-LCA5-90A-FS2 KEY SET,Pe comanda,Marfuri gestiune 1 firma,3,BUC,0,0,,EUR,21,
00445893,35010-LCA5-E0A,35010-LCA5-E0A KEY SET,Pe comanda,Marfuri gestiune 1 firma,3,BUC,0,0,,EUR,21,Set contact cu chei
00445640,35010-LDC8-E10,35010-LDC8-E10 KEY SET,Pe comanda,Marfuri gestiune 1 firma,2,BUC,0,0,,EUR,21,Set contact cu chei
00445359,35010-LEC8-E00,35010-LEC8-E00 KEY SET,Pe comanda,Marfuri gestiune 1 firma,1,BUC,0,0,,EUR,21,
00450626,35010-LEC8-E00-MA8097,35010-LEC8-E00-MA8097 KEY SET,Pe comanda,Marfuri gestiune 1 firma,0,BUC,109.67,130.51,,EUR,21,Set incuietori cu chei
00449284,35010-LFA5-900,35010-LFA5-900 KEY SET,Pe comanda,Marfuri gestiune 1 firma,0,BUC,0,0,,EUR,21,Set contact cu chei
00448807,35010-LFA5-E00,35010-LFA5-E00 KEY SET,Pe comanda,Marfuri gestiune 1 firma,0,BUC,0,0,,EUR,21,
00446268,35010-LFC2-E10,35010-LFC2-E10 KEY SET,Pe comanda,Marfuri gestiune 1 firma,3,BUC,0,0,,EUR,21,Set contact cu chei
00451251,35010-LGB6-E90,35010-LGB6-E90 KEY SET,Pe comanda,Marfuri gestiune 1 firma,0,SET,31.51,37.5,,EUR,21,Set contact cu chei
00449487,35010-LGR5-B10,35010-LGR5-B10 KEY SET,Pe comanda,Marfuri gestiune 1 firma,0,BUC,0,0,,EUR,21,
00447643,35010-LGR5-E10,35010-LGR5-E10 KEY SET,Pe comanda,Marfuri gestiune 1 firma,0,BUC,0,0,,EUR,21,
00445415,35010-LLB1-920,35010-LLB1-920 KEY SET,Pe comanda,Marfuri gestiune 1 firma,3,BUC,0,0,,EUR,21,Set contact cu chei
00447675,3501A-KGE2-M00-BZ,3501A-KGE2-M00-BZ INSTRUMENT FUR GANGANZEIGE,Pe comanda,Marfuri gestiune 1 firma,0,BUC,0,0,,EUR,21,
00451108,35100-ALC1-305,35100-ALC1-305 SW ASSY COMP,Pe comanda,Marfuri gestiune 1 firma,0,SET,19,22.61,,EUR,21,Set contact cu chei
00445757,35100-LCA4-90A,35100-LCA4-90A SW ASSY COMB,Pe comanda,Marfuri gestiune 1 firma,1,BUC,0,0,,EUR,21,
00450218,35100-LCA4-90B,35100-LCA4-90B KEY SET,Pe comanda,Marfuri gestiune 1 firma,1,BUC,15.49,18.43,,EUR,21,Set chei cu butuc
00445442,35100-LCA5-305-M1,35100-LCA5-305-M1 SW ASSY COMB,Pe comanda,Marfuri gestiune 1 firma,0,BUC,0,0,,EUR,21,
00451458,35100-LCA5-326,35100-LCA5-326 SW ASSY COMB (AHO),Pe comanda,Marfuri gestiune 1 firma,1,SET,188.4298,228,,EUR,21,Set contact
00447007,35100-LEC8-305,35100-LEC8-305 SW ASSY COMP LOCK,Pe comanda,Marfuri gestiune 1 firma,0,BUC,0,0,,EUR,21,
00447924,35101-KHC4-305,35101-KHC4-305 SW COMB&LOCK,Pe comanda,Marfuri gestiune 1 firma,0,BUC,0,0,,EUR,21,
00448356,35101-KHC4-305-M2,35101-KHC4-305-M2 SW SET COMB LOCK,Pe comanda,Marfuri gestiune 1 firma,1,BUC,0,0,,EUR,21,
00446692,35101-LCD3-325-M1,35101-LCD3-325-M1 SW COMP LOCK FOR SERVICE,Pe comanda,Marfuri gestiune 1 firma,0,BUC,0,0,,EUR,21,
00445915,35101-LCD3-325-M2,35101-LCD3-325-M2 SW COMP LOCK,Pe comanda,Marfuri gestiune 1 firma,1,BUC,0,0,,EUR,21,
00446143,35101-LEA5-315-M2,35101-LEA5-315-M2 SW SET COMB &LOCK,Pe comanda,Marfuri gestiune 1 firma,0,BUC,0,0,,EUR,21,
00450943,35101-LEA7-335-M2,35101-LEA7-335-M2 KEY SET LOCK & COMB,Pe comanda,Marfuri gestiune 1 firma,0,BUC,58.06,69.09,,EUR,21,Set chei
00451619,35102-KGBG-91B,35102-KGBG-91B COLLAR MAIN SW,Pe comanda,Marfuri gestiune 1 firma,0,BUC,16.5289,20,,EUR,21,Ornament contact
00445894,35102-KHC4-900,35102-KHC4-900 COLLAR MAIN SW,Pe comanda,Marfuri gestiune 1 firma,0,BUC,0,0,,EUR,21,
00446453,35102-LBA2-315-M1,35102-LBA2-315-M1 COLLAR MAIN SW,Pe comanda,Marfuri gestiune 1 firma,1,BUC,0,0,,EUR,21,
00448596,35102-LCD3-E0B,35102-LCD3-E0B COLLAR NAIN SW,Pe comanda,Marfuri gestiune 1 firma,0,BUC,0,0,,EUR,21,
00448586,35102-LCD9-E08,35102-LCD9-E08 COLLAR MAIN,Pe comanda,Marfuri gestiune 1 firma,0,BUC,0,0,,EUR,21,
00448053,35102-LDH1-E0A,35102-LDH1-E0A COLLAR MAIN SW,Pe comanda,Marfuri gestiune 1 firma,0,BUC,0,0,,EUR,21,
00445443,35102-LDH1-E0B,35102-LDH1-E0B COLLAR MAIN SW,Pe comanda,Marfuri gestiune 1 firma,1,BUC,0,0,,EUR,21,
00451128,35102-LEB1-90A,35102-LEB1-90A COLLAR MAIN SW,Pe comanda,Marfuri gestiune 1 firma,0,BUC,1.67,1.99,,EUR,21,Ornament contact
00450878,35111-KGBG-306-M2,35111-KGBG-306-M2 KEY COMP,Pe comanda,Marfuri gestiune 1 firma,1,BUC,2.9,3.45,,EUR,21,Cheie blanc
00449579,35111-KHC5-305-M1,35111-KHC5-305-M1 KEY COMP,Pe comanda,Marfuri gestiune 1 firma,0,BUC,0,0,,EUR,21,
00448662,35111-LCA5-326-MA,35111-LCA5-326-MA KEY COMP,Pe comanda,Marfuri gestiune 1 firma,0,BUC,0,0,,EUR,21,
00449773,35111-LDC1-305-M2,35111-LDC1-305-M2 KEY COMP,Pe comanda,Marfuri gestiune 1 firma,2,BUC,0,0,,EUR,21,
00448343,35111-LFA5-306-M2,35111-LFA5-306-M2 KEY COMP,Pe comanda,Marfuri gestiune 1 firma,1,BUC,0,0,,EUR,21,
00446499,35152-KGBG-900,35152-KGBG-900 R COVER HANDLE SWITCH,Pe comanda,Marfuri gestiune 1 firma,0,BUC,0,0,,EUR,21,
00448670,3515A-KEBE-900,3515A-KEBE-900 SW ASSY R HANDLE COMP,Pe comanda,Marfuri gestiune 1 firma,0,BUC,0,0,,EUR,21,
00448104,3515A-KGBG-E00,3515A-KGBG-E00 SW ASSY RH HANDLE COMP,Pe comanda,Marfuri gestiune 1 firma,0,BUC,0,0,,EUR,21,
00445156,3515A-KHD8-900,3515A-KHD8-900 SW ASSY RH HANDLE,Pe comanda,Marfuri gestiune 1 firma,1,BUC,0,0,,EUR,21,
00446976,3515A-KHD8-90A,3515A-KHD8-90A SET START MAG,Pe comanda,Marfuri gestiune 1 firma,0,BUC,0,0,,EUR,21,
00447459,3515A-KHE7-900,3515A-KHE7-900 SW ASSY RH HANDLE COMP,Pe comanda,Marfuri gestiune 1 firma,1,BUC,0,0,,EUR,21,
00450685,3515A-KKC2-E00,3515A-KKC2-E00 SW ASSY RH HANDLE COMP,Pe comanda,Marfuri gestiune 1 firma,0,BUC,17.27,20.55,,EUR,21,Bloc comanda dreapta
00448357,3515A-KKC4-900,3515A-KKC4-900 SW ASST RH HANDLE COMP,Pe comanda,Marfuri gestiune 1 firma,0,BUC,0,0,,EUR,21,
00450944,3515A-LEA7-E00,3515A-LEA7-E00 SW ASSY RH HANDLE,Pe comanda,Marfuri gestiune 1 firma,0,BUC,18.2,22.57,,EUR,21,Bloc comenzi dreapta
00450753,3515A-LEC8-E00,3515A-LEC8-E00 SW ASSY RH HANDLE COMP,Pe comanda,Marfuri gestiune 1 firma,0,BUC,15.03,17.89,,EUR,21,Bloc comenzi dreapta
00446977,3515A-LGB5-E10,3515A-LGB5-E10 SW ASSY RH HANDLE,Marfuri,Marfuri gestiune 1 firma,0,BUC,169.4215,205,,EUR,21,Bloc comanda dr
00449605,3515A-LGB5-EV0,3515A-LGB5-EV0 SW ASSY RH HANDLE COMP,Pe comanda,Marfuri gestiune 1 firma,0,BUC,0,0,,EUR,21,
00447624,3515A-LHG7-E00,3515A-LHG7-E00 SW ASSY KICK DRIVEN,Pe comanda,Marfuri gestiune 1 firma,0,BUC,0,0,,EUR,21,
00451482,3515A-LKF5-B70,3515A-LKF5-B70 SW. ASSY RH. HANDLE COMP,Pe comanda,Marfuri gestiune 1 firma,1,BUC,231.405,280,,EUR,21,Bloc comanda dreapta
00451290,35201-YZA6-E00,35201-YZA6-E00 LEFT COMBINATION SWITCH,Pe comanda,Marfuri gestiune 1 firma,0,BUC,64.4628,78,,EUR,21,Bloc comenzi stanga
00446794,3520A-KEBE-900,3520A-KEBE-900 SW ASSY L HANDLE COMP,Pe comanda,Marfuri gestiune 1 firma,1,BUC,0,0,,EUR,21,Bloc de lumini
00447143,3520A-KFA5-900,3520A-KFA5-900 SW ASSY L HANDLE COMP,Pe comanda,Marfuri gestiune 1 firma,0,BUC,0,0,,EUR,21,Bloc de lumini
00450466,3520A-KGBG-E00,3520A-KGBG-E00 SW ASSY LH HNDL COMP,Pe comanda,Marfuri gestiune 1 firma,2,BUC,24.1,24.1,,EUR,21,
00450500,3520A-KGBG-E11,3520A-KGBG-E11 SW ASSY LH HNDL COMP,Pe comanda,Marfuri gestiune 1 firma,0,BUC,24.1,24.1,,EUR,21,
00447057,3520A-LCA4-E00,3520A-LCA4-E00 SW ASSY LH HANDLE COMP,Pe comanda,Marfuri gestiune 1 firma,0,BUC,309.9174,375,,EUR,21,Bloc de lumini
00448139,3520A-LCA5-E00,3520A-LCA5-E00 SW ASSY LH HANDLE COMP,Pe comanda,Marfuri gestiune 1 firma,1,BUC,0,0,,EUR,21,Bloc de lumini
00448105,3520A-LCD3-E00,3520A-LCD3-E00 SW ASSY RH HANDLE COMP,Pe comanda,Marfuri gestiune 1 firma,0,BUC,0,0,,EUR,21,Bloc de lumini
00446893,3520A-LDB5-E00,3520A-LDB5-E00 SW ASSY LH HANDLE COMP,Pe comanda,Marfuri gestiune 1 firma,0,BUC,0,0,,EUR,21,Bloc de lumini
00448401,3520A-LDF3-E00,3520A-LDF3-E00 SW ASSY LH HANDLE COMP,Pe comanda,Marfuri gestiune 1 firma,0,BUC,0,0,,EUR,21,Bloc de lumini
00445962,3520A-LGB5-E10,3520A-LGB5-E10 SW ASSY LH HANDLE COMP,Pe comanda,Marfuri gestiune 1 firma,0,BUC,0,0,,EUR,21,Bloc de lumini
00447998,3520A-LGB5-E11,3520A-LGB5-E11 SW ASSY LH HANDLE,Marfuri,Marfuri gestiune 1 firma,3,BUC,152.8926,185,,EUR,21,Bloc de lumini
00451483,3520A-LKF5-E01,3520A-LKF5-E01 SW ASSY LH HANDLE COMP,Pe comanda,Marfuri gestiune 1 firma,1,BUC,223.1405,270,,EUR,21,Bloc comenzi stanga
00446603,3520A-LLB1-E02,3520A-LLB1-E02 SW ASSY LH HANDLE COMP,Pe comanda,Marfuri gestiune 1 firma,1,BUC,0,0,,EUR,21,Bloc de lumini
00449196,3520A-LLJ1-E10,3520A-LLJ1-E10 SW ASSY LH HANDLE COMP,Pe comanda,Marfuri gestiune 1 firma,0,BUC,0,0,,EUR,21,Bloc de lumini
00447878,35340-GFY6-900,35340-GFY6-900 SW ASSY FR STOP,Pe comanda,Marfuri gestiune 1 firma,0,BUC,0,0,,EUR,21,
00447185,35340-KKJ9-010,35340-KKJ9-010 SW ASSY FR STOP,Pe comanda,Marfuri gestiune 1 firma,2,BUC,0,0,,EUR,21,Senzor frana
00446956,35340-KKJ9-C00,35340-KKJ9-C00 SW ASSY FR STOP,Marfuri,Marfuri gestiune 1 firma,0,BUC,28.9256,35,,EUR,21,Senzor frana
00445444,35340-KNBN-901,35340-KNBN-901 FR STOP SW ASSY,Marfuri,Marfuri gestiune 1 firma,2,BUC,37.1901,45,,EUR,21,Senzor frana
00451178,35340-KNBN-C00,35340-KNBN-C00 SW ASSY FR STOP,Pe comanda,Marfuri gestiune 1 firma,4,BUC,3.49,4.15,,EUR,21,Senzor frana fata
00445916,35340-LBA7-900,35340-LBA7-900 SW ASSY FR STOP,Pe comanda,Marfuri gestiune 1 firma,1,BUC,0,0,,EUR,21,
00445662,35340-LDB5-900,35340-LDB5-900 SW ASSY FR STOP,Pe comanda,Marfuri gestiune 1 firma,1,BUC,0,0,,EUR,21,
00451380,35340-LKF5-E01,35340-LKF5-E01 FR STOP SW ASS'Y,Pe comanda,Marfuri gestiune 1 firma,0,BUC,12.31,14.9,,EUR,21,Senzor stop frana fata
00445283,35340-LLB1-800,35340-LLB1-800 SW ASSY FR,Pe comanda,Marfuri gestiune 1 firma,2,BUC,0,0,,EUR,21,
00451675,35340-YZA6-M00,35340-YZA6-M00 REAR BRAKE SWITCH,Pe comanda,Marfuri gestiune 1 firma,0,BUC,14.876,18,,EUR,21,Contact frana spate
00448319,35350-KBE2-941,35350-KBE2-941 REAR STOP SW,Pe comanda,Marfuri gestiune 1 firma,0,BUC,0,0,,EUR,21,
00445445,35350-KNBN-901,35350-KNBN-901 SW ASSY RR STOP,Pe comanda,Marfuri gestiune 1 firma,17,BUC,0,0,,EUR,21,Senzor stop
00450825,35350-KNBN-C00,35350-KNBN-C00 STOP LIGHT SWITCH,Marfuri,Marfuri gestiune 1 firma,0,BUC,37.1901,45,,EUR,21,Senzor stop
00448232,35350-LBA7-900,35350-LBA7-900 RR STOP SW,Pe comanda,Marfuri gestiune 1 firma,2,BUC,0,0,,EUR,21,
00449231,35350-LLB1-900,35350-LLB1-900 SW ASSY RR STOP,Pe comanda,Marfuri gestiune 1 firma,1,BUC,0,0,,EUR,21,
00447989,35350-PWA2-900,35350-PWA2-900 RR STOP SW,Pe comanda,Marfuri gestiune 1 firma,0,BUC,0,0,,EUR,21,
00447124,35357-KGC4-E00,35357-KGC4-E00 SPG STOP SW,Pe comanda,Marfuri gestiune 1 firma,1,BUC,0,0,,EUR,21,
00448220,35357-LBA7-900,35357-LBA7-900 SPRING STOP SWITCH,Pe comanda,Marfuri gestiune 1 firma,1,BUC,0,0,,EUR,21,
00447796,35357-LDB5-E00,35357-LDB5-E00 SPRING STOP WASH,Pe comanda,Marfuri gestiune 1 firma,0,BUC,0,0,,EUR,21,
00445963,35370-KEC8-E00,35370-KEC8-E00 SW UNIT SITE STAND,Pe comanda,Marfuri gestiune 1 firma,0,BUC,0,0,,EUR,21,Senzor cric
00451676,35370-YZA6-E00,35370-YZA6-E00 SIDE BRACE FLAMEOUT SWITCH,Pe comanda,Marfuri gestiune 1 firma,0,BUC,74.3802,90,,EUR,21,Contact
00450952,35400-KEE1-900,35400-KEE1-900 RESISTOR,Pe comanda,Marfuri gestiune 1 firma,0,BUC,6.04,7.19,,EUR,21,Rezistenta
00449180,35400-LDF7-E11,35400-LDF7-E11 RESISTOR COMP,Pe comanda,Marfuri gestiune 1 firma,0,BUC,0,0,,EUR,21,
00448320,35400-LEC8-E00,35400-LEC8-E00 RESISTOR COMP,Pe comanda,Marfuri gestiune 1 firma,0,BUC,0,0,,EUR,21,
00449390,35400-LEJ3-E10,35400-LEJ3-E10 RESISTOR COMP,Pe comanda,Marfuri gestiune 1 firma,0,BUC,36.3636,44,,EUR,21,Rezistor
00450044,35400-LLJ1-900,35400-LLJ1-900 RESISTOR COMP,Pe comanda,Marfuri gestiune 1 firma,0,BUC,5.74,6.83,,EUR,21,Rezistor
00451632,35410-GAR1-900,35410-GAR1-900 SW ASSY OIL LEVEL,Pe comanda,Marfuri gestiune 1 firma,0,BUC,280.9917,340,,EUR,21,Senzor nivel ulei
00447460,35410-LHB3-E10,35410-LHB3-E10 SW COMP OIL LEVEL,Pe comanda,Marfuri gestiune 1 firma,0,BUC,0,0,,EUR,21,
00449064,35500-KED9-900,35500-KED9-900 SW ASSY OIL PRESURE,Pe comanda,Marfuri gestiune 1 firma,0,BUC,0,0,,EUR,21,
00449091,35720-LEJ2-E10,35720-LEJ2-E10 LIGHT ASSY LICENSE,Pe comanda,Marfuri gestiune 1 firma,0,BUC,0,0,,EUR,21,
00445284,35759-LBA7-900,35759-LBA7-900 SW ASSY GEAR CHANGE,Marfuri,Marfuri gestiune 1 firma,1,BUC,122.314,148,,EUR,21,Senzor schimb. viteza
00446746,35759-LCD9-E00,35759-LCD9-E00 SW ASSY GEAR CHANGE,Pe comanda,Marfuri gestiune 1 firma,1,BUC,0,0,,EUR,21,Senzor schimb. viteza
00449779,35759-LDB5-E00,35759-LDB5-E00 SWITCH FOR NEUTRAL,Pe comanda,Marfuri gestiune 1 firma,1,BUC,0,0,,EUR,21,
00446002,35759-LLB1-900,35759-LLB1-900 SW ASSY GEAR CHANGE,Pe comanda,Marfuri gestiune 1 firma,1,BUC,156.1983,189,,EUR,21,Senzor schimbator viteze
00447328,35759-PWB1-900,35759-PWB1-900 SW ASSY GEAR CHANGE,Pe comanda,Marfuri gestiune 1 firma,0,BUC,0,0,,EUR,21,
00446365,35850-KEBE-C00,35850-KEBE-C00 SW SET START MAG,Pe comanda,Marfuri gestiune 1 firma,0,BUC,0,0,,EUR,21,Releu pornire
00445758,35850-KHB4-90A,35850-KHB4-90A SET START MAG,Marfuri,Marfuri gestiune 1 firma,0,BUC,105.7851,128,,EUR,21,Releu pornire
00448299,35850-KHB4-90B,35850-KHB4-90B SET START MAG,Pe comanda,Marfuri gestiune 1 firma,1,BUC,0,0,,EUR,21,Releu pornire
00451191,35850-KHB4-90F,35850-KHB4-90F SET START MAG,Marfuri,Marfuri gestiune 1 firma,5,BUC,104.9587,127,,EUR,21,Releu pornire
00446978,35850-KHD8-90A,35850-KHD8-90A SET START MAG,Pe comanda,Marfuri gestiune 1 firma,0,BUC,0,0,,EUR,21,Releu pornire
00449251,35850-KHD8-C00,35850-KHD8-C00 SET START MAG,Pe comanda,Marfuri gestiune 1 firma,1,BUC,118.1818,143,,EUR,21,Releu pornire
00446827,35850-LBA2-E00,35850-LBA2-E00 SET START MAG,Pe comanda,Marfuri gestiune 1 firma,2,BUC,0,0,,EUR,21,Releu pornire
00445157,35850-LBE3-90A,35850-LBE3-90A SET START MAG,Pe comanda,Marfuri gestiune 1 firma,0,BUC,0,0,,EUR,21,Releu pornire
00445446,35850-LDB5-E00,35850-LDB5-E00 SET START MAG,Marfuri,Marfuri gestiune 1 firma,1,BUC,132.2314,160,,EUR,21,Releu pornire
00450464,35850-LEC8-E00,35850-LEC8-E00 SET START MAG,Pe comanda,Marfuri gestiune 1 firma,0,BUC,12.66,15.07,,EUR,21,Releu pornire
00450581,36000-ADA1-E00,36000-ADA1-E00 MODULE ECU,Pe comanda,Marfuri gestiune 1 firma,0,BUC,397,472.43,,EUR,21,Modul ECU
00448177,36205-LFA7-E00,36205-LFA7-E00 SUB CORD OBD DIAGNOSTICS,Pe comanda,Marfuri gestiune 1 firma,0,BUC,0,0,,EUR,21,
00448178,3620A-LEB2-E00,3620A-LEB2-E00 DIAGNOSTICS CASE ASSY,Pe comanda,Marfuri gestiune 1 firma,0,BUC,0,0,,EUR,21,
00446347,37119-LBA2-E00,37119-LBA2-E00 LENS,Pe comanda,Marfuri gestiune 1 firma,1,BUC,0,0,,EUR,21,
00449923,37200-ALC9-E10,37200-ALC9-E10 METER SPDMT,Pe comanda,Marfuri gestiune 1 firma,1,BUC,0,0,,EUR,21,
00447229,37200-KGB5-E01,37200-KGB5-E01 METTER ASSY SPEED,Pe comanda,Marfuri gestiune 1 firma,0,BUC,0,0,,EUR,21,
00447567,37200-KHE7-900,37200-KHE7-900 METTER ASSY SPEED,Pe comanda,Marfuri gestiune 1 firma,0,BUC,0,0,,EUR,21,
00447715,37200-LBA7-E0B,37200-LBA7-E0B METTER ASSY SPEED,Pe comanda,Marfuri gestiune 1 firma,1,BUC,0,0,,EUR,21,
00450636,37200-LCA4-E0A,37200-LCA4-E0A METER ASSY SPDMT,Pe comanda,Marfuri gestiune 1 firma,0,BUC,85.56,101.82,,EUR,21,Bord electronic
00447170,37200-LCA5-E0A,37200-LCA5-E0A METER ASSY SPEED,Pe comanda,Marfuri gestiune 1 firma,1,BUC,0,0,,EUR,21,Bord electronic
00446505,37200-LCD9-E0A,37200-LCD9-E0A METER ASSY SPEED,Pe comanda,Marfuri gestiune 1 firma,0,BUC,0,0,,EUR,21,
00447702,37200-LDB1-E0A,37200-LDB1-E0A METTER ASSY SPEED,Pe comanda,Marfuri gestiune 1 firma,1,BUC,743.8017,900,,EUR,21,Bord
00451185,37200-LDB2-E0A,37200-LDB2-E0A METER ASSY SPEED,Pe comanda,Marfuri gestiune 1 firma,0,BUC,207.43,246.84,,EUR,21,Bord electronic
00446894,37200-LDB5-E0A,37200-LDB5-E0A METER ASSY SPEED,Pe comanda,Marfuri gestiune 1 firma,0,BUC,0,0,,EUR,21,
00446576,37200-LDC8-E10,37200-LDC8-E10 METER ASSY SPEED,Pe comanda,Marfuri gestiune 1 firma,1,BUC,0,0,,EUR,21,
00449403,37200-LDC8-E40,37200-LDC8-E40 METTER ASSY SPEED,Pe comanda,Marfuri gestiune 1 firma,0,BUC,0,0,,EUR,21,
00446628,37200-LEA5-E0A,37200-LEA5-E0A METTER ASSY SPDMT,Pe comanda,Marfuri gestiune 1 firma,1,BUC,0,0,,EUR,21,
00447263,37200-PWB1-E00,37200-PWB1-E00 DIGITAL GAUGE,Pe comanda,Marfuri gestiune 1 firma,0,BUC,0,0,,EUR,21,
00448039,37211-KFA6-90A,37211-KFA6-90A LENS ASSY,Pe comanda,Marfuri gestiune 1 firma,0,BUC,0,0,,EUR,21,
00450791,37211-KGB5-900,37211-KGB5-900 LENS,Pe comanda,Marfuri gestiune 1 firma,0,BUC,3.26,3.88,,EUR,21,Geam bord
00451429,37211-KHB4-90A-MX0591,37211-KHB4-90A-MX0591 LENS,Pe comanda,Marfuri gestiune 1 firma,1,BUC,111.5702,135,,EUR,21,Geam bord
00450284,37211-KHB4-90B,37211-KHB4-90B LENS ASSY,Pe comanda,Marfuri gestiune 1 firma,0,BUC,3.26,3.88,,EUR,21,Geam bord
00447816,37211-KKE5-E00,37211-KKE5-E00 LENS ASSY,Pe comanda,Marfuri gestiune 1 firma,0,BUC,0,0,,EUR,21,Geam bord
00447128,37211-LEA7-E00,37211-LEA7-E00 LENS ASSY,Pe comanda,Marfuri gestiune 1 firma,0,BUC,0,0,,EUR,21,
00448023,37211-LEJ2-E0A,37211-LEJ2-E0A LENS COMP METER,Pe comanda,Marfuri gestiune 1 firma,0,BUC,0,0,,EUR,21,
00445964,37211-LFC2-E10,37211-LFC2-E10 LENS COMP METER,Pe comanda,Marfuri gestiune 1 firma,1,BUC,0,0,,EUR,21,
00448314,37211-LLJ3-E00,37211-LLJ3-E00 LENS ASSY,Pe comanda,Marfuri gestiune 1 firma,1,BUC,0,0,,EUR,21,
00450285,37213-KFA6-90B,37213-KFA6-90B PACKING (LCD)/D403,Pe comanda,Marfuri gestiune 1 firma,0,BUC,0.94,1.12,,EUR,21,Cauciuc buton ecran
00447817,37215-LGR5-E10,37215-LGR5-E10 PLATE COSMETIC,Pe comanda,Marfuri gestiune 1 firma,0,BUC,0,0,,EUR,21,
00447129,37216-LEA7-E00-F1P,37216-LEA7-E00-F1P COSMETIC METER COVER,Pe comanda,Marfuri gestiune 1 firma,0,BUC,0,0,,EUR,21,Ornament bord
00445219,37280-KFA6-900,37280-KFA6-900 LCD ASSY LOCK,Pe comanda,Marfuri gestiune 1 firma,1,BUC,0,0,,EUR,21,
00445220,37290-LLB1-E00,37290-LLB1-E00 SENSOR WHELL RPM,Marfuri,Marfuri gestiune 1 firma,11,BUC,74.3802,90,,EUR,21,Senzor viteza
00449620,37292-LBF2-900,37292-LBF2-900 MA4279 LEGSHIELD,Pe comanda,Marfuri gestiune 1 firma,0,BUC,0,0,,EUR,21,
00450502,37292-LBF2-900,37292-LBF2-900 SENSOR CAM POSITION,Pe comanda,Marfuri gestiune 1 firma,0,BUC,35.03,41.69,,EUR,21,Senzor pozitie cama
00449899,37295-LLB1-E00,37295-LLB1-E00 SENSOR MAGNET WHEEL RPM,Pe comanda,Marfuri gestiune 1 firma,1,BUC,2.31,2.75,,EUR,21,Senzor magnetic
00450997,37401-LBA7-900,37401-LBA7-900 PILOT LAMP COMP,Pe comanda,Marfuri gestiune 1 firma,0,BUC,35.08,41.75,,EUR,21,Lampa indicatoare
00449197,37401-LLJ1-E00,37401-LLJ1-E00 PILOT LAMP COMP,Pe comanda,Marfuri gestiune 1 firma,0,BUC,0,0,,EUR,21,
00446895,37710-LDB2-E00,37710-LDB2-E00 HEATER,Pe comanda,Marfuri gestiune 1 firma,0,BUC,0,0,,EUR,21,
00450762,37720-KGB5-900,37720-KGB5-900 EARTH TERMINAL THERMO,Pe comanda,Marfuri gestiune 1 firma,0,BUC,10.084033,12,,EUR,21,Mufa terminal neg
00445663,37750-PAC1-005,37750-PAC1-005 THERMO UNIT ASSY,Marfuri,Marfuri gestiune 1 firma,3,BUC,80.9917,98,,EUR,21,Sonda termica
00447329,37750-PWB1-900,37750-PWB1-900 THERMO UNIT ASSY,Pe comanda,Marfuri gestiune 1 firma,0,BUC,0,0,,EUR,21,Cupla termostat
00446693,37760-KHD8-900,37760-KHD8-900 SW ASSY THERMO,Pe comanda,Marfuri gestiune 1 firma,1,BUC,0,0,,EUR,21,Termocupla
00447088,37760-LBB5-E00,37760-LBB5-E00 SW ASSY L FR,Pe comanda,Marfuri gestiune 1 firma,0,BUC,0,0,,EUR,21,Termocupla
00447746,37760-PWB1-900,37760-PWB1-900 SW ASSY THERMO,Pe comanda,Marfuri gestiune 1 firma,0,BUC,0,0,,EUR,21,Termocupla
00451506,37780-ACD5-E00,37780-ACD5-E00 SENSOR ASSY. ROOM TEMP,Pe comanda,Marfuri gestiune 1 firma,1,BUC,53.719,65,,EUR,21,Senzor temp. exterioara
00446144,37800-KED9-900,37800-KED9-900 FUEL UNIT,Pe comanda,Marfuri gestiune 1 firma,1,BUC,0,0,,EUR,21,
00449527,37802-GGA7-C00,37802-GGA7-C00 RETRAINER FUEL UNIT,Pe comanda,Marfuri gestiune 1 firma,0,BUC,0,0,,EUR,21,
00447436,37802-KHB4-900,37802-KHB4-900 RET FUEL UNIT,Pe comanda,Marfuri gestiune 1 firma,0,BUC,0,0,,EUR,21,
00450962,3780A-ALJ8-E10,3780A-ALJ8-E10 FUEL UNIT ASSY,Pe comanda,Marfuri gestiune 1 firma,0,BUC,7.61,9.06,,EUR,21,Sonda carburant
00446046,3780A-KEC8-900,3780A-KEC8-900 FUEL UNIT,Pe comanda,Marfuri gestiune 1 firma,1,BUC,0,0,,EUR,21,Sonda carburant
00450792,3780A-KGB5-E00,3780A-KGB5-E00 FUEL UNIT ASSY,Pe comanda,Marfuri gestiune 1 firma,0,BUC,12.25,14.58,,EUR,21,Sonda carburant
00446318,3780A-KKAK-900,3780A-KKAK-900 FUEL UNIT ASSY,Pe comanda,Marfuri gestiune 1 firma,0,BUC,0,0,,EUR,21,Sonda carburant
00448008,3780A-KKC3-900,3780A-KKC3-900 FUEL UNIT ASSY,Pe comanda,Marfuri gestiune 1 firma,0,BUC,0,0,,EUR,21,Sonda carburant
00447925,3780A-LBA2-E00,3780A-LBA2-E00 FUEL UNIT ASSY,Pe comanda,Marfuri gestiune 1 firma,1,BUC,0,0,,EUR,21,Sonda carburant
00449934,3780A-LBC6-800-MS2113,3780A-LBC6-800-MS2113 FUEL LEVEL GAUGE,Pe comanda,Marfuri gestiune 1 firma,1,BUC,0,0,,EUR,21,
00445221,3780A-LCA4-E01,3780A-LCA4-E01 FUEL UNIT ASSY,Pe comanda,Marfuri gestiune 1 firma,2,BUC,0,0,,EUR,21,Sonda carburant
00447424,3780A-LCA5-E00,3780A-LCA5-E00 FUEL UNIT ASSY,Pe comanda,Marfuri gestiune 1 firma,0,BUC,0,0,,EUR,21,Sonda carburant
00446348,3780A-LCA5-E01,3780A-LCA5-E01 FUEL UNIT ASSY,Pe comanda,Marfuri gestiune 1 firma,1,BUC,109.0909,132,,EUR,21,Sonda carburant
00451570,3780A-LCD3-E00,3780A-LCD3-E00 FUEL UNIT ASSY,Pe comanda,Marfuri gestiune 1 firma,0,BUC,109.9174,133,,EUR,21,Sonda carburant
00448839,3780A-LDB5-E00,3780A-LDB5-E00 FUEL UNIT ASSY,Pe comanda,Marfuri gestiune 1 firma,1,BUC,0,0,,EUR,21,Sonda carburant
00447596,3780A-LDC8-E10,3780A-LDC8-E10 FUEL UNIT ASSY,Pe comanda,Marfuri gestiune 1 firma,0,BUC,0,0,,EUR,21,Sonda carburant
00449092,3780A-LDH1-E00,3780A-LDH1-E00 FUEL UNIT ASSY,Pe comanda,Marfuri gestiune 1 firma,0,BUC,0,0,,EUR,21,Sonda carburant
00446617,3780A-LEC8-E00,3780A-LEC8-E00 FUEL UNIT ASSY,Pe comanda,Marfuri gestiune 1 firma,0,BUC,0,0,,EUR,21,Sonda carburant
00446588,3780A-LEJ2-E10,3780A-LEJ2-E10 FUEL UNIT ASSY,Pe comanda,Marfuri gestiune 1 firma,0,BUC,0,0,,EUR,21,Sonda carburant
00448585,3780A-LGR5-E10,3780A-LGR5-E10 FUEL UNIT ASSY,Pe comanda,Marfuri gestiune 1 firma,0,BUC,65.2893,79,,EUR,21,Sonda carburant
00449782,3780A-LLJ3-E00,3780A-LLJ3-E00 MA2104 FUEL LEVEL GAUGE,Pe comanda,Marfuri gestiune 1 firma,1,BUC,0,0,,EUR,21,
00448484,3780A-PWB1-800,3780A-PWB1-800 GAUGE FUEL W/SEAL,Pe comanda,Marfuri gestiune 1 firma,0,BUC,106.6116,129,,EUR,21,Sonda carburant
00451167,38110-KHB4-E0A,38110-KHB4-E0A HORN COMP,Pe comanda,Marfuri gestiune 1 firma,0,BUC,10.58,12.59,,EUR,21,Claxon
00448738,38110-KHB4-E0B,38110-KHB4-E0B HORN COMP,Pe comanda,Marfuri gestiune 1 firma,0,BUC,0,0,,EUR,21,
00448546,38200-KEBE-900,38200-KEBE-900 BOX COMP FUSE,Pe comanda,Marfuri gestiune 1 firma,0,BUC,0,0,,EUR,21,
00449261,38200-KHE7-900,38200-KHE7-900 BOX COMP FUSE,Pe comanda,Marfuri gestiune 1 firma,0,BUC,0,0,,EUR,21,
00445541,38300-KECE-900,38300-KECE-900 RELAY ASSY WINKER,Pe comanda,Marfuri gestiune 1 firma,2,BUC,103.3058,125,,EUR,21,Releu semnalizare
00449595,38300-KECE-W10,38300-KECE-W10 RELAY ASSY WINKER,Marfuri,Marfuri gestiune 1 firma,0,BUC,103.3058,125,,EUR,21,Releu semnalizare
00451252,38300-KKE5-E00,38300-KKE5-E00 RELAY COMP WINKER,Pe comanda,Marfuri gestiune 1 firma,0,BUC,10.78,12.83,,EUR,21,Releu semnalizare
00446896,38300-LBC6-90A,38300-LBC6-90A RELAY ASSY SPEED,Pe comanda,Marfuri gestiune 1 firma,0,BUC,0,0,,EUR,21,
00450998,38300-LEA5-E0A,38300-LEA5-E0A RELAY ASS'Y WINKER,Pe comanda,Marfuri gestiune 1 firma,0,BUC,11.6,13.8,,EUR,21,Releu semnalizare
00450945,38300-LEA5-E0B,38300-LEA5-E0B RELAY ASSY WINKER,Pe comanda,Marfuri gestiune 1 firma,0,BUC,8.3,9.88,,EUR,21,Releu semnalizare
00449786,38300-LEA7-E00,38300-LEA7-E00 RELAY ASSY WINKER,Pe comanda,Marfuri gestiune 1 firma,0,BUC,0,0,,EUR,21,Releu semnalizare
00451065,38300-YZA6-E00,38300-YZA6-E00 FLASHER,Pe comanda,Marfuri gestiune 1 firma,0,BUC,15.36,18.28,,EUR,21,Releu semnalizare
00451521,38301-GGS7-005,38301-GGS7-005 RELAY COMP AP WINKER,Pe comanda,Marfuri gestiune 1 firma,1,BUC,123.1405,149,,EUR,21,Releu semnalizare
00446388,38500-KFA6-900,38500-KFA6-900 RELAY ASSY START,Pe comanda,Marfuri gestiune 1 firma,2,BUC,0,0,,EUR,21,Releu pornire
00447594,38500-KGD4-C00,38500-KGD4-C00 REAL ASSY START,Pe comanda,Marfuri gestiune 1 firma,0,BUC,0,0,,EUR,21,
00447892,38500-KKDK-900,38500-KKDK-900 REAL COMP START,Pe comanda,Marfuri gestiune 1 firma,2,BUC,0,0,,EUR,21,
00450215,38500-KKDK-C00,38500-KKDK-C00 SET START MAG,Pe comanda,Marfuri gestiune 1 firma,2,BUC,10,11.9,,EUR,21,Releu pornire
00447683,38500-LGL3-90A,38500-LGL3-90A RELAY ASSY LIGHT,Marfuri,Marfuri gestiune 1 firma,0,BUC,0,0,,EUR,21,Releu lumini (12V 20A)
00445664,38500-LGL3-90D,38500-LGL3-90D RELAY ASSY,Pe comanda,Marfuri gestiune 1 firma,2,BUC,0,0,,EUR,21,
00451253,38500-LGL3-C00,38500-LGL3-C00 RELAY ASSY LIGHT,Pe comanda,Marfuri gestiune 1 firma,0,BUC,7.665,9.12,,EUR,21,Releu lumini
00451066,38500-YZA6-EZ5,38500-YZA6-EZ5 START RELAY,Pe comanda,Marfuri gestiune 1 firma,0,BUC,9.21,10.96,,EUR,21,Releu pornire
00445393,3860A-LCA5-E01,3860A-LCA5-E01 CONTROL UNIT LIGHTING,Marfuri,Marfuri gestiune 1 firma,0,BUC,229.7521,278,,EUR,21,Controler lumini
00449829,3860A-LCA5-E01-FS9,3860A-LCA5-E01-FS9 CONTROL LIGHTING,Pe comanda,Marfuri gestiune 1 firma,2,BUC,0,0,,EUR,21,
00448040,3860A-LCD3-E02,3860A-LCD3-E02 CONTROL UNIT LIGHTING,Pe comanda,Marfuri gestiune 1 firma,0,BUC,0,0,,EUR,21,Controler lumini
00449058,3860A-LCD9-E02,3860A-LCD9-E02 CONTROL UNIT LIGHTING,Pe comanda,Marfuri gestiune 1 firma,0,BUC,0,0,,EUR,21,Controler lumini
00448024,3860A-LDH1-E00,3860A-LDH1-E00 CONTROL UNIT LIGHTING,Pe comanda,Marfuri gestiune 1 firma,0,BUC,0,0,,EUR,21,Controler lumini
00446828,3860A-LEJ2-E10,3860A-LEJ2-E10 CONTROL ASSY LIGHT,Pe comanda,Marfuri gestiune 1 firma,0,BUC,0,0,,EUR,21,Controler lumini
00448675,3860A-LEJ2-E12,3860A-LEJ2-E12 CONTROL UNIT ASSY,Pe comanda,Marfuri gestiune 1 firma,3,BUC,0,0,,EUR,21,Controler lumini
00449488,38773-PKB9-001,38773-PKB9-001 JOINT 3 WAY 3.5,Pe comanda,Marfuri gestiune 1 firma,0,BUC,0,0,,EUR,21,
00445416,39000-LLB1-900,39000-LLB1-900 CONTROL UNIT GEAR CHANGE,Marfuri,Marfuri gestiune 1 firma,1,BUC,0,0,,EUR,21,Releu schimb viteza
00445665,3900A-LBA7-900,3900A-LBA7-900 CONTROL ASSY GEAR CHANGE,Pe comanda,Marfuri gestiune 1 firma,1,BUC,0,0,,EUR,21,
00449011,3900A-LBA7-900-421,3900A-LBA7-900-421 CONTROL ASSY GEAR CHANGE,Marfuri,Marfuri gestiune 1 firma,0,BUC,0,0,,EUR,21,Releu schimb viteza
00449973,3900A-LBA7-900-425,3900A-LBA7-900-425 CONTROL ASSY GEAR CHANGE,Marfuri,Marfuri gestiune 1 firma,0,BUC,194.2149,235,,EUR,21,Releu schimb viteza
00446829,39100-KHD8-900,39100-KHD8-900 EMI FILTER MOTOR,Pe comanda,Marfuri gestiune 1 firma,0,BUC,0,0,,EUR,21,
00448117,39100-KKE5-E01,39100-KKE5-E01 EMI FILTER MOTOR,Pe comanda,Marfuri gestiune 1 firma,0,BUC,0,0,,EUR,21,
00445222,39100-LBA7-E00,39100-LBA7-E00 EMI FILTER FAN MOTOR,Marfuri,Marfuri gestiune 1 firma,1,BUC,105.7851,128,,EUR,21,Releu ventilator
00446468,39200-LEA7-E00,39200-LEA7-E00 ECU ASSY,Pe comanda,Marfuri gestiune 1 firma,1,BUC,0,0,,EUR,21,
00451597,39200-LEA7-E05,39200-LEA7-E05 ECU ASSY,Pe comanda,Marfuri gestiune 1 firma,0,BUC,1205.7851,1459,,EUR,21,Unitate ECU
00446993,39200-LEK1-800,39200-LEK1-800 ECU UNIT,Pe comanda,Marfuri gestiune 1 firma,0,BUC,0,0,,EUR,21,
00446389,39200-LFG2-800,39200-LFG2-800 ECU UNIT,Pe comanda,Marfuri gestiune 1 firma,1,BUC,0,0,,EUR,21,
00446713,3920A-LKA8-E00,3920A-LKA8-E00 MODULE ASSY ECU,Pe comanda,Marfuri gestiune 1 firma,0,BUC,0,0,,EUR,21,
00450992,3920A-LKM5-E00,3920A-LKM5-E00 ECU,Pe comanda,Marfuri gestiune 1 firma,0,BUC,177.17,210.83,,EUR,21,ECU
00451565,39300-LDG7-800,39300-LDG7-800 FUEL INJECTOR XC500AFI/500RI,Pe comanda,Marfuri gestiune 1 firma,0,BUC,471.0744,570,,EUR,21,Injector
00450957,39300-LDG7-M90,39300-LDG7-M90 FUEL INJECTOR,Pe comanda,Marfuri gestiune 1 firma,0,BUC,76.76,91.34,,EUR,21,Injector
00450538,39300-LEA6-800,39300-LEA6-800 FUEL INJECTOR,Pe comanda,Marfuri gestiune 1 firma,0,BUC,60.02,71.42,,EUR,21,Injector
00445895,39300-LFA5-E00,39300-LFA5-E00 ACTUATOR ASM 2X 4,Pe comanda,Marfuri gestiune 1 firma,1,BUC,0,0,,EUR,21,
00450503,39300-LKC3-500,39300-LKC3-500 ACTUATOR,Pe comanda,Marfuri gestiune 1 firma,0,BUC,202.96,241.52,,EUR,21,Actuator
00451437,39300-LKM5-E00,39300-LKM5-E00 FUEL INJECTOR,Pe comanda,Marfuri gestiune 1 firma,1,BUC,545.4545,660,,EUR,21,Injector
00449858,39300-PTA1-800,39300-PTA1-800 FUEL INJECTOR,Pe comanda,Marfuri gestiune 1 firma,1,BUC,55.04,55.04,,EUR,21,Injector
00450946,39301-ALJ8-E10,39301-ALJ8-E10 CLIP COMP FUEL INJECTOR,Pe comanda,Marfuri gestiune 1 firma,0,BUC,2.28,2.71,,EUR,21,Suport injector
00451668,39301-KKE3-920,39301-KKE3-920 CUP BRACKET ASSY FUEL INJECTOR,Pe comanda,Marfuri gestiune 1 firma,0,BUC,20.6612,25,,EUR,21,Suport injector
00448447,39301-LDF2-M90,39301-LDF2-M90 CLIP COMP FUEL INJECTOR,Pe comanda,Marfuri gestiune 1 firma,0,BUC,0,0,,EUR,21,
00448499,39301-LDG7-900,39301-LDG7-900 CAP COMP FUEL INJECTOR,Pe comanda,Marfuri gestiune 1 firma,0,BUC,0,0,,EUR,21,
00450207,39301-LEA6-910,39301-LEA6-910 HOLDER ASSY FUEL INJECTOR,Pe comanda,Marfuri gestiune 1 firma,0,BUC,2.14,2.55,,EUR,21,Suport injector
00451284,39301-LGL9-910,39301-LGL9-910 HOLDER ASSY FUEL INJECTOR,Pe comanda,Marfuri gestiune 1 firma,0,BUC,20.661157,25,,EUR,21,
00450999,39301-LGM9-C01-MB2834,39301-LGM9-C01-MB2834 HOLDER ASSY FUEL INJECTOR,Pe comanda,Marfuri gestiune 1 firma,1,BUC,18.56,22.09,,EUR,21,Suport injector
00450870,39302-KKE3-900,39302-KKE3-900 CLIP SPRING FUEL INJECTOR,Pe comanda,Marfuri gestiune 1 firma,0,BUC,1.75,2.08,,EUR,21,Suport injector
00450201,39306-LEB2-305,39306-LEB2-305 O-RING A INJECTOR,Pe comanda,Marfuri gestiune 1 firma,0,BUC,1.04,1.24,,EUR,21,O-ring
00450208,39307-LEB2-305,39307-LEB2-305 O-RING B INJECTOR /GREEN,Pe comanda,Marfuri gestiune 1 firma,0,BUC,2.11,2.51,,EUR,21,O-ring B Injector
00449597,3930A-LDB5-E00,3930A-LDB5-E00 CONTROL ASSY 2WD/4WD CHANGE,Pe comanda,Marfuri gestiune 1 firma,2,BUC,0,0,,EUR,21,Controler 2x4/4x4
00451231,39400-LDF2-800,39400-LDF2-800 WATER TEMP SENSOR,Marfuri,Marfuri gestiune 1 firma,0,BUC,11.86,14.11,,EUR,21,Senzor temperatura apa
00450173,39400-LEA6-800,39400-LEA6-800 WATER TEMP SENSOR,Pe comanda,Marfuri gestiune 1 firma,0,BUC,10.8,12.85,,EUR,21,Senzor temperatura apa
00450574,39400-LHJ3-900,39400-LHJ3-900 SENSOR. HEAD TEMPERATURE,Pe comanda,Marfuri gestiune 1 firma,0,BUC,16.53,19.67,,EUR,21,Senzor temperatura
00451658,39400-YZA6-EZ5,39400-YZA6-EZ5 TEMPERATURE AND PRESSURE,Pe comanda,Marfuri gestiune 1 firma,0,BUC,237.1901,287,,EUR,21,Senzor temperatura si presiune
00450609,39500-PTA1-800,39500-PTA1-800 SENSOR T-MAP,Pe comanda,Marfuri gestiune 1 firma,0,BUC,62.82,74.76,,EUR,21,Senzor T-MAP
00450692,39600-KKE3-800,39600-KKE3-800 REGULATOR,Pe comanda,Marfuri gestiune 1 firma,0,BUC,29,34.51,,EUR,21,Regulator
00450205,39700-PTA1-800,39700-PTA1-800 BY PASS VALVE IDLE AIR,Pe comanda,Marfuri gestiune 1 firma,0,BUC,56.37,67.08,,EUR,21,Soc electronic
00446469,40201-LCD9-E00,40201-LCD9-E00 SHAFT PROPELLER,Pe comanda,Marfuri gestiune 1 firma,1,BUC,0,0,,EUR,21,
00450656,40201-PWB1-900,40201-PWB1-900 SHAFT PROPELLER-REAR,Pe comanda,Marfuri gestiune 1 firma,0,BUC,138.655462,165,,EUR,21,
00449553,40210-LCD9-E00,40210-LCD9-E00 JOINT WOEK,Pe comanda,Marfuri gestiune 1 firma,0,BUC,0,0,,EUR,21,
00451156,40210-LFE9-E00,40210-LFE9-E00 CVJ REAR PROPELLER SHAFT,Pe comanda,Marfuri gestiune 1 firma,0,BUC,180,214.2,,EUR,21,Cardan spate
00447716,40211-LCD9-E00,40211-LCD9-E00 SPIDER FORK,Pe comanda,Marfuri gestiune 1 firma,0,BUC,0,0,,EUR,21,Furca cardan motor
00446404,40211-LDB5-E00,40211-LDB5-E00 SPIDER RR U JOINT,Pe comanda,Marfuri gestiune 1 firma,0,BUC,0,0,,EUR,21,Cruce cardan
00446405,40212-LDB5-E00,40212-LDB5-E00 YORK A RR JOINT,Pe comanda,Marfuri gestiune 1 firma,0,BUC,0,0,,EUR,21,
00446867,40213-LCD9-E00,40213-LCD9-E00 BRG YORK 12*18*16,Pe comanda,Marfuri gestiune 1 firma,1,BUC,0,0,,EUR,21,Rulment furca cardan 12*18*16
00446406,40213-LDB5-E00,40213-LDB5-E00 BRG U JKOINT 18*24*13.5,Pe comanda,Marfuri gestiune 1 firma,0,BUC,0,0,,EUR,21,Rulment cruce cardan
00447747,40214-LDB5-E00,40214-LDB5-E00 YORK FR PROPELLER SHAFT,Pe comanda,Marfuri gestiune 1 firma,0,BUC,0,0,,EUR,21,
00450167,40215-PWB1-900,40215-PWB1-900 BUMPER DRIVESHAFT,Pe comanda,Marfuri gestiune 1 firma,0,BUC,0.7,0.83,,EUR,21,
00448989,40411-LDB5-E00,40411-LDB5-E00 YORK A FRONT U JOINT,Pe comanda,Marfuri gestiune 1 firma,0,BUC,0,0,,EUR,21,
00448990,40414-LDB5-E00,40414-LDB5-E00 YORK FR U JOINT,Pe comanda,Marfuri gestiune 1 firma,0,BUC,0,0,,EUR,21,
00447748,40415-LDB5-E00,40415-LDB5-E00 SPRINF FR PROPELLER SHAFT,Pe comanda,Marfuri gestiune 1 firma,0,BUC,0,0,,EUR,21,
00447089,40502-KED9-900,40502-KED9-900 COVER TOOL BOX,Pe comanda,Marfuri gestiune 1 firma,0,BUC,0,0,,EUR,21,
00445965,40510-KED9-900,40510-KED9-900 COVER DRIVE CHAIN,Pe comanda,Marfuri gestiune 1 firma,1,BUC,0,0,,EUR,21,
00445394,40510-LBA7-E00,40510-LBA7-E00 CHAIN COVER,Pe comanda,Marfuri gestiune 1 firma,1,BUC,0,0,,EUR,21,Protectie lant
00446179,40510-LLB1-900,40510-LLB1-900 COVER CHAIN,Pe comanda,Marfuri gestiune 1 firma,1,BUC,0,0,,EUR,21,
00445223,40510-PWA7-E00,40510-PWA7-E00 COVER CHAIN,Pe comanda,Marfuri gestiune 1 firma,1,BUC,0,0,,EUR,21,
00446537,4051A-LEC8-E00-N1R,4051A-LEC8-E00-N1R COVER ASSY CHAIN,Pe comanda,Marfuri gestiune 1 firma,2,BUC,0,0,,EUR,21,
00448261,40525-LBA7-900,40525-LBA7-900 SLIDER CHAIN,Pe comanda,Marfuri gestiune 1 firma,0,BUC,0,0,,EUR,21,
00447198,40527-LBA7-600,40527-LBA7-600 SLIDER CHAIN,Pe comanda,Marfuri gestiune 1 firma,1,BUC,0,0,,EUR,21,
00448260,40527-LBA7-900,40527-LBA7-900 SLIDER CHAIN,Pe comanda,Marfuri gestiune 1 firma,0,BUC,0,0,,EUR,21,
00445966,4052A-LBA7-910,4052A-LBA7-910 PROTECTOR ASSY RR FORK,Pe comanda,Marfuri gestiune 1 firma,3,BUC,0,0,,EUR,21,Protectie lant
00447490,4052A-LCA4-E01,4052A-LCA4-E01 GUARD ASSY RR FORK,Pe comanda,Marfuri gestiune 1 firma,0,BUC,0,0,,EUR,21,
00449805,4052A-LCA5-E01,4052A-LCA5-E01 GUARD ASSY RR FORK,Pe comanda,Marfuri gestiune 1 firma,1,BUC,0,0,,EUR,21,
00449216,40530-1H68-004,40530-1H68-004 MX7222 CHAIN 428 108 LINKS WITH LOOK,Pe comanda,Marfuri gestiune 1 firma,0,BUC,0,0,,EUR,21,
00448563,40530-LBA8-E80,40530-LBA8-E80 CHAIN DRIVE,Pe comanda,Marfuri gestiune 1 firma,0,BUC,0,0,,EUR,21,
00445967,40530-LCA5-E00,40530-LCA5-E00 CHAIN DRIVE,Pe comanda,Marfuri gestiune 1 firma,3,BUC,0,0,,EUR,21,
00449343,40530-LDD8-C51,40530-LDD8-C51 CHAIN DRIVE 428HG-114,Pe comanda,Marfuri gestiune 1 firma,0,BUC,0,0,,EUR,21,
00449763,40530-LGC6-E00,40530-LGC6-E00 TIMING BELT,Pe comanda,Marfuri gestiune 1 firma,0,BUC,0,0,,EUR,21,
00446868,40530-LLB1-900,40530-LLB1-900 CHAIN DRIVE 520H-94,Pe comanda,Marfuri gestiune 1 firma,1,BUC,0,0,,EUR,21,Lant final transmisie
00447893,4054A-KKAK-900,4054A-KKAK-900 ADJUSTER CHAIN ASSY,Pe comanda,Marfuri gestiune 1 firma,0,BUC,0,0,,EUR,21,
00446812,41201-LBA7-900,41201-LBA7-900 SPROCKET FINAL DRIVE,Marfuri,Marfuri gestiune 1 firma,3,BUC,173.5537,210,,EUR,21,Pinion spate
00448564,41201-LBA8-C10,41201-LBA8-C10 SPROCKET FINAL,Pe comanda,Marfuri gestiune 1 firma,0,BUC,0,0,,EUR,21,Pinion spate
00449344,41201-LCE6-E81,41201-LCE6-E81 SPROCKET DRIVE,Pe comanda,Marfuri gestiune 1 firma,0,BUC,0,0,,EUR,21,Pinion spate
00447840,41201-LEC8-E00,41201-LEC8-E00 SPROCKET FINAL DRIVEN,Pe comanda,Marfuri gestiune 1 firma,1,BUC,0,0,,EUR,21,Pinion spate
00450470,41201-LKH3-C00,41201-LKH3-C00 REAR SPROCKET FINAL DRIVEN 38T,Pe comanda,Marfuri gestiune 1 firma,0,BUC,11.44,13.61,,EUR,21,Pinion final 38d
00447008,41201-LKL5-E30,41201-LKL5-E30 SPROCKET DRIVE 36T,Pe comanda,Marfuri gestiune 1 firma,0,BUC,0,0,,EUR,21,Pinion spate
00446998,41201-LLB1-E00,41201-LLB1-E00 SPROCKET FINAL DIRVEN,Marfuri,Marfuri gestiune 1 firma,3,BUC,128.0992,155,,EUR,21,Pinion spate
00446962,41211-LBA7-900,41211-LBA7-900 HOLDER SPROCKET,Pe comanda,Marfuri gestiune 1 firma,0,BUC,0,0,,EUR,21,Flansa pinion spate
00449286,41211-LDF3-E00,41211-LDF3-E00 HOLDER SPROCKET,Pe comanda,Marfuri gestiune 1 firma,0,BUC,0,0,,EUR,21,
00448936,41211-LLB1-900,41211-LLB1-900 HOLDER SPROCKET,Pe comanda,Marfuri gestiune 1 firma,0,BUC,0,0,,EUR,21,
00447156,41241-3G07-011,41241-3G07-011 BUSH RR WHEEL,Pe comanda,Marfuri gestiune 1 firma,0,BUC,0,0,,EUR,21,
00445759,41241-KGC4-E01,41241-KGC4-E01 BUSH RR WHEEL DAMPER,Pe comanda,Marfuri gestiune 1 firma,1,BUC,0,0,,EUR,21,
00449350,41241-LCA3-E80,41241-LCA3-E80 DAMPER RR WHEEL,Pe comanda,Marfuri gestiune 1 firma,0,BUC,0,0,,EUR,21,
00450471,41241-LKH3-C00,41241-LKH3-C00 DAMPER RR WHEEL,Pe comanda,Marfuri gestiune 1 firma,0,BUC,3.21,3.82,,EUR,21,Tampoane roata spate
00449106,41243-3G07-011,41243-3G07-011 BUSH FR WHEEL DAMPER,Pe comanda,Marfuri gestiune 1 firma,0,BUC,0,0,,EUR,21,
00451212,41300-LDB5-E00,41300-LDB5-E00 GEAR ASSY RR FINAL,Pe comanda,Marfuri gestiune 1 firma,0,BUC,275.7,328.08,,EUR,21,Grup spate
00449434,41300-LFE9-E00,41300-LFE9-E00 REAR GEAR BOX,Pe comanda,Marfuri gestiune 1 firma,0,BUC,0,0,,EUR,21,
00448995,41310-LCD9-E00,41310-LCD9-E00 L SIDE CASE RR FINAL,Pe comanda,Marfuri gestiune 1 firma,0,BUC,0,0,,EUR,21,Capac grup
00446407,41310-LDB5-E00,41310-LDB5-E00 L SIDE CASE RR FINAL,Pe comanda,Marfuri gestiune 1 firma,0,BUC,0,0,,EUR,21,
00448206,41310-LFE9-E00,41310-LFE9-E00 L SIDE CASE RR FINAL,Pe comanda,Marfuri gestiune 1 firma,0,BUC,0,0,,EUR,21,
00446963,41405-LCD9-E00,41405-LCD9-E00 RING STOPPER,Pe comanda,Marfuri gestiune 1 firma,0,BUC,0,0,,EUR,21,
00445917,41405-LDB5-E00,41405-LDB5-E00 RING STOPPER,Pe comanda,Marfuri gestiune 1 firma,1,BUC,0,0,,EUR,21,
00448207,41405-LEE8-E00,41405-LEE8-E00 RING SET PISTON,Pe comanda,Marfuri gestiune 1 firma,0,BUC,0,0,,EUR,21,
00447790,41421-LCD9-E00,41421-LCD9-E00 GEAR PINION,Pe comanda,Marfuri gestiune 1 firma,1,BUC,0,0,,EUR,21,
00445968,41421-LDB5-E00,41421-LDB5-E00 GEAR PINION,Pe comanda,Marfuri gestiune 1 firma,3,BUC,371.0744,449,,EUR,21,Pinion cardan
00448208,41421-LEE8-E00,41421-LEE8-E00 GEAR PINION,Pe comanda,Marfuri gestiune 1 firma,0,BUC,0,0,,EUR,21,
00447749,41431-LCD9-E00,41431-LCD9-E00 GEAR PING,Pe comanda,Marfuri gestiune 1 firma,0,BUC,0,0,,EUR,21,
00446471,41431-LCD9-E01,41431-LCD9-E01 GEAR RING,Pe comanda,Marfuri gestiune 1 firma,0,BUC,648.7603,785,,EUR,21,Pinion angrenare ax
00448409,41431-LCD9-E01,41431-LCD9-E01 MV3191 SPROCKET,Pe comanda,Marfuri gestiune 1 firma,2,BUC,0,0,,EUR,21,
00448737,41431-LDB5-E00,41431-LDB5-E00 GEAR RING,Pe comanda,Marfuri gestiune 1 firma,0,BUC,552.0661,668,,EUR,21,Pinion ax - cardan
00448201,41447-LCD9-E00-A,41447-LCD9-E00-A SHIM PINION GEAR 2.03MM,Pe comanda,Marfuri gestiune 1 firma,1,BUC,0,0,,EUR,21,
00445918,41447-LDB5-E00,41447-LDB5-E00 SHIM PINION GEAR 2 MM,Pe comanda,Marfuri gestiune 1 firma,1,BUC,0,0,,EUR,21,
00449364,41447-LDB5-E00-A,41447-LDB5-E00-A SHIM PINION GEAR 2.05MM,Pe comanda,Marfuri gestiune 1 firma,1,BUC,0,0,,EUR,21,
00449363,41447-LDB5-E00-B,41447-LDB5-E00-B SHIM PINION GEAR 2MM,Pe comanda,Marfuri gestiune 1 firma,1,BUC,0,0,,EUR,21,
00449365,41447-LDB5-E00-C,41447-LDB5-E00-C SGIM PINION GEAR 1.95MM,Pe comanda,Marfuri gestiune 1 firma,1,BUC,0,0,,EUR,21,
00448209,41458-LEE8-E00-A,41458-LEE8-E00-A SHIM B RING GEAR,Pe comanda,Marfuri gestiune 1 firma,0,BUC,0,0,,EUR,21,
00448210,41458-LEE8-E0A-B,41458-LEE8-E0A-B SHIM B RING GEAR,Pe comanda,Marfuri gestiune 1 firma,0,BUC,0,0,,EUR,21,
00448211,41458-LEE8-E0A-C,41458-LEE8-E0A-C SHIM B RING GEAR,Pe comanda,Marfuri gestiune 1 firma,0,BUC,0,0,,EUR,21,
00446225,41547-LCD9-E00-A,41547-LCD9-E00-A SHIM RING GEAR 1.53MM,Pe comanda,Marfuri gestiune 1 firma,2,BUC,0,0,,EUR,21,
00446226,41547-LCD9-E00-B,41547-LCD9-E00-B SHIM RING GEAR 1.5MM,Pe comanda,Marfuri gestiune 1 firma,2,BUC,0,0,,EUR,21,
00446227,41547-LCD9-E00-C,41547-LCD9-E00-C SHIM RING GEAR 1.47 MM,Pe comanda,Marfuri gestiune 1 firma,2,BUC,0,0,,EUR,21,
00448426,41547-LEE8-E00,41547-LEE8-E00 O RING,Pe comanda,Marfuri gestiune 1 firma,1,BUC,0,0,,EUR,21,
00446047,42200-LEE8-E00,42200-LEE8-E00 CVJ ASSY RR R,Pe comanda,Marfuri gestiune 1 firma,1,BUC,0,0,,EUR,21,
00449464,42200-LFE9-E00,42200-LFE9-E00 HALF SHAT REAR RH,Pe comanda,Marfuri gestiune 1 firma,0,BUC,0,0,,EUR,21,
00451129,42200-LGC3-900,42200-LGC3-900 HALFSHAFT REAR,Pe comanda,Marfuri gestiune 1 firma,0,BUC,222.06,264.25,,EUR,21,Planetara spate
00451040,42200-PWB1-800-MV7790,42200-PWB1-800-MV7790 HALF SHAFT REAR,Pe comanda,Marfuri gestiune 1 firma,0,BUC,222.58,264.87,,EUR,21,Planetara spate
00449508,42209-LEE8-305,42209-LEE8-305 DIF SIDE BOOT SERVICE KIT,Pe comanda,Marfuri gestiune 1 firma,0,BUC,0,0,,EUR,21,
00449107,42209-PWB1-305,42209-PWB1-305 DIFF SIDE BOOT SERVICE KIT,Pe comanda,Marfuri gestiune 1 firma,0,BUC,0,0,,EUR,21,
00445760,42301-KGC4-E00,42301-KGC4-E00 AXLE REAR WHEEL,Pe comanda,Marfuri gestiune 1 firma,1,BUC,0,0,,EUR,21,
00451555,42301-LGC6-E00,42301-LGC6-E00 AXLE RR WHEEL AKK550,Pe comanda,Marfuri gestiune 1 firma,0,BUC,293.3884,355,,EUR,21,AX ROATA SPATE
00450821,42301-LLB1-900,42301-LLB1-900 REAR WHEEL FORK BOLT,Pe comanda,Marfuri gestiune 1 firma,0,BUC,6.97,8.29,,EUR,21,Surub furca spate
00450159,42302-ADC6-E00,42302-ADC6-E00 AXLE SHAFT RR,Pe comanda,Marfuri gestiune 1 firma,0,BUC,1210.7438,1465,,EUR,21,Ax spate
00449212,42302-LBA7-900,42302-LBA7-900 SHAFT REAR WHEEL,Pe comanda,Marfuri gestiune 1 firma,1,BUC,0,0,,EUR,21,Ax spate
00446714,42302-LCA5-E00,42302-LCA5-E00 SHAFT REAR WHEEL,Pe comanda,Marfuri gestiune 1 firma,1,BUC,0,0,,EUR,21,Ax spate
00448161,42302-LDB1-700,42302-LDB1-700 SHAFT REAR WHEEL,Pe comanda,Marfuri gestiune 1 firma,0,BUC,0,0,,EUR,21,Ax spate
00445360,42302-LDB5-E01,42302-LDB5-E01 SHAFT ASSY RR SHAFT,Pe comanda,Marfuri gestiune 1 firma,2,BUC,700.8264,848,,EUR,21,Ax spate
00448663,42302-LDE1-E03,42302-LDE1-E03 SHAFT RR WHEEL,Pe comanda,Marfuri gestiune 1 firma,0,BUC,0,0,,EUR,21,
00445896,42302-LDE9-E01,42302-LDE9-E01 AXLE RR WHELL,Pe comanda,Marfuri gestiune 1 firma,0,BUC,0,0,,EUR,21,Ax spate
00446477,42302-LDE9-E03,42302-LDE9-E03 SHAFT RR WHEEL,Pe comanda,Marfuri gestiune 1 firma,1,BUC,842.9752,1020,,EUR,21,Ax spate
00448840,42302-LDE9-E0B,42302-LDE9-E0B SHAFT RR WHEEL,Pe comanda,Marfuri gestiune 1 firma,1,BUC,0,0,,EUR,21,Ax spate
00446577,42302-LDF3-E00,42302-LDF3-E00 AXLE SHAFT RR,Pe comanda,Marfuri gestiune 1 firma,0,BUC,0,0,,EUR,21,Ax spate
00451397,42302-LEC1-700,42302-LEC1-700 AXLE SHAFT RR,Pe comanda,Marfuri gestiune 1 firma,0,BUC,112.61,136.26,,EUR,21,Ax spate
00448221,42302-LLB1-900,42302-LLB1-900 SHAFT REAR WHEEL,Pe comanda,Marfuri gestiune 1 firma,0,BUC,0,0,,EUR,21,Ax spate
00451413,42303-LDB5-E00,42303-LDB5-E00 STOPPER RR SHAFT,Pe comanda,Marfuri gestiune 1 firma,1,BUC,45.4545,55,,EUR,21,Stoper
00445187,42311-KHE7-E00,42311-KHE7-E00 COLLAR RR AXLE A,Pe comanda,Marfuri gestiune 1 firma,1,BUC,0,0,,EUR,21,
00448565,42311-LBA7-900,42311-LBA7-900 COLLAR RR HUB,Pe comanda,Marfuri gestiune 1 firma,0,BUC,0,0,,EUR,21,
00445188,42312-KHE7-E00,42312-KHE7-E00 COLLAR RR AXLE SIDE,Pe comanda,Marfuri gestiune 1 firma,1,BUC,0,0,,EUR,21,
00446482,42312-LDB1-700,42312-LDB1-700 COLLAR RR SIDE,Pe comanda,Marfuri gestiune 1 firma,1,BUC,0,0,,EUR,21,
00446180,42408-LDB5-E00,42408-LDB5-E00 SEAL OIL OUTPUT,Pe comanda,Marfuri gestiune 1 firma,4,BUC,0,0,,EUR,21,
00447305,42419-PWB1-900,42419-PWB1-900 ORING 15*2MM,Pe comanda,Marfuri gestiune 1 firma,1,BUC,0,0,,EUR,21,
00449528,42448-LFA5-900,42448-LFA5-900 SEAL 38*55*14,Pe comanda,Marfuri gestiune 1 firma,2,BUC,0,0,,EUR,21,
00449787,42453-LGC3-900,42453-LGC3-900 OILSEAL,Pe comanda,Marfuri gestiune 1 firma,0,BUC,0,0,,EUR,21,
00448135,42453-PWB1-900,42453-PWB1-900 SEAL 67X84X9,Pe comanda,Marfuri gestiune 1 firma,0,BUC,0,0,,EUR,21,
00450655,42456-LFA5-900,42456-LFA5-900 SHAFT INPUT ASSEMBLY,Pe comanda,Marfuri gestiune 1 firma,0,BUC,197.478991,234.99,,EUR,21,
00445761,42601-KGC4-E01,42601-KGC4-E01 HUB COMP RR WHEEL,Pe comanda,Marfuri gestiune 1 firma,1,BUC,0,0,,EUR,21,
00448149,42601-LFC3-E10-NEA,42601-LFC3-E10-NEA WHEEL ASSY FR,Pe comanda,Marfuri gestiune 1 firma,0,BUC,0,0,,EUR,21,
00445642,42610-LBA7-900-NJS,42610-LBA7-900-NJS HUB ASSY REAR,Pe comanda,Marfuri gestiune 1 firma,2,BUC,0,0,,EUR,21,Butuc (HUB) central axa spate
00450860,42610-LKC2-E00-NJS,42610-LKC2-E00-NJS HUB ASSY REAR,Pe comanda,Marfuri gestiune 1 firma,0,BUC,814.0496,985,,EUR,21,Butuc central
00449547,42611-LBD4-900,42611-LBD4-900 MV4378 HUB REAR,Pe comanda,Marfuri gestiune 1 firma,0,BUC,0,0,,EUR,21,
00447703,42612-LDB1-700,42612-LDB1-700 STAY RPM SENSOR,Pe comanda,Marfuri gestiune 1 firma,0,BUC,0,0,,EUR,21,
00445762,42620-KGC4-E01,42620-KGC4-E01 COLLAR REAR AXLE DISTANCE,Pe comanda,Marfuri gestiune 1 firma,1,BUC,0,0,,EUR,21,
00445763,42625-KGC4-E01,42625-KGC4-E01 COLLAR B RR AXLE DIST,Pe comanda,Marfuri gestiune 1 firma,1,BUC,0,0,,EUR,21,
00447406,42705-LCA5-E00-MAS,42705-LCA5-E00-MAS RIM COMP RR WHEEL,Pe comanda,Marfuri gestiune 1 firma,1,BUC,0,0,,EUR,21,
00447949,42705-LCA5-E00-NJS,42705-LCA5-E00-NJS RIM RR WHEEL,Pe comanda,Marfuri gestiune 1 firma,0,BUC,0,0,,EUR,21,
00449610,42705-LLB1-900-NJS,42705-LLB1-900-NJS RIM COMP RR WHEEL,Pe comanda,Marfuri gestiune 1 firma,1,BUC,0,0,,EUR,21,
00447122,4270A-LBA7-900,4270A-LBA7-900 CONNECTOR ASSY RR,Pe comanda,Marfuri gestiune 1 firma,0,BUC,0,0,,EUR,21,Butuc roata
00450516,4270A-LBD4-900,4270A-LBD4-900 CONNECTOR ASSY RR,Pe comanda,Marfuri gestiune 1 firma,0,BUC,12.32,14.66,,EUR,21,Butuc roata
00445592,4270A-LCA5-E00,4270A-LCA5-E00 CONECTOR ASSY,Pe comanda,Marfuri gestiune 1 firma,3,BUC,0,0,,EUR,21,Butuc roata
00449810,4270A-LCA5-E00-MV1642,4270A-LCA5-E00-MV1642 WHEEL HUB SUPPORT REAR,Pe comanda,Marfuri gestiune 1 firma,1,BUC,0,0,,EUR,21,
00446678,4270A-LDB5-E00,4270A-LDB5-E00 HUB ASSY RR WHEEL L,Pe comanda,Marfuri gestiune 1 firma,1,BUC,433.8843,525,,EUR,21,Butuc roata stanga
00451038,4270A-LFA5-E01,4270A-LFA5-E01 HUB ASSEMBLY,Pe comanda,Marfuri gestiune 1 firma,0,BUC,34.27,40.78,,EUR,21,Butuc roata
00448222,4270A-LLB1-900,4270A-LLB1-900 CONNECTOR ASSY RR WHEEL,Pe comanda,Marfuri gestiune 1 firma,0,BUC,0,0,,EUR,21,Butuc roata
00445593,42753-KNBN-90B,42753-KNBN-90B VALVE RIM,Pe comanda,Marfuri gestiune 1 firma,0,BUC,0,0,,EUR,21,
00445919,4280A-LDB5-E00,4280A-LDB5-E00 HUB ASSY R RR,Pe comanda,Marfuri gestiune 1 firma,0,BUC,271.9008,329,,EUR,21,Butuc roata dreapta
00448410,4280A-LDB5-E00,4280A-LDB5-E00 MV3638 WHEEL HUB REAR,Pe comanda,Marfuri gestiune 1 firma,1,BUC,0,0,,EUR,21,
00447437,43100-KGB5-900-R8A,43100-KGB5-900-R8A CALLIPER ASSY FR,Pe comanda,Marfuri gestiune 1 firma,0,BUC,0,0,,EUR,21,Etrier
00448000,43100-KKC4-900-NJA,43100-KKC4-900-NJA CALIPER ASSY,Pe comanda,Marfuri gestiune 1 firma,0,BUC,0,0,,EUR,21,Etrier
00446694,43100-LBA2-E00-HQA,43100-LBA2-E00-HQA CALIPER ASSY RR,Pe comanda,Marfuri gestiune 1 firma,0,BUC,0,0,,EUR,21,Etrier
00447415,43100-LBA7-900-NJA,43100-LBA7-900-NJA CALIPER ASSY FR,Pe comanda,Marfuri gestiune 1 firma,0,BUC,0,0,,EUR,21,Etrier
00448427,43100-LCA5-E00-NJA,43100-LCA5-E00-NJA CALIPER ASSY FR,Pe comanda,Marfuri gestiune 1 firma,1,BUC,0,0,,EUR,21,Etrier
00449139,43100-LDB5-305,43100-LDB5-305 LEVER ASSY ADJUSTABLE,Pe comanda,Marfuri gestiune 1 firma,0,BUC,0,0,,EUR,21,Etrier
00445361,43100-LDE9-E01-NJA,43100-LDE9-E01-NJA CALIPER ASSY RR,Pe comanda,Marfuri gestiune 1 firma,0,BUC,0,0,,EUR,21,Etrier
00445158,43100-LEC8-E00-HJA,43100-LEC8-E00-HJA CALIPER ASSY SPDMT,Pe comanda,Marfuri gestiune 1 firma,0,BUC,0,0,,EUR,21,Etrier
00445224,43100-LFC3-E10,43100-LFC3-E10 CALIPER ASSY RR,Pe comanda,Marfuri gestiune 1 firma,1,BUC,400.8264,485,,EUR,21,Etrier
00450387,43100-LFE9-E00-NJA,43100-LFE9-E00-NJA CALIPER ASSY RR BRK,Pe comanda,Marfuri gestiune 1 firma,0,BUC,111.97,133.24,,EUR,21,Etrier frana spate
00450220,43100-LGE5-C01-NEA,43100-LGE5-C01-NEA CALIPER ASSY REAR,Pe comanda,Marfuri gestiune 1 firma,0,BUC,98.93,117.73,,EUR,21,Etrier frana spate
00451354,43100-LGE7-E02-N8A,43100-LGE7-E02-N8A CALIPER ASSY RR,Pe comanda,Marfuri gestiune 1 firma,0,BUC,108.45,131.22,,EUR,21,Etrier - argintiu
00445936,43100-LLB1-800-NJA,43100-LLB1-800-NJA CALIPER ASSY RR,Pe comanda,Marfuri gestiune 1 firma,0,BUC,0,0,,EUR,21,Etrier
00445417,43105-KKC4-305,43105-KKC4-305 PAD COMP,Pe comanda,Marfuri gestiune 1 firma,5,BUC,0,0,,EUR,21,
00446366,43105-LBA2-305,43105-LBA2-305 PAD ASSY,Marfuri,Marfuri gestiune 1 firma,0,SET,109.0909,132,,EUR,21,Set placute frana
00446068,43105-LDH1-305,43105-LDH1-305 PAD COMP,Pe comanda,Marfuri gestiune 1 firma,4,BUC,0,0,,EUR,21,
00445850,43105-LEA7-305,43105-LEA7-305 PAD ASSY,Marfuri,Marfuri gestiune 1 firma,0,SET,0,0,,EUR,21,Set placute frana
00445897,43105-LEA7-306,43105-LEA7-306 PAD COMP,Pe comanda,Marfuri gestiune 1 firma,7,BUC,0,0,,EUR,21,
00446912,43105-LEE8-305,43105-LEE8-305 PAD ASSY,Pe comanda,Marfuri gestiune 1 firma,0,SET,0,0,,EUR,21,Set placute frana (spate) - etrier frana de parcare
00447230,43105-LFC4-305,43105-LFC4-305 PAD COMP A+B,Marfuri,Marfuri gestiune 1 firma,6,BUC,57.8512,70,,EUR,21,Set placute frana
00446913,43105-LFE9-305,43105-LFE9-305 PAD SET,Pe comanda,Marfuri gestiune 1 firma,2,BUC,0,0,,EUR,21,Set placute frana (spate) - etrier frana de serviciu
00445898,43105-LFH1-305,43105-LFH1-305 PAD ASSY(WITH PIN),Pe comanda,Marfuri gestiune 1 firma,1,BUC,0,0,,EUR,21,
00449867,43105-LGC6-305,43105-LGC6-305 PAD SET,Pe comanda,Marfuri gestiune 1 firma,1,SET,17.24,17.24,,EUR,21,Set placute frana spate
00451526,43105-LGE5-305,43105-LGE5-305 PAD SET,Pe comanda,Marfuri gestiune 1 firma,2,SET,103.3058,125,,EUR,21,Set placute
00449708,43105-LGE5-306,43105-LGE5-306 BRAKE PAD SET,Pe comanda,Marfuri gestiune 1 firma,0,SET,0,0,,EUR,21,Set placute frana
00450568,43105-LKF5-305,43105-LKF5-305 PAD SET,Pe comanda,Marfuri gestiune 1 firma,0,SET,17.83,21.22,,EUR,21,Set placute frana
00451048,43105-YZA6-305,43105-YZA6-305 FRONT BRAKE PADS SET,Pe comanda,Marfuri gestiune 1 firma,1,SET,53.719,65,,EUR,21,Set placute frana
00447768,43107-KKC4-900,43107-KKC4-900 PISTON,Pe comanda,Marfuri gestiune 1 firma,0,BUC,0,0,,EUR,21,
00451472,43107-LBA2-E00,43107-LBA2-E00 PISTON ASSY,Pe comanda,Marfuri gestiune 1 firma,1,BUC,74.3802,90,,EUR,21,Pistonas frana
00447800,43108-KKC4-900,43108-KKC4-900 SPRING PAD,Pe comanda,Marfuri gestiune 1 firma,1,BUC,0,0,,EUR,21,
00445969,43109-KKC4-900,43109-KKC4-900 DUST SEAL,Pe comanda,Marfuri gestiune 1 firma,4,BUC,0,0,,EUR,21,
00445970,43109-MCA3-007,43109-MCA3-007 DUST SEAL,Pe comanda,Marfuri gestiune 1 firma,2,BUC,20.6612,25,,EUR,21,Simering praf
00450628,43110-LBA2-E00-HQA,43110-LBA2-E00-HQA BRACKET,Pe comanda,Marfuri gestiune 1 firma,0,BUC,9.76,11.61,,EUR,21,Suport etrier
00449878,43110-LBA2-E00-NEA,43110-LBA2-E00-NEA BRACKET,Pe comanda,Marfuri gestiune 1 firma,0,BUC,8.72,10.38,,EUR,21,
00447769,43115-KKC4-900,43115-KKC4-900 COVER DUST,Pe comanda,Marfuri gestiune 1 firma,0,BUC,0,0,,EUR,21,
00447770,43120-KED9-305,43120-KED9-305 SHOE COMP BRAKE,Pe comanda,Marfuri gestiune 1 firma,0,BUC,0,0,,EUR,21,
00447058,43126-LDB1-700,43126-LDB1-700 HOSE ASSY RR BRAKE,Pe comanda,Marfuri gestiune 1 firma,0,BUC,0,0,,EUR,21,
00450507,43126-LLB1-E01,43126-LLB1-E01 HOSE ASSY RR BRAKE,Pe comanda,Marfuri gestiune 1 firma,0,BUC,39.32,46.79,,EUR,21,Furtun frana
00446568,43127-LFA5-E00,43127-LFA5-E00 HOSE BRAKE SECONDARY,Pe comanda,Marfuri gestiune 1 firma,0,BUC,0,0,,EUR,21,
00445920,4312A-KUDU-900,4312A-KUDU-900 SHOE COMP RR BRAKE,Marfuri,Marfuri gestiune 1 firma,1,SET,78.5124,95,,EUR,21,Set saboti
00446349,4312A-KXCX-900,4312A-KXCX-900 SHOE COMP BRAKE,Marfuri,Marfuri gestiune 1 firma,0,SET,80.9917,98,,EUR,21,Set saboti
00451353,4312A-KXCX-910,4312A-KXCX-910 SHOE ASSY BRAKE,Marfuri,Marfuri gestiune 1 firma,2,SET,8.52,10.31,,EUR,21,Set saboti frana
00450696,4312A-KXCX-C00,4312A-KXCX-C00 SHOE ASSY RR BRAKE,Marfuri,Marfuri gestiune 1 firma,1,SET,61.9835,75,,EUR,21,Set saboti frana
00446145,4312A-LAB4-90A,4312A-LAB4-90A SHOE COMP RR BRAKE,Pe comanda,Marfuri gestiune 1 firma,0,BUC,0,0,,EUR,21,
00449317,4312A-LAB4-90B,4312A-LAB4-90B SHOE COMP RR BRAKE,Pe comanda,Marfuri gestiune 1 firma,0,BUC,0,0,,EUR,21,
00446146,43150-KHE7-305,43150-KHE7-305 PAD COMP,Pe comanda,Marfuri gestiune 1 firma,1,BUC,0,0,,EUR,21,
00447059,43150-KXCX-900,43150-KXCX-900 SHOE COMP BRAKE,Pe comanda,Marfuri gestiune 1 firma,1,BUC,0,0,,EUR,21,
00447717,43150-LEA5-306,43150-LEA5-306 PAD COMP,Pe comanda,Marfuri gestiune 1 firma,0,BUC,0,0,,EUR,21,
00450842,43156-KKC4-900,43156-KKC4-900 CLAMPER HOSE RR,Pe comanda,Marfuri gestiune 1 firma,0,BUC,0.29,0.35,,EUR,21,Clema furtun
00451630,43200-ALJ9-E15-NJA,43200-ALJ9-E15-NJA CALIPER ASSY REAR BRAKE,Pe comanda,Marfuri gestiune 1 firma,0,BUC,318.1818,385,,EUR,21,Etrier spate
00445225,43200-LDE9-E00-NJA,43200-LDE9-E00-NJA CALIPER ASSY RR,Pe comanda,Marfuri gestiune 1 firma,0,BUC,0,0,,EUR,21,
00447644,43200-LDH1-E00-NJA,43200-LDH1-E00-NJA CALIPER ASSY RR RH,Pe comanda,Marfuri gestiune 1 firma,0,BUC,0,0,,EUR,21,
00450388,43200-LFE9-E00-NJA,43200-LFE9-E00-NJA CALIPER ASSY RR BRK,Pe comanda,Marfuri gestiune 1 firma,0,BUC,99.37,118.25,,EUR,21,Etrier frana spate
00445971,43209-KKC4-900,43209-KKC4-900 SEAL PNION,Pe comanda,Marfuri gestiune 1 firma,2,BUC,0,0,,EUR,21,Garnitura etrier
00445972,43209-MCA3-007,43209-MCA3-007 SEAL PINION,Pe comanda,Marfuri gestiune 1 firma,4,BUC,0,0,,EUR,21,
00446590,43210-LLB1-305,43210-LLB1-305 BRACKET RR,Pe comanda,Marfuri gestiune 1 firma,0,BUC,0,0,,EUR,21,
00446695,43350-LBA7-900,43350-LBA7-900 BRACKET BRAKE DISK,Pe comanda,Marfuri gestiune 1 firma,0,BUC,0,0,,EUR,21,
00450586,43350-LDF3-E00,43350-LDF3-E00 HUB BRK DISK,Pe comanda,Marfuri gestiune 1 firma,0,BUC,29.37,34.95,,EUR,21,Suport disc
00446484,43350-LLB1-800,43350-LLB1-800 BRACKET BRAKE DISK,Pe comanda,Marfuri gestiune 1 firma,1,BUC,0,0,,EUR,21,
00450027,43351-ABD2-C00,43351-ABD2-C00 DISK RR BRK,Pe comanda,Marfuri gestiune 1 firma,0,BUC,38.99,46.4,,EUR,21,Disc frana
00446618,43351-KEBE-900,43351-KEBE-900 DISK FR BRAKE,Pe comanda,Marfuri gestiune 1 firma,0,BUC,0,0,,EUR,21,Disc frana
00446662,43351-KHE7-E00-N1S,43351-KHE7-E00-N1S DISK RR BRAKE,Pe comanda,Marfuri gestiune 1 firma,4,BUC,0,0,,EUR,21,Disc frana
00447926,43351-LBA2-E00,43351-LBA2-E00 DISK RR WHEEL,Pe comanda,Marfuri gestiune 1 firma,1,BUC,0,0,,EUR,21,Disc frana
00447407,43351-LBA7-900,43351-LBA7-900 DISK RR BRAKE,Pe comanda,Marfuri gestiune 1 firma,1,BUC,0,0,,EUR,21,Disc frana
00446679,43351-LDB5-E00,43351-LDB5-E00 DISK FR BRAKE R,Pe comanda,Marfuri gestiune 1 firma,0,BUC,227.2727,275,,EUR,21,Disc frana
00449885,43351-LDG7-E03,43351-LDG7-E03 BRAKE DISK,Pe comanda,Marfuri gestiune 1 firma,0,BUC,0,0,,EUR,21,Disc frana
00449842,43351-LDG7-E03-FS9,43351-LDG7-E03-FS9 BRAKE DISK,Pe comanda,Marfuri gestiune 1 firma,1,BUC,0,0,,EUR,21,Disc frana
00448179,43351-LEA7-E00,43351-LEA7-E00 DISK REAR BRAKE,Pe comanda,Marfuri gestiune 1 firma,0,BUC,0,0,,EUR,21,Disc frana
00447461,43351-LEA7-E01,43351-LEA7-E01 DISK REAR BRAKE,Pe comanda,Marfuri gestiune 1 firma,1,BUC,0,0,,EUR,21,Disc frana
00449435,43351-LEE8-E00,43351-LEE8-E00 DISK RR BRAKE,Pe comanda,Marfuri gestiune 1 firma,0,BUC,236.3636,286,,EUR,21,Disc frana
00447625,43351-LFB5-900,43351-LFB5-900 DISK REAR BRAKE,Pe comanda,Marfuri gestiune 1 firma,0,BUC,241.3223,292,,EUR,21,Disc frana spate
00445447,43351-LFC3-E80,43351-LFC3-E80 DISK REAR BRAKE,Pe comanda,Marfuri gestiune 1 firma,2,BUC,0,0,,EUR,21,Disc frana
00451102,43351-LFD6-E82,43351-LFD6-E82 DISK REAR BRAKE,Pe comanda,Marfuri gestiune 1 firma,0,BUC,18.02,21.44,,EUR,21,Disc de frana spate
00450551,43351-LGC6-E01,43351-LGC6-E01 DISK RR BRAKE,Pe comanda,Marfuri gestiune 1 firma,0,BUC,52.72,62.74,,EUR,21,Disc frana spate
00451270,43351-LKG7-E00,43351-LKG7-E00 DISK REAR BRAKE,Pe comanda,Marfuri gestiune 1 firma,0,BUC,43.6,51.88,,EUR,21,Disc frana spate
00451116,43351-YZA6-EZ5,43351-YZA6-EZ5 REAR BRAKE DISC,Pe comanda,Marfuri gestiune 1 firma,0,BUC,121.4876,147,,EUR,21,Disc frana spate
00450863,43352-5H68-004,43352-5H68-004 SCREW BLEEDER,Pe comanda,Marfuri gestiune 1 firma,0,BUC,1.32,1.57,,EUR,21,Surub aerisire
00447735,43353-LBA7-900,43353-LBA7-900 COLLAR RR CALIPER,Pe comanda,Marfuri gestiune 1 firma,0,BUC,0,0,,EUR,21,
00446663,4335A-LBA7-900,4335A-LBA7-900 BRACKET ASSY RR CAKIPER,Pe comanda,Marfuri gestiune 1 firma,0,BUC,0,0,,EUR,21,
00446964,43410-LBA8-C10,43410-LBA8-C10 ARM REAR BRAKE,Pe comanda,Marfuri gestiune 1 firma,0,BUC,0,0,,EUR,21,
00448753,43416-KKC4-900,43416-KKC4-900 GUARD RR CALIPER,Pe comanda,Marfuri gestiune 1 firma,0,BUC,0,0,,EUR,21,
00448986,43421-LCD9-E00,43421-LCD9-E00 GEAR PINION,Pe comanda,Marfuri gestiune 1 firma,0,BUC,0,0,,EUR,21,
00451417,43450-AAF1-E60,43450-AAF1-E60 CABLE COMP RR BRK,Pe comanda,Marfuri gestiune 1 firma,0,BUC,53.719,65,,EUR,21,Cablu frana spate
00446382,43450-KEC2-800,43450-KEC2-800 CABLE CMP RR BRAKE,Pe comanda,Marfuri gestiune 1 firma,1,BUC,0,0,,EUR,21,Cablu frana
00446518,43450-KFA5-900,43450-KFA5-900 CABLE COMP RR BRAKE,Pe comanda,Marfuri gestiune 1 firma,1,BUC,0,0,,EUR,21,Cablu frana
00449489,43450-KHB4-900,43450-KHB4-900 CABLE COMP RR BRAKE,Pe comanda,Marfuri gestiune 1 firma,0,BUC,0,0,,EUR,21,Cablu frana
00450618,43450-LBA2-E00,43450-LBA2-E00 CABLE RR HAND BRAKE,Pe comanda,Marfuri gestiune 1 firma,0,BUC,9.64,11.47,,EUR,21,Cablu frana de mana
00445921,43450-LCA4-E00,43450-LCA4-E00 CABLE COMP RR BRAKE,Pe comanda,Marfuri gestiune 1 firma,5,BUC,0,0,,EUR,21,Cablu frana
00449252,43450-LCD2-E10,43450-LCD2-E10 CABLE COMP RR BRAKE,Pe comanda,Marfuri gestiune 1 firma,0,BUC,51.2397,62,,EUR,21,Cablu frana
00447491,43450-LCD3-E00,43450-LCD3-E00 CABLE COMP RR BRAKE,Pe comanda,Marfuri gestiune 1 firma,0,BUC,0,0,,EUR,21,Cablu frana
00450645,43450-LDA5-E00-MA0261,43450-LDA5-E00-MA0261 BRAKE CABLE,Pe comanda,Marfuri gestiune 1 firma,0,BUC,27.88,33.18,,EUR,21,Cablu frana
00446319,43450-LDB5-E00,43450-LDB5-E00 CABLE PARKING BRAKE,Pe comanda,Marfuri gestiune 1 firma,1,BUC,0,0,,EUR,21,Cablu frana parcare
00446147,43450-LDC8-C00,43450-LDC8-C00 CABLE COMP RR BRAKE,Marfuri,Marfuri gestiune 1 firma,2,BUC,0,0,,EUR,21,Cablu frana
00449024,43450-LDE9-E00,43450-LDE9-E00 CABLE PARKING BRAKE,Pe comanda,Marfuri gestiune 1 firma,0,BUC,0,0,,EUR,21,Cablu frana parcare
00446999,43450-LDF7-E10,43450-LDF7-E10 CABLE COMP RR BRAKE,Pe comanda,Marfuri gestiune 1 firma,0,BUC,66.109,79.99,,EUR,21,Cablu frana
00449634,43450-LEC1-E00,43450-LEC1-E00 CABLE PARKING BRAKE,Pe comanda,Marfuri gestiune 1 firma,0,BUC,0,0,,EUR,21,Cablu frana parcare
00448247,43450-LFA5-E00,43450-LFA5-E00 CABLE PARKING BRAKE,Pe comanda,Marfuri gestiune 1 firma,1,BUC,0,0,,EUR,21,Cablu frana parcare
00449108,43450-LFE9-E00,43450-LFE9-E00 CABLE PARKING BRAKE,Pe comanda,Marfuri gestiune 1 firma,0,BUC,0,0,,EUR,21,Cablu frana parcare
00448910,43450-LHM2-E00,43450-LHM2-E00 CABLE PARKING BRAKE,Pe comanda,Marfuri gestiune 1 firma,0,BUC,0,0,,EUR,21,Cablu frana parcare
00446696,43450-LLB1-E01,43450-LLB1-E01 CABLE COMP RR BRAKE,Pe comanda,Marfuri gestiune 1 firma,3,BUC,0,0,,EUR,21,Cablu frana spate
00448534,4345A-KXCX-901,4345A-KXCX-901 CABLE ASSY RR BRK,Pe comanda,Marfuri gestiune 1 firma,0,BUC,0,0,,EUR,21,
00449913,43500-LBA7-E00,43500-LBA7-E00 MASTER CYLINDER,Pe comanda,Marfuri gestiune 1 firma,2,BUC,0,0,,EUR,21,
00450658,43500-LDB5-E00,43500-LDB5-E00 MASTER CYLINDER ASSY RR,Pe comanda,Marfuri gestiune 1 firma,0,BUC,40,47.6,,EUR,21,Pompa de frana
00447718,43500-LEE8-E00,43500-LEE8-E00 MASTER CYLNDER,Pe comanda,Marfuri gestiune 1 firma,0,BUC,0,0,,EUR,21,
00449900,43500-LFA5-305,43500-LFA5-305 CYLINDER MASTER,Pe comanda,Marfuri gestiune 1 firma,1,BUC,84.94,101.08,,EUR,21,Pompa frana
00450034,43500-LFA5-E00,43500-LFA5-E00 CYLINDER MASTER,Pe comanda,Marfuri gestiune 1 firma,0,BUC,0,0,,EUR,21,
00448344,43500-LFC3-E10,43500-LFC3-E10 M C ASSY RR BRK,Pe comanda,Marfuri gestiune 1 firma,0,BUC,0,0,,EUR,21,
00451631,43500-LFC3-E10-M3A,43500-LFC3-E10-M3A M/C ASSY RR BRAKE,Pe comanda,Marfuri gestiune 1 firma,0,BUC,330.5785,400,,EUR,21,Pompa frana cu levier
00450179,43500-LGR5-E10,43500-LGR5-E10 SUB HARNESS SET RR M/C,Pe comanda,Marfuri gestiune 1 firma,0,BUC,32.69,38.9,,EUR,21,Set levier cu pompa frana
00449132,43530-KEBE-305,43530-KEBE-305 CYLINDER SET MASTER,Pe comanda,Marfuri gestiune 1 firma,0,BUC,0,0,,EUR,21,
00446228,43530-KHD8-305,43530-KHD8-305 CYLN SET RR MASTER,Pe comanda,Marfuri gestiune 1 firma,1,BUC,0,0,,EUR,21,
00449706,43530-KKC4-305,43530-KKC4-305 MA0667 MAIN BRAKE CYLINDER REAR,Pe comanda,Marfuri gestiune 1 firma,0,BUC,0,0,,EUR,21,
00448754,43530-LBA2-306,43530-LBA2-306 CYLINDER SET RR MASTER,Pe comanda,Marfuri gestiune 1 firma,0,BUC,0,0,,EUR,21,
00447060,43530-PVA2-305,43530-PVA2-305 CYLINDER SET MASTER,Pe comanda,Marfuri gestiune 1 firma,0,BUC,0,0,,EUR,21,
00447734,43850-LBA7-900,43850-LBA7-900 BRACKET BRAKE DISCK,Pe comanda,Marfuri gestiune 1 firma,1,BUC,0,0,,EUR,21,
00449936,44200-ALC1-E00,44200-ALC1-E00 HALF SHAFT,Pe comanda,Marfuri gestiune 1 firma,1,BUC,0,0,,EUR,21,
00445542,44200-LDB5-E00,44200-LDB5-E00 CVJ ASSY,Pe comanda,Marfuri gestiune 1 firma,0,BUC,0,0,,EUR,21,Planetara fata
00449436,44200-LFE9-E00,44200-LFE9-E00 HALF SHAFT FRONT RH,Pe comanda,Marfuri gestiune 1 firma,0,BUC,0,0,,EUR,21,
00449391,44201-LDB5-305,44201-LDB5-305 WHEEL SIDE JOINT,Pe comanda,Marfuri gestiune 1 firma,0,BUC,0,0,,EUR,21,
00446830,44207-LDB5-305,44207-LDB5-305 WHEEL SIDE BOOT SERVICE,Pe comanda,Marfuri gestiune 1 firma,1,BUC,0,0,,EUR,21,Kit reparatie burduf planetara - partea cu roata
00448029,44208-ALC1-305,44208-ALC1-305 WHEEL SIDE BOOT SERVICE,Pe comanda,Marfuri gestiune 1 firma,0,BUC,0,0,,EUR,21,
00449907,44208-LDB5-305,44208-LDB5-305 DIFF SIDE BOOT SERVICE KIT,Pe comanda,Marfuri gestiune 1 firma,1,BUC,22.55,22.55,,EUR,21,Kit reparatie burduf planetara - partea cu diferentialul
00447264,44208-PWB1-305,44208-PWB1-305 WHEEL SIDE BOOT,Pe comanda,Marfuri gestiune 1 firma,0,BUC,0,0,,EUR,21,
00448030,44209-ALC1-305,44209-ALC1-305 WHEEL SIDE BOOT SERVICE,Pe comanda,Marfuri gestiune 1 firma,0,BUC,0,0,,EUR,21,
00449437,44250-LFE9-E00,44250-LFE9-E00 HALF SHAFT FRONT LH,Pe comanda,Marfuri gestiune 1 firma,0,BUC,0,0,,EUR,21,
00448551,44301-KXCX-900,44301-KXCX-900 AXLE FR WHEEL,Pe comanda,Marfuri gestiune 1 firma,1,BUC,0,0,,EUR,21,
00447856,44301-LEA7-E00,44301-LEA7-E00 AXLE FR WHEEL,Pe comanda,Marfuri gestiune 1 firma,0,BUC,0,0,,EUR,21,
00451091,44301-YZA6-E00,44301-YZA6-E00 FRONT AXLE,Pe comanda,Marfuri gestiune 1 firma,0,BUC,3,3.57,,EUR,21,Axa fata
00446880,44311-0F46-001,44311-0F46-001 COLLAR FR WHEEL SIDE,Pe comanda,Marfuri gestiune 1 firma,0,BUC,0,0,,EUR,21,
00450797,44311-GLW0-W10,44311-GLW0-W10 COLLAR FR WHEEL SIDE,Pe comanda,Marfuri gestiune 1 firma,0,BUC,12.605042,15,,EUR,21,
00449745,44311-KEBE-C00,44311-KEBE-C00 COLLAR FR WHEEL SIDE,Pe comanda,Marfuri gestiune 1 firma,0,BUC,0,0,,EUR,21,
00451291,44311-LBA7-900,44311-LBA7-900 COLLAR FR WHEEL SIDE A,Pe comanda,Marfuri gestiune 1 firma,0,BUC,1.5,1.79,,EUR,21,Distantier A roata fata
00449746,44311-LLB1-900,44311-LLB1-900 COLLAR FR WHEEL SIDE,Pe comanda,Marfuri gestiune 1 firma,0,BUC,0,0,,EUR,21,
00451292,44312-LBA7-900,44312-LBA7-900 COLLAR FR WHEEL SIDE Β,Pe comanda,Marfuri gestiune 1 firma,0,BUC,1.83,2.18,,EUR,21,Distantier B roata fata
00450381,44312-LEA7-E00,44312-LEA7-E00 COLLAR FR WHEEL SIDE,Pe comanda,Marfuri gestiune 1 firma,0,BUC,3.7,4.4,,EUR,21,
00451293,44313-LBA7-900,44313-LBA7-900 COLLAR FR WHEEL,Pe comanda,Marfuri gestiune 1 firma,0,BUC,2.16,2.57,,EUR,21,Distantier roata fata
00446597,4460A-LCA4-E00,4460A-LCA4-E00 HUBB ASSY FR,Pe comanda,Marfuri gestiune 1 firma,0,BUC,0,0,,EUR,21,Butuc roata
00447551,4460A-LLB1-900-N1S,4460A-LLB1-900-N1S HUB ASSY FR,Pe comanda,Marfuri gestiune 1 firma,0,BUC,0,0,,EUR,21,Butuc roata
00450953,44620-KEB7-C00,44620-KEB7-C00 COLLAR FR DISC,Pe comanda,Marfuri gestiune 1 firma,0,BUC,1.25,1.49,,EUR,21,Distantier
00450793,44620-KEB7-E00,44620-KEB7-E00 COLLAR FR DISK,Pe comanda,Marfuri gestiune 1 firma,0,BUC,1.75,2.08,,EUR,21,Distantier
00450879,44620-KFLF-930,44620-KFLF-930 COLLAR FR DIST,Pe comanda,Marfuri gestiune 1 firma,0,BUC,1.99,2.37,,EUR,21,Distantier roata
00449747,44620-KHD8-C00,44620-KHD8-C00 COLLAR FR AXLE DISTANCE,Pe comanda,Marfuri gestiune 1 firma,0,BUC,0,0,,EUR,21,
00446715,44620-LBA7-900,44620-LBA7-900 COLLAR SWING ARM,Pe comanda,Marfuri gestiune 1 firma,8,BUC,23.1405,28,,EUR,21,Bucsa bascula
00448764,44620-LLB1-900,44620-LLB1-900 COLLAR FR DUST,Pe comanda,Marfuri gestiune 1 firma,0,BUC,0,0,,EUR,21,
00450660,44620-PWA2-900,44620-PWA2-900 COLLAR SWING ARM,Pe comanda,Marfuri gestiune 1 firma,0,BUC,2.3925,2.85,,EUR,21,Bucsa brat
00448156,44680-4L10-001,44680-4L10-001 RETAINER GEAR BOX,Pe comanda,Marfuri gestiune 1 firma,0,BUC,0,0,,EUR,21,
00448598,44705-LCA5-E00-MAS,44705-LCA5-E00-MAS RIM COMP FR WHEEL,Pe comanda,Marfuri gestiune 1 firma,0,BUC,0,0,,EUR,21,
00447009,44705-LCA5-E00-NJS,44705-LCA5-E00-NJS RIM FR WHEEK,Pe comanda,Marfuri gestiune 1 firma,0,BUC,0,0,,EUR,21,
00449509,4470A-LBA7-305,4470A-LBA7-305 CONNECTOR ASSY FR WHEEL,Pe comanda,Marfuri gestiune 1 firma,0,BUC,0,0,,EUR,21,
00448223,4470A-LCA5-E00,4470A-LCA5-E00 CONNECTOR ASSY FR WHEEL,Pe comanda,Marfuri gestiune 1 firma,0,BUC,0,0,,EUR,21,
00450213,4470A-LDB5-E00,4470A-LDB5-E00 HUB ASSY FR WHEEL,Pe comanda,Marfuri gestiune 1 firma,1,BUC,47.18,56.14,,EUR,21,Butuc roata fata
00450487,4470A-LFA5-E01,4470A-LFA5-E01 HUB ASSEMBLY,Pe comanda,Marfuri gestiune 1 firma,0,BUC,348.739495,415,,EUR,21,
00446245,44800-KEC8-800,44800-KEC8-800 GEAR BOX ASSY SPD,Pe comanda,Marfuri gestiune 1 firma,0,BUC,0,0,,EUR,21,Melc km.
00451205,44800-KEC8-900,44800-KEC8-900 GEAR BOX ASSY SPDMT,Pe comanda,Marfuri gestiune 1 firma,0,BUC,11.36,13.52,,EUR,21,Melc km.
00446069,44800-KEC8-C00,44800-KEC8-C00 GEAR BOX ASSY SPD,Pe comanda,Marfuri gestiune 1 firma,2,BUC,0,0,,EUR,21,Melc km.
00451024,44800-KECE-900,44800-KECE-900 GEAR BOX ASSY,Pe comanda,Marfuri gestiune 1 firma,0,BUC,14.68,17.47,,EUR,21,Melc km.
00445643,44800-KFA5-900,44800-KFA5-900 GEAR BOX ASSY,Pe comanda,Marfuri gestiune 1 firma,5,BUC,0,0,,EUR,21,Melc km.
00445159,44800-KFA6-900,44800-KFA6-900 GEAR BOX ASSY SPDMT,Pe comanda,Marfuri gestiune 1 firma,11,BUC,0,0,,EUR,21,Melc km.
00448041,44800-KGD4-C00,44800-KGD4-C00 GEAR BOX ASSY,Pe comanda,Marfuri gestiune 1 firma,0,BUC,0,0,,EUR,21,Melc km.
00450697,44800-KGM7-97A-MA8128,44800-KGM7-97A-MA8128 GEAR BOX ASSY SPDMT,Pe comanda,Marfuri gestiune 1 firma,0,BUC,19.58,23.3,,EUR,21,Melc km
00445594,44800-KKAK-900,44800-KKAK-900 GEAR BOX ASSY SPEEDOMETER,Pe comanda,Marfuri gestiune 1 firma,1,BUC,0,0,,EUR,21,Melc km.
00447536,44800-LDC8-E10,44800-LDC8-E10 GEAR BOX ASSY SPDMT,Pe comanda,Marfuri gestiune 1 firma,1,BUC,0,0,,EUR,21,Melc km.
00450966,44800-LEA5-E00,44800-LEA5-E00 GEAR BOX ASSY,Pe comanda,Marfuri gestiune 1 firma,0,BUC,13.49,16.05,,EUR,21,Melc km
00449109,44800-LKD1-E00,44800-LKD1-E00 GEAR BOX ASSY SPDMT,Pe comanda,Marfuri gestiune 1 firma,3,BUC,0,0,,EUR,21,Melc km.
00447280,44800-LKD1-E10,44800-LKD1-E10 GEAR BOX ASSY SPDMT,Pe comanda,Marfuri gestiune 1 firma,1,BUC,68.595,83,,EUR,21,Melc km.
00450947,44800-LLJ3-E00,44800-LLJ3-E00 GEAR BOX ASSY SPDMT,Pe comanda,Marfuri gestiune 1 firma,0,BUC,16.17,19.24,,EUR,21,Melc km.
00451369,44800-YZA6-EZ5,44800-YZA6-EZ5 CARRIER AS GEAR,Pe comanda,Marfuri gestiune 1 firma,0,BUC,17,20.57,,EUR,21,Melc kilometraj
00451218,44830-AAC7-E60,44830-AAC7-E60 CABLE COMP SPDMT,Pe comanda,Marfuri gestiune 1 firma,0,BUC,45.4545,55,,EUR,21,Cablu vitezometru
00445899,44830-KEBE-900,44830-KEBE-900 CABLE COMP SPD,Pe comanda,Marfuri gestiune 1 firma,3,BUC,0,0,,EUR,21,Cablu km.
00445851,44830-KEC8-900,44830-KEC8-900 CABLE ASS;Y SPD,Pe comanda,Marfuri gestiune 1 firma,2,BUC,0,0,,EUR,21,Cablu km.
00445226,44830-KFA6-900,44830-KFA6-900 CABLE COMP SPDMT,Pe comanda,Marfuri gestiune 1 firma,3,BUC,0,0,,EUR,21,Cablu km.
00450481,44830-KGBG-900,44830-KGBG-900 CABLE COMP SPDMT,Pe comanda,Marfuri gestiune 1 firma,0,BUC,4.08,4.86,,EUR,21,Cablu km
00446148,44830-KHD8-900,44830-KHD8-900 CABLE COMP SPDMT,Pe comanda,Marfuri gestiune 1 firma,3,BUC,0,0,,EUR,21,Cablu km.
00445232,44830-KKA8-900,44830-KKA8-900 CABLE COMP SPDMT,Pe comanda,Marfuri gestiune 1 firma,1,BUC,0,0,,EUR,21,Cablu km.
00445595,44830-KKAK-900,44830-KKAK-900 CABLE ASSY SPEEDOMETER,Pe comanda,Marfuri gestiune 1 firma,2,BUC,0,0,,EUR,21,Cablu km.
00445666,44830-KKC4-900,44830-KKC4-900 CABLE COMP SPDMT,Marfuri,Marfuri gestiune 1 firma,5,BUC,49.5868,60,,EUR,21,Cablu km.
00446629,44830-KKD6-E00,44830-KKD6-E00 CABLE COMP SPEEDOMETER,Pe comanda,Marfuri gestiune 1 firma,0,BUC,0,0,,EUR,21,Cablu km.
00450125,44830-KXCX-901,44830-KXCX-901 CABLE COMP SPDMT,Pe comanda,Marfuri gestiune 1 firma,0,BUC,4.05,4.82,,EUR,21,Cablu km
00446350,44830-LBA7-E00,44830-LBA7-E00 CABLE COMP SPDMT,Marfuri,Marfuri gestiune 1 firma,1,BUC,45.4545,55,,EUR,21,Cablu km.
00446298,44830-LCD3-E00,44830-LCD3-E00 CABLE COMP SPDMT,Marfuri,Marfuri gestiune 1 firma,0,BUC,41.3223,50,,EUR,21,Cablu km.
00448981,44830-LCD9-E00,44830-LCD9-E00 CABLE COMP SPDMT,Pe comanda,Marfuri gestiune 1 firma,1,BUC,0,0,,EUR,21,Cablu km.
00448831,44830-LDC8-E00,44830-LDC8-E00 CABLE COMP,Pe comanda,Marfuri gestiune 1 firma,1,BUC,0,0,,EUR,21,Cablu km.
00445830,44830-LDC8-E10,44830-LDC8-E10 CABLE COMP SPDMT,Marfuri,Marfuri gestiune 1 firma,9,BUC,41.3223,50,,EUR,21,Cablu km.
00447731,44830-LDH1-E00,44830-LDH1-E00 CABLE COMP,Pe comanda,Marfuri gestiune 1 firma,0,BUC,0,0,,EUR,21,Cablu km.
00451398,44830-LEB9-B50,44830-LEB9-B50 CABLE COMP SPDMT,Pe comanda,Marfuri gestiune 1 firma,0,BUC,3.83,4.63,,EUR,21,Cablu km.
00450496,44830-LLB5-E00,44830-LLB5-E00 CABLE COMP SPDMT,Pe comanda,Marfuri gestiune 1 firma,0,BUC,3.77,4.49,,EUR,21,Cablu kilometraj
00446831,44830-LLJ3-E00,44830-LLJ3-E00 CABLE COMP SPDMT,Pe comanda,Marfuri gestiune 1 firma,0,BUC,0,0,,EUR,21,Cablu km.
00447395,44831-LBA7-E00,44831-LBA7-E00 CABLE INNER,Pe comanda,Marfuri gestiune 1 firma,1,BUC,0,0,,EUR,21,
00447818,44831-LCD3-E00,44831-LCD3-E00 CABLE INNER,Pe comanda,Marfuri gestiune 1 firma,0,BUC,0,0,,EUR,21,
00447548,44831-LDH1-E00,44831-LDH1-E00 CABLE INNEP SPDMT,Pe comanda,Marfuri gestiune 1 firma,0,BUC,0,0,,EUR,21,
00446390,45100-KXCX-E00-NJA,45100-KXCX-E00-NJA CALIPER ASSY FR,Pe comanda,Marfuri gestiune 1 firma,1,BUC,0,0,,EUR,21,
00447831,45100-LCA5-E00,45100-LCA5-E00 CALIPER ASSY FR,Pe comanda,Marfuri gestiune 1 firma,0,BUC,0,0,,EUR,21,
00448703,45100-LLB1-E01-NJA,45100-LLB1-E01-NJA PANEL COMP FR,Pe comanda,Marfuri gestiune 1 firma,0,BUC,0,0,,EUR,21,
00447739,45100-PWA1-900-NJA,45100-PWA1-900-NJA CALIPER ASSY FR R,Pe comanda,Marfuri gestiune 1 firma,1,BUC,0,0,,EUR,21,
00450993,45100-PWB1-600,45100-PWB1-600 CALIPER BRAKE RH,Pe comanda,Marfuri gestiune 1 firma,0,BUC,75,89.25,,EUR,21,Etrier dreapta
00446957,45103-MGR7-007,45103-MGR7-007 SEAL JOINT,Pe comanda,Marfuri gestiune 1 firma,0,BUC,0,0,,EUR,21,
00449465,45105-ALC8-305,45105-ALC8-305 PAD COMP A+B,Pe comanda,Marfuri gestiune 1 firma,0,BUC,0,0,,EUR,21,Set placute frana
00449908,45105-ALD9-306,45105-ALD9-306 PAD COMP SET,Pe comanda,Marfuri gestiune 1 firma,1,SET,14.24,14.24,,EUR,21,Set placute frana
00445160,45105-KEBE-305-M2,45105-KEBE-305-M2 PAD SET,Pe comanda,Marfuri gestiune 1 firma,3,BUC,0,0,,EUR,21,Set placute frana
00447771,45105-KED9-305,45105-KED9-305 PAD ASSY A/B,Pe comanda,Marfuri gestiune 1 firma,0,BUC,0,0,,EUR,21,Set placute frana
00445227,45105-KFA6-305,45105-KFA6-305 PAD ASSY,Marfuri,Marfuri gestiune 1 firma,8,SET,80.9917,98,,EUR,21,Set placute frana
00449503,45105-KFA6-900,45105-KFA6-900 PISTON,Pe comanda,Marfuri gestiune 1 firma,0,BUC,0,0,,EUR,21,Set placute frana
00447940,45105-KFA6-E00,45105-KFA6-E00 MIRROR ASSY R BACK,Pe comanda,Marfuri gestiune 1 firma,2,BUC,0,0,,EUR,21,
00445543,45105-KKC4-305,45105-KKC4-305 PAD COMP,Marfuri,Marfuri gestiune 1 firma,0,SET,95.0413,115,,EUR,21,Set placute frana
00446697,45105-KKD6-305,45105-KKD6-305 PAD SET,Pe comanda,Marfuri gestiune 1 firma,4,BUC,0,0,,EUR,21,Set placute frana
00449970,45105-KKD6-E00,45105-KKD6-E00 BRAKE PADS SET,Pe comanda,Marfuri gestiune 1 firma,1,SET,2.38,2.83,,EUR,21,Set placute frana
00449412,45105-KXCX-E05,45105-KXCX-E05 PAD ASSY,Pe comanda,Marfuri gestiune 1 firma,0,BUC,0,0,,EUR,21,Set placute frana
00445764,45105-LBA2-305,45105-LBA2-305 PAD ASSY,Pe comanda,Marfuri gestiune 1 firma,0,BUC,0,0,,EUR,21,Set placute frana
00445765,45105-LBA2-306,45105-LBA2-306 PAD ASSY,Pe comanda,Marfuri gestiune 1 firma,0,BUC,0,0,,EUR,21,Set placute frana
00445766,45105-LBA7-305,45105-LBA7-305 PAD ASST,Marfuri,Marfuri gestiune 1 firma,6,SET,103.3058,125,,EUR,21,Set placute frana
00446149,45105-LCA5-305,45105-LCA5-305 PAD SET,Pe comanda,Marfuri gestiune 1 firma,1,BUC,0,0,,EUR,21,
00447236,45105-LDC8-305,45105-LDC8-305 PAD COMP,Pe comanda,Marfuri gestiune 1 firma,5,BUC,70.2479,85,,EUR,21,Set placute frana
00447251,45105-LEA7-305,45105-LEA7-305 PAD SET,Marfuri,Marfuri gestiune 1 firma,2,SET,0,0,,EUR,21,Set placute frana
00445831,45105-LEC1-305,45105-LEC1-305 PAD SET,Pe comanda,Marfuri gestiune 1 firma,2,BUC,0,0,,EUR,21,Set placute frana
00445544,45105-LEJ2-306,45105-LEJ2-306 PAD COMP A+B,Marfuri,Marfuri gestiune 1 firma,8,SET,61.157,74,,EUR,21,Set placute frana
00451627,45105-LEJ2-306,45105-LEJ2-306 PAD COMP A+B,Marfuri,Marfuri gestiune 1 firma,0,SET,62.8099,76,,EUR,21,Set placute frana
00448369,45105-LFA5-305,45105-LFA5-305 PAD ASSY,Pe comanda,Marfuri gestiune 1 firma,0,BUC,0,0,,EUR,21,Set placute frana
00448877,45105-LFC2-305,45105-LFC2-305 PAD COMP,Marfuri,Marfuri gestiune 1 firma,4,SET,53.719,65,,EUR,21,Set placute frana
00447118,45105-LFC3-305,45105-LFC3-305 PAD COMP A+B,Marfuri,Marfuri gestiune 1 firma,9,SET,49.5868,60,,EUR,21,Set placute frana
00448031,45105-LFE9-305,45105-LFE9-305 PAD SET,Pe comanda,Marfuri gestiune 1 firma,2,SET,140.4959,170,,EUR,21,Set placute frana
00446269,45105-LFH1-305,45105-LFH1-305 PAD ASSY,Pe comanda,Marfuri gestiune 1 firma,2,SET,0,0,,EUR,21,Set placute frana
00451025,45105-LGC6-305,45105-LGC6-305 BRAKE PADS SET,Pe comanda,Marfuri gestiune 1 firma,0,SET,36.96,43.98,,EUR,21,Set placute frana
00449641,45105-LGE5-305,45105-LGE5-305 PAD SET,Marfuri,Marfuri gestiune 1 firma,1,SET,103.3058,125,,EUR,21,Set placute
00450109,45105-LHG7-305,45105-LHG7-305 BRAKE PAD SET,Pe comanda,Marfuri gestiune 1 firma,1,SET,13.3,15.83,,EUR,21,Set placute frana
00450569,45105-LKF5-305,45105-LKF5-305 PAD SET,Pe comanda,Marfuri gestiune 1 firma,0,SET,17.115,20.37,,EUR,21,Set placute frana
00450509,45105-LKH3-305,45105-LKH3-305 PAD COMP A+B,Pe comanda,Marfuri gestiune 1 firma,0,SET,13.69,16.29,,EUR,21,Set placute frana
00445644,45105-PWA1-305,45105-PWA1-305 PAD SET,Marfuri,Marfuri gestiune 1 firma,3,SET,136.3636,165,,EUR,21,Set placute frana
00447492,45105-PWA1-306,45105-PWA1-306 BRAKE PADS,Pe comanda,Marfuri gestiune 1 firma,0,BUC,0,0,,EUR,21,
00446881,45105-PWB1-306,45105-PWB1-306 BRAKE PADS,Pe comanda,Marfuri gestiune 1 firma,18,SET,177.686,215,,EUR,21,Set placute frana
00451130,45105-YZA6-305,45105-YZA6-305 FRONT BRAKE BADS ASSY,Pe comanda,Marfuri gestiune 1 firma,0,SET,97.5207,118,,EUR,21,Set placute frana
00451448,45107-KED9-900,45107-KED9-900 PISTON,Pe comanda,Marfuri gestiune 1 firma,1,BUC,66.1157,80,,EUR,21,Pistonas frana
00447425,45107-KFA6-900,45107-KFA6-900 PISTON,Pe comanda,Marfuri gestiune 1 firma,0,BUC,33.0579,40,,EUR,21,Piston frana
00449535,45107-KKC4-900,45107-KKC4-900 PISTON,Marfuri,Marfuri gestiune 1 firma,2,BUC,33.0575,40,,EUR,21,Pistonas frana
00449466,45107-LDE9-305,45107-LDE9-305 PISTON,Pe comanda,Marfuri gestiune 1 firma,0,BUC,0,0,,EUR,21,
00450729,45107-LFE9-E00,45107-LFE9-E00 PISTON,Pe comanda,Marfuri gestiune 1 firma,0,BUC,6.89,8.2,,EUR,21,Piston frana 32.03 mm
00450661,45107-LLJ3-E90,45107-LLJ3-E90 PIN HANGER,Pe comanda,Marfuri gestiune 1 firma,0,BUC,1.51,1.8,,EUR,21,Bolt etrier
00450974,45107-MEN5-007,45107-MEN5-007 BRAKE PISTON,Pe comanda,Marfuri gestiune 1 firma,0,BUC,53.719,65,,EUR,21,Piston etrier
00451201,45107-PWA1-900,45107-PWA1-900 PISTON,Pe comanda,Marfuri gestiune 1 firma,0,BUC,3.88,4.62,,EUR,21,Piston
00450880,45108-KFA6-900,45108-KFA6-900 SPRING PAD,Pe comanda,Marfuri gestiune 1 firma,0,BUC,0.93,1.11,,EUR,21,Arc placute frana
00448671,45108-LBA7-900,45108-LBA7-900 SPRNG PAD,Pe comanda,Marfuri gestiune 1 firma,0,BUC,0,0,,EUR,21,
00448300,45108-LDH1-E00,45108-LDH1-E00 SPRING PAD,Pe comanda,Marfuri gestiune 1 firma,0,BUC,0,0,,EUR,21,
00448301,45108-MDL4-007,45108-MDL4-007 PAD SPRING,Pe comanda,Marfuri gestiune 1 firma,0,BUC,0,0,,EUR,21,
00446351,45109-GBE2-007,45109-GBE2-007 DUST SEAL,Pe comanda,Marfuri gestiune 1 firma,4,BUC,0,0,,EUR,21,Garnitura etrier praf
00447927,45109-KED9-900,45109-KED9-900 PLAIN 2676-0024,Pe comanda,Marfuri gestiune 1 firma,0,BUC,0,0,,EUR,21,
00445900,45109-KFA6-900,45109-KFA6-900 DUST SEAL,Marfuri,Marfuri gestiune 1 firma,4,BUC,12.3967,15,,EUR,21,Simering praf
00445596,45109-KKC4-900,45109-KKC4-900 DUST SEAL,Marfuri,Marfuri gestiune 1 firma,4,BUC,12.3967,15,,EUR,21,Garnitura praf etrier
00445901,45109-PWA1-900,45109-PWA1-900 DUST SEAL,Pe comanda,Marfuri gestiune 1 firma,0,BUC,0,0,,EUR,21,
00446229,4510A-KFW6-900,4510A-KFW6-900 PAD SET,Pe comanda,Marfuri gestiune 1 firma,5,SET,0,0,,EUR,21,Set placute frana
00451343,45110-LDE9-305,45110-LDE9-305 BRACKET CALIPER,Pe comanda,Marfuri gestiune 1 firma,0,BUC,19,19,,EUR,21,
00447772,45111-KKC4-900,45111-KKC4-900 SEAL,Pe comanda,Marfuri gestiune 1 firma,0,BUC,0,0,,EUR,21,
00448816,45115-KKC4-900,45115-KKC4-900 COVER DUST,Pe comanda,Marfuri gestiune 1 firma,1,BUC,0,0,,EUR,21,
00450970,45121-ABD2-C00,45121-ABD2-C00 DISK FR BRAKE,Pe comanda,Marfuri gestiune 1 firma,0,BUC,36.28,43.17,,EUR,21,Disc frana
00451476,45121-LBD5-C00,45121-LBD5-C00 DISK FR BRAKE,Pe comanda,Marfuri gestiune 1 firma,0,BUC,23.9669,29,,EUR,21,Disc frana
00446511,45121-LBD5-E00,45121-LBD5-E00 DISK FR BRAKE,Marfuri,Marfuri gestiune 1 firma,1,BUC,0,0,,EUR,21,
00446519,45121-LCD3-E00,45121-LCD3-E00 DISK FR BRAKE,Pe comanda,Marfuri gestiune 1 firma,1,BUC,0,0,,EUR,21,Disc de frana
00448009,45121-LDB5-C00,45121-LDB5-C00 DISK FR BRAKE,Pe comanda,Marfuri gestiune 1 firma,0,BUC,0,0,,EUR,21,
00449675,45121-LDB5-E00,45121-LDB5-E00 DISK FR BRAKE R,Pe comanda,Marfuri gestiune 1 firma,0,BUC,0,0,,EUR,21,
00447083,45121-LEC8-E00-M2S,45121-LEC8-E00-M2S DISK FR BRAKE,Pe comanda,Marfuri gestiune 1 firma,0,BUC,0,0,,EUR,21,
00447719,45121-LEE8-E00,45121-LEE8-E00 DISK FR BRAKE R,Pe comanda,Marfuri gestiune 1 firma,0,BUC,0,0,,EUR,21,
00448591,45121-LEJ2-E80,45121-LEJ2-E80 DISK FR BRAKE,Pe comanda,Marfuri gestiune 1 firma,0,BUC,0,0,,EUR,21,Disc frana fata
00445448,45121-LFC2-E80,45121-LFC2-E80 DISK FR BRAKE,Pe comanda,Marfuri gestiune 1 firma,2,BUC,158.6777,192,,EUR,21,Disc frana
00451620,45121-LGR5-E80,45121-LGR5-E80 DISK FR BRAKE,Pe comanda,Marfuri gestiune 1 firma,0,BUC,139.6694,169,,EUR,21,Disc de frana fata
00447148,45121-PRB3-900,45121-PRB3-900 DISK FR BRAKE,Pe comanda,Marfuri gestiune 1 firma,0,BUC,0,0,,EUR,21,
00446914,45121-PWB1-900,45121-PWB1-900 DISK BRAKE,Pe comanda,Marfuri gestiune 1 firma,3,BUC,0,0,,EUR,21,
00451090,45121-YZA6-EZ5,45121-YZA6-EZ5 FRONT BRAKE DISK,Pe comanda,Marfuri gestiune 1 firma,0,BUC,221.4876,268,,EUR,21,Disc frana fata
00451192,45125-LDF3-E00,45125-LDF3-E00 HOSE COMP FR BRAKE,Pe comanda,Marfuri gestiune 1 firma,0,BUC,59.49,70.79,,EUR,21,Furtun frana
00447569,45126-LDC8-E10,45126-LDC8-E10 HOSE ASSY FR BRAKE,Pe comanda,Marfuri gestiune 1 firma,1,BUC,0,0,,EUR,21,
00449764,45126-LEA7-E01,45126-LEA7-E01 HOSE ASSY FR,Pe comanda,Marfuri gestiune 1 firma,1,BUC,0,0,,EUR,21,
00449652,45126-LFA5-E00,45126-LFA5-E00 HOSE ASSY FRONT BRAKE,Pe comanda,Marfuri gestiune 1 firma,0,BUC,0,0,,EUR,21,
00447135,45128-LCA5-E00,45128-LCA5-E00 F HOSSE ASSY FR,Pe comanda,Marfuri gestiune 1 firma,0,BUC,0,0,,EUR,21,
00446070,45128-LFA5-E01,45128-LFA5-E01 HOSE BRAKE FR R/L CALIPER,Marfuri,Marfuri gestiune 1 firma,1,BUC,0,0,,EUR,21,Furtun frana fata
00448898,45128-LFE9-E00,45128-LFE9-E00 HOSE COMP FR BRAKE,Pe comanda,Marfuri gestiune 1 firma,1,BUC,477.686,578,,EUR,21,Furtun frana
00450518,45128-LFE9-E01,45128-LFE9-E01 HOSE ASSY. FR BRAKE-JUNCTION,Pe comanda,Marfuri gestiune 1 firma,0,BUC,46.88,55.79,,EUR,21,Furtun frana ansamblu
00446150,45129-LBA2-900,45129-LBA2-900 CLAMPER FR BRK HOSE,Pe comanda,Marfuri gestiune 1 firma,1,BUC,0,0,,EUR,21,
00447147,45129-LCA5-E00,45129-LCA5-E00 HOSE ASSY FR,Pe comanda,Marfuri gestiune 1 firma,0,BUC,0,0,,EUR,21,
00451211,45129-LDB5-E00,45129-LDB5-E00 HOSE ASSY FR L (C/P) BRK,Pe comanda,Marfuri gestiune 1 firma,0,BUC,32.67,38.88,,EUR,21,Furtun frana fata st
00447462,4512A-LEA7-E00,4512A-LEA7-E00 DUSK FR BRAKE,Pe comanda,Marfuri gestiune 1 firma,0,BUC,0,0,,EUR,21,
00450637,4512A-LEA7-E01,4512A-LEA7-E01 BRAKE ROTOR DISK,Pe comanda,Marfuri gestiune 1 firma,0,BUC,56.14,66.81,,EUR,21,Disc de frana
00450180,45131-1F66-017,45131-1F66-017 PIN BOLT,Pe comanda,Marfuri gestiune 1 firma,0,BUC,3.37,4.01,,EUR,21,Pin bolt
00450181,45131-GBE2-007,45131-GBE2-007 PIN BOLT A,Pe comanda,Marfuri gestiune 1 firma,0,BUC,3.63,4.32,,EUR,21,Pin bolt A
00450160,45131-LDB2-E00,45131-LDB2-E00 DISK FR BRAKE L,Pe comanda,Marfuri gestiune 1 firma,0,BUC,50.01,59.51,,EUR,21,Disc frana fata stanga
00450832,45131-LDG7-E03,45131-LDG7-E03 DISK FR BRAKE,Pe comanda,Marfuri gestiune 1 firma,0,BUC,55.12,65.59,,EUR,21,Disc frana fata
00448395,45131-LDH1-E00,45131-LDH1-E00 MA4795 BOLT FOR BRAKE,Pe comanda,Marfuri gestiune 1 firma,0,BUC,0,0,,EUR,21,
00447138,45131-PRB3-900,45131-PRB3-900 DISK FR BRAKE,Pe comanda,Marfuri gestiune 1 firma,0,BUC,0,0,,EUR,21,
00449606,45132-1F66-017,45132-1F66-017 BUSH BOOT PIN,Pe comanda,Marfuri gestiune 1 firma,1,BUC,0,0,,EUR,21,
00447970,45132-KED9-900,45132-KED9-900 PIN BOLT,Pe comanda,Marfuri gestiune 1 firma,0,BUC,0,0,,EUR,21,
00448749,45132-KFA6-900,45132-KFA6-900 BUSH BOOT PIN,Pe comanda,Marfuri gestiune 1 firma,0,BUC,0,0,,EUR,21,
00448358,45132-LDH1-E00,45132-LDH1-E00 BUSH BOOT PIN,Pe comanda,Marfuri gestiune 1 firma,0,BUC,0,0,,EUR,21,
00448359,45132-LKG7-E00,45132-LKG7-E00 BUSH BOOT PIN,Pe comanda,Marfuri gestiune 1 firma,2,BUC,0,0,,EUR,21,
00449748,45133-0H28-001,45133-0H28-001 SPRING BRAKE SHOE,Pe comanda,Marfuri gestiune 1 firma,0,BUC,0,0,,EUR,21,
00448750,45133-KFA6-900,45133-KFA6-900 BOOT B,Pe comanda,Marfuri gestiune 1 firma,0,BUC,0,0,,EUR,21,
00447750,45133-LBA7-900,45133-LBA7-900 BOOT A,Pe comanda,Marfuri gestiune 1 firma,0,BUC,0,0,,EUR,21,
00449607,45133-MCA3-007,45133-MCA3-007 BOOT B,Pe comanda,Marfuri gestiune 1 firma,1,BUC,0,0,,EUR,21,Cauciuc etrier
00448313,45133-OH28-001,45133-OH28-001 SRING BRAKE SHOE,Pe comanda,Marfuri gestiune 1 firma,4,BUC,0,0,,EUR,21,
00448699,45134-2L50-001,45134-2L50-001 TENSIONER CAM CHAIN,Pe comanda,Marfuri gestiune 1 firma,0,BUC,0,0,,EUR,21,
00448701,45134-2L50-001,45134-2L50-001 DUST SEAL,Pe comanda,Marfuri gestiune 1 firma,0,BUC,0,0,,EUR,21,
00447971,45135-KED9-900,45135-KED9-900 PIN BOLT A,Pe comanda,Marfuri gestiune 1 firma,0,BUC,0,0,,EUR,21,
00448706,45141-LLB1-900,45141-LLB1-900 CAM FR BRAKE,Pe comanda,Marfuri gestiune 1 firma,0,BUC,0,0,,EUR,21,
00448707,45145-LLB1-900,45145-LLB1-900 INDICATOR FR BRAKE,Pe comanda,Marfuri gestiune 1 firma,0,BUC,0,0,,EUR,21,
00446026,45150-LDH1-305,45150-LDH1-305 PAD COMP FR,Pe comanda,Marfuri gestiune 1 firma,0,BUC,0,0,,EUR,21,
00448934,45200-ALA9-E70-NJA,45200-ALA9-E70-NJA CALIPER ASSY FR BRK,Pe comanda,Marfuri gestiune 1 firma,0,BUC,0,0,,EUR,21,
00450948,45200-LAE4-C10-NJA,45200-LAE4-C10-NJA CALIPER ASSY FR,Pe comanda,Marfuri gestiune 1 firma,0,BUC,51.5,61.29,,EUR,21,Etrier fata
00450971,45200-LEA7-E00-NEA,45200-LEA7-E00-NEA CALIPER ASSY FR,Pe comanda,Marfuri gestiune 1 firma,0,BUC,94.2,112.1,,EUR,21,Etrier fata
00446341,45200-LFC2-E10,45200-LFC2-E10 CALIPER ASSY FR,Pe comanda,Marfuri gestiune 1 firma,1,BUC,0,0,,EUR,21,
00447575,45200-LFC2-E80,45200-LFC2-E80 CALLIPER ASSY FR LH,Pe comanda,Marfuri gestiune 1 firma,0,BUC,0,0,,EUR,21,
00451499,45200-LGR5-E10,45200-LGR5-E10 CALIPER ASSY,Pe comanda,Marfuri gestiune 1 firma,1,BUC,384.2975,465,,EUR,21,Etrier
00447740,45200-PWA1-900-NJA,45200-PWA1-900-NJA CALLIPER ASYY FR L,Pe comanda,Marfuri gestiune 1 firma,1,BUC,0,0,,EUR,21,
00448918,45200-PWB1-600,45200-PWB1-600 CALIPER BRAKE,Pe comanda,Marfuri gestiune 1 firma,0,BUC,0,0,,EUR,21,
00450994,45200-PWB1-600,45200-PWB1-600 CALIPER BRAKE LH,Pe comanda,Marfuri gestiune 1 firma,1,BUC,75,89.25,,EUR,21,Etrier stanga
00447408,45203-KKC4-900,45203-KKC4-900 PIN HANGER,Pe comanda,Marfuri gestiune 1 firma,1,BUC,0,0,,EUR,21,
00446797,45203-LBA7-900,45203-LBA7-900 PIN HANGER,Pe comanda,Marfuri gestiune 1 firma,7,BUC,0,0,,EUR,21,Bolt etrier
00445597,45207-KKC4-900,45207-KKC4-900 PISTON,Marfuri,Marfuri gestiune 1 firma,15,BUC,41.3223,50,,EUR,21,Pistonas frana
00447409,45208-KKC4-900,45208-KKC4-900 SPRING PAD,Pe comanda,Marfuri gestiune 1 firma,0,BUC,0,0,,EUR,21,
00446230,45209-GBE2-007,45209-GBE2-007 SEAL PISTON,Pe comanda,Marfuri gestiune 1 firma,11,BUC,0,0,,EUR,21,Garnitura etrier
00450975,45209-GBN2-007,45209-GBN2-007 SEAL PISTON,Pe comanda,Marfuri gestiune 1 firma,0,BUC,1.6725,1.99,,EUR,21,Garnitura etrier
00447773,45209-KED9-900,45209-KED9-900 SEAL PISTON,Pe comanda,Marfuri gestiune 1 firma,0,BUC,33.0579,40,,EUR,21,Simering etrier
00445598,45209-KFA6-900,45209-KFA6-900 SEAL PISTON,Marfuri,Marfuri gestiune 1 firma,20,BUC,24.7934,30,,EUR,21,Garnitura etrier
00449718,45209-LBA7-900,45209-LBA7-900 SEAL PISTON,Pe comanda,Marfuri gestiune 1 firma,0,BUC,0,0,,EUR,21,
00450371,45209-LFE9-E00,45209-LFE9-E00 SEAL PISTON,Pe comanda,Marfuri gestiune 1 firma,0,BUC,2.86,3.4,,EUR,21,Garnitura etrier
00446789,45209-PWA1-900,45209-PWA1-900 SEAL PISTON,Pe comanda,Marfuri gestiune 1 firma,0,BUC,0,0,,EUR,21,
00448360,45210-LDF2-E00-HQA,45210-LDF2-E00-HQA BRACKET FR CALIPER,Pe comanda,Marfuri gestiune 1 firma,0,BUC,0,0,,EUR,21,
00448106,45215-KECE-900,45215-KECE-900 PIN HANGER,Pe comanda,Marfuri gestiune 1 firma,2,BUC,0,0,,EUR,21,Bolt etrier
00447265,45215-KKD6-E90,45215-KKD6-E90 PIN HANGER,Pe comanda,Marfuri gestiune 1 firma,0,BUC,0,0,,EUR,21,
00450182,45216-1F66-007,45216-1F66-007 WASHER WAVE,Pe comanda,Marfuri gestiune 1 firma,1,BUC,0.74,0.88,,EUR,21,Saiba
00450183,45216-KFW6-90A,45216-KFW6-90A TORQUE NUT,Pe comanda,Marfuri gestiune 1 firma,0,BUC,1.7,2.02,,EUR,21,Piulita cuplu
00451067,45224-YZA6-EZ5,45224-YZA6-EZ5 OIL SEAL,Pe comanda,Marfuri gestiune 1 firma,0,BUC,0.48,0.57,,EUR,21,Garnitura ulei
00447751,45230-LBA7-900,45230-LBA7-900 BUSH PISTON,Pe comanda,Marfuri gestiune 1 firma,2,BUC,0,0,,EUR,21,
00446027,45250-LDH1-305,45250-LDH1-305 PAD ASSY A+B,Pe comanda,Marfuri gestiune 1 firma,1,BUC,0,0,,EUR,21,
00446790,45351-KHE7-E00,45351-KHE7-E00 DISK FR BRAKE,Pe comanda,Marfuri gestiune 1 firma,0,BUC,0,0,,EUR,21,
00447473,45351-LEA5-E00-N1S,45351-LEA5-E00-N1S DISK FR BRAKE,Pe comanda,Marfuri gestiune 1 firma,0,BUC,0,0,,EUR,21,
00445189,45351-LLJ3-E00,45351-LLJ3-E00 DISK FR BRAKE,Pe comanda,Marfuri gestiune 1 firma,1,BUC,0,0,,EUR,21,
00449329,45352-LBA2-E00,45352-LBA2-E00 READ PLATE ABS,Pe comanda,Marfuri gestiune 1 firma,0,BUC,0,0,,EUR,21,
00448185,45352-LBA7-900,45352-LBA7-900 (MV1740) BLEEDER,Pe comanda,Marfuri gestiune 1 firma,0,BUC,0,0,,EUR,21,
00448705,45410-LLB1-E01,45410-LLB1-E01 ARM FR BRK RH,Pe comanda,Marfuri gestiune 1 firma,0,BUC,0,0,,EUR,21,
00449345,45450-LBD4-900,45450-LBD4-900 CABLE COMP FR BRAKE,Pe comanda,Marfuri gestiune 1 firma,0,BUC,0,0,,EUR,21,
00446028,45450-LCA4-E00,45450-LCA4-E00 CABLE COMP FR BRK R,Pe comanda,Marfuri gestiune 1 firma,4,BUC,0,0,,EUR,21,
00445852,45450-LLB1-900,45450-LLB1-900 CABLE COMP FR BRK R,Pe comanda,Marfuri gestiune 1 firma,8,BUC,0,0,,EUR,21,
00450625,45450-LLB1-E01,45450-LLB1-E01 CABLE COMP FR BRK R,Pe comanda,Marfuri gestiune 1 firma,0,BUC,10.27,12.22,,EUR,21,Cablu frana dr
00446832,45451-4A71-001,45451-4A71-001 GROMMET WIRE,Pe comanda,Marfuri gestiune 1 firma,0,BUC,0,0,,EUR,21,
00446029,45460-LCA4-E00,45460-LCA4-E00 CABLE COMP FR PANEL R,Pe comanda,Marfuri gestiune 1 firma,2,BUC,0,0,,EUR,21,
00447720,45460-LLB1-E01,45460-LLB1-E01 CABLE COMP FR PANEL,Pe comanda,Marfuri gestiune 1 firma,1,BUC,0,0,,EUR,21,
00451219,45500-ACJ1-E00,45500-ACJ1-E00 CYLINDER ASSY FR,Pe comanda,Marfuri gestiune 1 firma,0,BUC,78,92.82,,EUR,21,Pompa frana ansamblu
00449330,45500-ALJ8-E10,45500-ALJ8-E10 M/C ASSY FR,Pe comanda,Marfuri gestiune 1 firma,0,BUC,0,0,,EUR,21,
00449224,45500-LDC8-E10,45500-LDC8-E10 CYLINDER ASSY FR MASTER,Pe comanda,Marfuri gestiune 1 firma,0,BUC,0,0,,EUR,21,
00451571,45501-YZA6-E00,45501-YZA6-E00 FRONT BRAKE SWITCH,Pe comanda,Marfuri gestiune 1 firma,0,BUC,9.9174,12,,EUR,21,Senzor frana
00448788,4550A-LFC2-E1A,4550A-LFC2-E1A MC ASSY FR,Pe comanda,Marfuri gestiune 1 firma,0,BUC,0,0,,EUR,21,
00449749,45513-KHD4-B00,45513-KHD4-B00 CAP MASTER CYLINDER,Pe comanda,Marfuri gestiune 1 firma,0,BUC,0,0,,EUR,21,
00449765,45513-KKC4-900,45513-KKC4-900 CAP MASTER CYLINDER,Pe comanda,Marfuri gestiune 1 firma,0,BUC,0,0,,EUR,21,
00448763,45517-GFY6-900,45517-GFY6-900 HOLDING HANDLE BRACKET,Pe comanda,Marfuri gestiune 1 firma,0,BUC,0,0,,EUR,21,
00449719,45517-KFA5-E00,45517-KFA5-E00 HOLDER HANDLE BRKT,Pe comanda,Marfuri gestiune 1 firma,0,BUC,0,0,,EUR,21,
00448505,45517-KKA8-900,45517-KKA8-900 HOLDER MASTER CYLINDER,Pe comanda,Marfuri gestiune 1 firma,0,BUC,0,0,,EUR,21,
00449093,45520-GLW0-90A,45520-GLW0-90A DIAPHRAGM,Pe comanda,Marfuri gestiune 1 firma,0,BUC,0,0,,EUR,21,
00449123,45520-GLW0-91A,45520-GLW0-91A DIAPHRAGM,Pe comanda,Marfuri gestiune 1 firma,0,BUC,0,0,,EUR,21,
00451507,45520-KKA8-900,45520-KKA8-900 DIAPHRAGM,Pe comanda,Marfuri gestiune 1 firma,1,BUC,37.1901,45,,EUR,21,Membrana
00449766,45520-KKC4-900,45520-KKC4-900 DIAPHRAGM,Pe comanda,Marfuri gestiune 1 firma,0,BUC,0,0,,EUR,21,
00449676,45527-LBA7-900,45527-LBA7-900 PIN PARK,Pe comanda,Marfuri gestiune 1 firma,0,BUC,0,0,,EUR,21,
00446490,45530-KFA6-305,45530-KFA6-305 CYLINDER SET MASTER,Pe comanda,Marfuri gestiune 1 firma,1,BUC,0,0,,EUR,21,
00450262,45530-LBA7-305,45530-LBA7-305 CYLINDER SET FR,Pe comanda,Marfuri gestiune 1 firma,0,BUC,79,79,,EUR,21,Ansamblu pompa frana fata
00449901,45530-LDB5-305,45530-LDB5-305 CYLINDER SET FR,Pe comanda,Marfuri gestiune 1 firma,1,BUC,58.22,69.28,,EUR,21,Pompa frana fata cu levier
00448783,46100-LLB1-900-NJA,46100-LLB1-900-NJA PANEL COMP FR LH,Pe comanda,Marfuri gestiune 1 firma,1,BUC,0,0,,EUR,21,
00449750,46410-LLB1-E01,46410-LLB1-E01 ARM FRONT BRAKE LH,Pe comanda,Marfuri gestiune 1 firma,0,BUC,0,0,,EUR,21,
00445924,46450-LCA4-E00,46450-LCA4-E00 CABLE COMP FR BRK L,Pe comanda,Marfuri gestiune 1 firma,3,BUC,0,0,,EUR,21,
00445832,46450-LLB1-900,46450-LLB1-900 CABLE COMP FR BRK L,Pe comanda,Marfuri gestiune 1 firma,6,BUC,0,0,,EUR,21,Cablu frana fata stanga
00445922,46450-LLB1-E01,46450-LLB1-E01 CABLE COMP FR BRK L,Pe comanda,Marfuri gestiune 1 firma,3,BUC,0,0,,EUR,21,Cablu frana fata stanga
00446030,46460-LCA4-E00,46460-LCA4-E00 CABLE COMP FR PANEL L,Pe comanda,Marfuri gestiune 1 firma,2,BUC,0,0,,EUR,21,
00449481,46460-LLB1-E01,46460-LLB1-E01 CABLE COMP FR PANEL L,Pe comanda,Marfuri gestiune 1 firma,0,BUC,0,0,,EUR,21,
00446951,46500-KDCD-C00,46500-KDCD-C00 PEDAL RR BRAKE,Pe comanda,Marfuri gestiune 1 firma,0,BUC,0,0,,EUR,21,
00446367,46501-KGG7-001,46501-KGG7-001 RUBBER BRAKE PEDAL,Pe comanda,Marfuri gestiune 1 firma,1,BUC,0,0,,EUR,21,
00451068,46508-YZA6-EZ5,46508-YZA6-EZ5 SLEEVE LOCK,Pe comanda,Marfuri gestiune 1 firma,0,BUC,0.48,0.57,,EUR,21,Bucsa
00446368,4650A-KEC2-900,4650A-KEC2-900 PEDAL COMP BRAKE,Pe comanda,Marfuri gestiune 1 firma,1,BUC,0,0,,EUR,21,
00449872,46513-KED9-900,46513-KED9-900 SPG SET BRK PEDAL,Pe comanda,Marfuri gestiune 1 firma,1,BUC,1.56,1.86,,EUR,21,
00447123,46514-LCA4-E00,46514-LCA4-E00 SPRING BRAKE RETURN,Pe comanda,Marfuri gestiune 1 firma,1,BUC,0,0,,EUR,21,
00447797,46514-LDB5-E00,46514-LDB5-E00 SPG BRK ARM,Pe comanda,Marfuri gestiune 1 firma,0,BUC,0,0,,EUR,21,
00446897,46530-LLB1-E01,46530-LLB1-E01 CABLE BRAKE PEDAL,Marfuri,Marfuri gestiune 1 firma,0,BUC,24.7934,30,,EUR,21,Cablu frana pedala
00445923,4720A-LLB1-E01,4720A-LLB1-E01 NUT LOCK 70MM,Pe comanda,Marfuri gestiune 1 firma,0,BUC,0,0,,EUR,21,
00445925,4720A-LLB1-E01,4720A-LLB1-E01 ACTUATOR ASSY C.B (DISK),Marfuri,Marfuri gestiune 1 firma,0,BUC,0,0,,EUR,21,Pompa frana cu rezervor
00446181,47301-LLB1-E01,47301-LLB1-E01 COVER UBS,Pe comanda,Marfuri gestiune 1 firma,1,BUC,0,0,,EUR,21,
00447950,47400-LCA5-E00,47400-LCA5-E00 KNUCKLE ASSY R STEERING,Pe comanda,Marfuri gestiune 1 firma,0,BUC,0,0,,EUR,21,
00446971,47400-LDB5-E00,47400-LDB5-E00 KNUCKLE ASSY R,Pe comanda,Marfuri gestiune 1 firma,0,BUC,0,0,,EUR,21,
00446480,47400-LEE8-E00,47400-LEE8-E00 KNUCKLE ASSY FR R/P205,Pe comanda,Marfuri gestiune 1 firma,1,BUC,0,0,,EUR,21,
00445362,47400-LLB1-900,47400-LLB1-900 SHAFT ASSY R STEERING,Pe comanda,Marfuri gestiune 1 firma,10,BUC,0,0,,EUR,21,Fuzeta dreapta
00000606,47402-LLB1-900,47402-LLB1-900 BUSH STRG SHAFT,Pe comanda,Marfuri gestiune 1 firma,8,BUC,34.7107,42,,EUR,21,Bucsa fata
00446869,47403-LDB5-E00,47403-LDB5-E00 COLLAR DISTANCE,Pe comanda,Marfuri gestiune 1 firma,0,BUC,0,0,,EUR,21,
00446454,47403-LLB1-900,47403-LLB1-900 COLLAR STRG SHFT,Pe comanda,Marfuri gestiune 1 firma,4,BUC,33.0579,40,,EUR,21,Bucsa distantier
00447426,47404-LLB1-900,47404-LLB1-900 CAP STRG SHAFT,Pe comanda,Marfuri gestiune 1 firma,0,BUC,0,0,,EUR,21,
00445363,47405-LLB1-900,47405-LLB1-900 CALIPER ASSY,Pe comanda,Marfuri gestiune 1 firma,0,BUC,0,0,,EUR,21,
00445364,47405-LLB1-900,47405-LLB1-900 BOLT FLANGE 10*105,Pe comanda,Marfuri gestiune 1 firma,4,BUC,0,0,,EUR,21,
00451096,47410-AGA8-M00,47410-AGA8-M00 CAP WHEEL SHAFT,Pe comanda,Marfuri gestiune 1 firma,0,BUC,10.24,12.19,,EUR,21,Cap roata
00451173,47410-ALD6-E00,47410-ALD6-E00 CAP WHEEL CENTER,Pe comanda,Marfuri gestiune 1 firma,0,BUC,9.62,11.45,,EUR,21,Capac roata
00445161,47410-LCA5-E00,47410-LCA5-E00 CAP WHEEL SHAFT,Pe comanda,Marfuri gestiune 1 firma,16,BUC,19.8347,24,,EUR,21,Capac roata
00447137,47410-LDB5-E00,47410-LDB5-E00 CAP WHEEL CENTER,Pe comanda,Marfuri gestiune 1 firma,4,BUC,18.1818,22,,EUR,21,Capac roata
00448719,47410-LGN5-E00,47410-LGN5-E00 CAP WHEEL CENTER,Pe comanda,Marfuri gestiune 1 firma,0,BUC,0,0,,EUR,21,Capac roata
00450258,47450-PWB1-900,47450-PWB1-900 KNUCKLE REAR ASSEMBLY RH,Pe comanda,Marfuri gestiune 1 firma,0,BUC,90,107.1,,EUR,21,Flansa roata spate dr
00448857,47452-PWB1-900,47452-PWB1-900 BUSHING RR SUSPENSION,Marfuri,Marfuri gestiune 1 firma,4,BUC,61.9835,75,,EUR,21,Bucsa suspensie roata
00449477,47452-PWB1-900,47452-PWB1-900 MV 5633 BEARING BUSHING,Pe comanda,Marfuri gestiune 1 firma,0,BUC,0,0,,EUR,21,
00449653,47453-LEE8-E00,47453-LEE8-E00 BUSH RR KUNCKLE,Pe comanda,Marfuri gestiune 1 firma,0,BUC,0,0,,EUR,21,
00448858,47453-PWB1-900,47453-PWB1-900 COLLAR SUSPENSION,Pe comanda,Marfuri gestiune 1 firma,1,BUC,41.3223,50,,EUR,21,Bucsa suspensie butuc
00449654,47454-LEE8-E00,47454-LEE8-E00 COLLAR RR KNUCKLE,Pe comanda,Marfuri gestiune 1 firma,0,BUC,0,0,,EUR,21,
00447951,47500-LCA5-E00,47500-LCA5-E00 KNUCKLE ASSY L STEERING,Pe comanda,Marfuri gestiune 1 firma,0,BUC,0,0,,EUR,21,
00446972,47500-LDB5-E00,47500-LDB5-E00 KNUCKLE ASSY L,Pe comanda,Marfuri gestiune 1 firma,0,BUC,0,0,,EUR,21,
00445365,47500-LLB1-900,47500-LLB1-900 SHAFT ASSY L STEERING,Pe comanda,Marfuri gestiune 1 firma,0,BUC,0,0,,EUR,21,Fuzeta stanga
00450619,47550-PWB1-900,47550-PWB1-900 KNUCKLE REAR ASSEMBLY LH,Pe comanda,Marfuri gestiune 1 firma,0,BUC,124.54,148.2,,EUR,21,Fuzeta st fara prindere disc
00449668,50100-ALC9-E10,50100-ALC9-E10 BODY IOMP FRAME,Pe comanda,Marfuri gestiune 1 firma,0,BUC,0,0,,EUR,21,
00449669,50100-LDC8-E10,50100-LDC8-E10 BODY COMP FRAME,Pe comanda,Marfuri gestiune 1 firma,0,BUC,0,0,,EUR,21,
00449670,50100-LDF7-E10,50100-LDF7-E10 BODY COMP FRAME,Pe comanda,Marfuri gestiune 1 firma,0,BUC,0,0,,EUR,21,
00450394,50146-LGC6-E00,50146-LGC6-E00 RR. STAY L FLOOR PANEL,Pe comanda,Marfuri gestiune 1 firma,0,BUC,4.59,5.46,,EUR,21,Suport Panel podea stanga
00446182,50182-LLB1-E01,50182-LLB1-E01 STAY BOTTOM C.B ACTUATOR ASSY,Pe comanda,Marfuri gestiune 1 firma,1,BUC,0,0,,EUR,21,
00446183,50186-LLB1-E01,50186-LLB1-E01 STAY UP C.B ACTUATOR ASSY,Pe comanda,Marfuri gestiune 1 firma,1,BUC,0,0,,EUR,21,
00447721,50187-LEA7-E00,50187-LEA7-E00 STAY R RR STEP,Pe comanda,Marfuri gestiune 1 firma,0,BUC,0,0,,EUR,21,
00445162,50191-LEC8-E00,50191-LEC8-E00 TEP HOLDER R RR,Pe comanda,Marfuri gestiune 1 firma,0,BUC,0,0,,EUR,21,
00445286,50301-KGN7-671,50301-KGN7-671 RACE UP STRG,Pe comanda,Marfuri gestiune 1 firma,2,BUC,0,0,,EUR,21,
00445287,50302-2H68-011,50302-2H68-011 RACE BALL,Pe comanda,Marfuri gestiune 1 firma,2,BUC,0,0,,EUR,21,
00445288,50306-1F96-001,50306-1F96-001 NUT STRG STEM LOCK,Pe comanda,Marfuri gestiune 1 firma,3,BUC,18.1818,22,,EUR,21,Piulita furca
00450855,50306-1F96-C00,50306-1F96-C00 NUT STRG STEM LOCK,Pe comanda,Marfuri gestiune 1 firma,0,BUC,12.605042,15,,EUR,21,
00448806,50306-LBA7-900,50306-LBA7-900 NUT RR SHAFT,Pe comanda,Marfuri gestiune 1 firma,0,BUC,0,0,,EUR,21,
00449203,50306-LLB1-900,50306-LLB1-900 NUT RR SHAFT,Pe comanda,Marfuri gestiune 1 firma,0,BUC,0,0,,EUR,21,
00451069,50306-YZA6-E00,50306-YZA6-E00 LOCK NUT,Pe comanda,Marfuri gestiune 1 firma,0,BUC,11.5702,14,,EUR,21,Piulita blocare
00448274,50311-KED9-900,50311-KED9-900 CAP PIVOT COVER,Pe comanda,Marfuri gestiune 1 firma,0,BUC,0,0,,EUR,21,
00449410,50325-LGN5-E00-N1R,50325-LGN5-E00-N1R MV7805 BATTERY BOX,Pe comanda,Marfuri gestiune 1 firma,0,BUC,0,0,,EUR,21,
00446455,50326-KKC4-900-N1R,50326-KKC4-900-N1R COVER BATERRY,Pe comanda,Marfuri gestiune 1 firma,1,BUC,0,0,,EUR,21,Capac baterie
00446082,50326-LCB9-C10-N1R,50326-LCB9-C10-N1R COVER BATTERY,Pe comanda,Marfuri gestiune 1 firma,2,BUC,0,0,,EUR,21,Capac baterie
00447356,50326-LCD3-E00,50326-LCD3-E00 COVER BATTERY,Pe comanda,Marfuri gestiune 1 firma,0,BUC,0,0,,EUR,21,Capac baterie
00446184,50326-LEA5-E00-N1R,50326-LEA5-E00-N1R COVER BATTERY,Pe comanda,Marfuri gestiune 1 firma,1,BUC,0,0,,EUR,21,Capac baterie
00450440,50326-LEJ2-E10-N1R,50326-LEJ2-E10-N1R COVER BATTERY,Pe comanda,Marfuri gestiune 1 firma,0,BUC,33.0579,40,,EUR,21,Capac baterie
00448385,50326-LFA5-E00-E4R,50326-LFA5-E00-E4R COVER BATERY,Pe comanda,Marfuri gestiune 1 firma,0,BUC,0,0,,EUR,21,Capac baterie
00446270,50326-LFC2-E10-N1RCOVER,50326-LFC2-E10-N1RCOVER BATTERY,Pe comanda,Marfuri gestiune 1 firma,1,BUC,0,0,,EUR,21,Capac baterie
00451054,50326-LGA5-C10-N1R,50326-LGA5-C10-N1R COVER BATTERY,Pe comanda,Marfuri gestiune 1 firma,0,BUC,2.6,3.09,,EUR,21,Capac baterie
00449411,50326-LGN5-E00-N1R,50326-LGN5-E00-N1R MV7804 BATTERY BOX,Pe comanda,Marfuri gestiune 1 firma,0,BUC,0,0,,EUR,21,Capac baterie - MV
00447972,50326-LGR5-710,50326-LGR5-710 COVER BATTERY,Pe comanda,Marfuri gestiune 1 firma,0,BUC,0,0,,EUR,21,Capac baterie
00451055,50326-LGR5-E10-N1R,50326-LGR5-E10-N1R COVER BATTERY,Pe comanda,Marfuri gestiune 1 firma,0,BUC,2.94,3.5,,EUR,21,Capac baterie
00448797,50328-LBA2-E00,50328-LBA2-E00 BAND BATERY,Pe comanda,Marfuri gestiune 1 firma,0,BUC,0,0,,EUR,21,
00445228,50328-LCA5-E00,50328-LCA5-E00 BAND BATERRY,Pe comanda,Marfuri gestiune 1 firma,2,BUC,0,0,,EUR,21,
00445545,5032A-LEA7-E00,5032A-LEA7-E00 COVER ASSY BATERY,Pe comanda,Marfuri gestiune 1 firma,1,BUC,0,0,,EUR,21,
00445645,5032A-LEC8-E00,5032A-LEC8-E00 CASE ASSY BATTERY,Pe comanda,Marfuri gestiune 1 firma,1,BUC,0,0,,EUR,21,
00451239,5032B-LKF5-E00-N1R,5032B-LKF5-E00-N1R BATTERY COVER ASSY BLACK,Pe comanda,Marfuri gestiune 1 firma,0,BUC,41.3223,50,,EUR,21,Capac baterie
00447199,50350-LDC8-E10,50350-LDC8-E10 HANGER ASSY ENG,Pe comanda,Marfuri gestiune 1 firma,0,BUC,0,0,,EUR,21,
00447774,50350-LEA7-E00,50350-LEA7-E00 HANGER ASSY ENG,Pe comanda,Marfuri gestiune 1 firma,0,BUC,0,0,,EUR,21,
00447061,50352-LBA2-E00,50352-LBA2-E00 RUBBER STOPPER,Pe comanda,Marfuri gestiune 1 firma,0,BUC,0,0,,EUR,21,
00451271,50353-ACD5-E00,50353-ACD5-E00 RUBBER STOPPER,Pe comanda,Marfuri gestiune 1 firma,0,BUC,24.7934,30,,EUR,21,Cauciuc tampon
00447062,50353-GBG2-711,50353-GBG2-711 BUSH SWING LOCK,Pe comanda,Marfuri gestiune 1 firma,0,BUC,0,0,,EUR,21,
00447063,50353-KGN7-901,50353-KGN7-901 BUSH ENG HANGER,Pe comanda,Marfuri gestiune 1 firma,2,BUC,0,0,,EUR,21,Bucsa motor
00449635,50353-LEA7-E00,50353-LEA7-E00 RUBBER STOPER,Pe comanda,Marfuri gestiune 1 firma,0,BUC,14.876,18,,EUR,21,Tampon
00448672,50356-KEBE-900,50356-KEBE-900 RUB BUSH ENG HANGER,Pe comanda,Marfuri gestiune 1 firma,0,BUC,0,0,,EUR,21,
00447064,50356-KHE7-E00,50356-KHE7-E00 BUSH SWING LOCK,Pe comanda,Marfuri gestiune 1 firma,1,BUC,0,0,,EUR,21,
00447819,50356-KNBN-200,50356-KNBN-200 RUBBER ENG HANGER,Pe comanda,Marfuri gestiune 1 firma,0,BUC,0,0,,EUR,21,
00445698,50356-KNBN-900,50356-KNBN-900 RUBBER C ENG HANGER KBN,Pe comanda,Marfuri gestiune 1 firma,2,BUC,0,0,,EUR,21,
00448400,50356-LEA7-E00,50356-LEA7-E00 RUB BUSH ENG HANGER,Pe comanda,Marfuri gestiune 1 firma,0,BUC,0,0,,EUR,21,
00449025,50356-LEA7-E01,50356-LEA7-E01 RUB BUSH ENG HANGER,Pe comanda,Marfuri gestiune 1 firma,0,BUC,0,0,,EUR,21,
00449026,50356-LHG7-E00,50356-LHG7-E00 RUB BUSH ENG HANGER,Pe comanda,Marfuri gestiune 1 firma,0,BUC,0,0,,EUR,21,
00445699,50357-KEB7-900,50357-KEB7-900 RUBBER BUSH ENG HANGER,Pe comanda,Marfuri gestiune 1 firma,2,BUC,0,0,,EUR,21,
00449027,50358-LGE5-E00,50358-LGE5-E00 BUSH INNER ENGINE HANGER,Pe comanda,Marfuri gestiune 1 firma,0,BUC,0,0,,EUR,21,
00449636,50360-LFA7-C00,50360-LFA7-C00 STAND ASSY MAIN,Pe comanda,Marfuri gestiune 1 firma,0,BUC,0,0,,EUR,21,
00450721,50406-LDF3-E00,50406-LDF3-E00 REAR STAY L RR FENDER,Pe comanda,Marfuri gestiune 1 firma,0,BUC,9.38,11.16,,EUR,21,Suport spate aripa
00449671,50500-ALC9-C10,50500-ALC9-C10 STAND COMP MAIN,Pe comanda,Marfuri gestiune 1 firma,0,BUC,0,0,,EUR,21,
00449922,50500-ALC9-E10,50500-ALC9-E10 MAIN STAND,Pe comanda,Marfuri gestiune 1 firma,7,BUC,194.2149,235,,EUR,21,Cric principal
00448872,50500-LEJ2-E10,50500-LEJ2-E10 STAND COMP MAIN,Pe comanda,Marfuri gestiune 1 firma,0,BUC,0,0,,EUR,21,
00450866,50500-LFA1-E00,50500-LFA1-E00 STAND ASSY MAIN,Pe comanda,Marfuri gestiune 1 firma,0,BUC,22.73,27.05,,EUR,21,Cric central
00449110,50500-LFC4-E10,50500-LFC4-E10 STAND COMP MAIN,Pe comanda,Marfuri gestiune 1 firma,0,BUC,0,0,,EUR,21,
00449189,50500-LKD1-E10,50500-LKD1-E10 STAND COMP MAIN,Pe comanda,Marfuri gestiune 1 firma,1,BUC,0,0,,EUR,21,
00445192,50502-GFY6-901,50502-GFY6-901 COLLER MAIN STAND,Pe comanda,Marfuri gestiune 1 firma,0,BUC,0,0,,EUR,21,
00445646,50502-LDF7-C00,50502-LDF7-C00 COLLAR MAIN STAND,Pe comanda,Marfuri gestiune 1 firma,0,BUC,16.5289,20,,EUR,21,Distantier bucsa
00449173,50502-LDF7-E10,50502-LDF7-E10 COLLAR MAIN STAND,Pe comanda,Marfuri gestiune 1 firma,1,BUC,0,0,,EUR,21,
00445700,50504-KHE7-900,50504-KHE7-900 STAY COMP MAIN STAND STOPPER,Pe comanda,Marfuri gestiune 1 firma,1,BUC,0,0,,EUR,21,
00449598,50504-LLJ3-E01,50504-LLJ3-E01 STAY COMP MAIN STAND STOPPER,Pe comanda,Marfuri gestiune 1 firma,0,BUC,0,0,,EUR,21,
00445701,50505-KHE7-E00,50505-KHE7-E00 STOPPER RUBBER,Pe comanda,Marfuri gestiune 1 firma,1,BUC,0,0,,EUR,21,
00445191,50505-KKD7-900,50505-KKD7-900 STOPPER RUBER,Pe comanda,Marfuri gestiune 1 firma,3,BUC,0,0,,EUR,21,
00447553,50505-KUDU-900,50505-KUDU-900 STOPPER RUBBER STAND,Pe comanda,Marfuri gestiune 1 firma,0,BUC,0,0,,EUR,21,
00447550,50505-LAD9-900,50505-LAD9-900 STOPPER RUBBER STAND,Pe comanda,Marfuri gestiune 1 firma,0,BUC,0,0,,EUR,21,Tampon cric
00446587,50505-LAD9-C00,50505-LAD9-C00 STOPPER RUBBER MAIN,Pe comanda,Marfuri gestiune 1 firma,2,BUC,15.7025,19,,EUR,21,Tampon cauciuc
00451125,50505-LCB9-C00,50505-LCB9-C00 STOPPER RUBBER,Pe comanda,Marfuri gestiune 1 firma,0,BUC,16.5289,20,,EUR,21,Stoper cauciuc
00448372,50505-LEA7-E00,50505-LEA7-E00 STPPER RUBBER,Pe comanda,Marfuri gestiune 1 firma,1,BUC,0,0,,EUR,21,
00448871,50505-LEJ2-E11,50505-LEJ2-E11 STOPPER RUBBER,Pe comanda,Marfuri gestiune 1 firma,0,BUC,0,0,,EUR,21,
00448371,50506-KHE7-E00,50506-KHE7-E00 COLLAR STOPPER,Pe comanda,Marfuri gestiune 1 firma,1,BUC,0,0,,EUR,21,
00448687,5050A-ALJ9-E10,5050A-ALJ9-E10 STAND ASSY MAIN,Pe comanda,Marfuri gestiune 1 firma,0,BUC,0,0,,EUR,21,
00449354,5050A-KHB4-900,5050A-KHB4-900 STAND ASSY MAIN,Pe comanda,Marfuri gestiune 1 firma,0,BUC,0,0,,EUR,21,
00447990,5050A-KKD6-E00,5050A-KKD6-E00 STAND ASSY MAIN,Pe comanda,Marfuri gestiune 1 firma,3,BUC,0,0,,EUR,21,
00447171,5050A-LDC8-E10,5050A-LDC8-E10 STAND COMP MAIN,Pe comanda,Marfuri gestiune 1 firma,2,BUC,0,0,,EUR,21,Cric principal
00445599,50510-LFC2-E10,50510-LFC2-E10 STAY,Pe comanda,Marfuri gestiune 1 firma,1,BUC,0,0,,EUR,21,
00446632,50530-KEB7-900,50530-KEB7-900 BAR SIDE STAND,Pe comanda,Marfuri gestiune 1 firma,0,BUC,0,0,,EUR,21,
00447902,50530-KGB5-E00,50530-KGB5-E00 BAR COMP SIDE STAND,Pe comanda,Marfuri gestiune 1 firma,0,BUC,0,0,,EUR,21,
00448132,50530-LFC2-E10,50530-LFC2-E10 BAR SIDE STAND,Pe comanda,Marfuri gestiune 1 firma,0,BUC,56.1983,68,,EUR,21,Cric lateral
00451419,50531-KEB7-C00,50531-KEB7-C00 PLATE SPRING STOPPER,Pe comanda,Marfuri gestiune 1 firma,1,BUC,1.9,1.9,,EUR,21,Placuta arc cric
00447903,50531-KEB7-E00,50531-KEB7-E00 PLATE SPRING STOPPER,Pe comanda,Marfuri gestiune 1 firma,0,BUC,23.1405,28,,EUR,21,Stoper
00448107,50531-KED9-900,50531-KED9-900 CAP SIDE STAND PIVOT,Pe comanda,Marfuri gestiune 1 firma,0,BUC,0,0,,EUR,21,
00447904,50535-KEB7-E00,50535-KEB7-E00 SPRING COMP SIDE STAND,Pe comanda,Marfuri gestiune 1 firma,0,BUC,0,0,,EUR,21,
00446591,50535-KEB7-W10,50535-KEB7-W10 SPRING COMP SIDE STAND,Pe comanda,Marfuri gestiune 1 firma,0,BUC,23.9669,29,,EUR,21,Arc cric
00449413,50535-LFC2-E10-CAP,50535-LFC2-E10-CAP COVER FR HANDLE,Pe comanda,Marfuri gestiune 1 firma,0,BUC,0,0,,EUR,21,
00446584,50550-KEB7-C00,50550-KEB7-C00 SPRING ASSY MAIN STAND,Pe comanda,Marfuri gestiune 1 firma,2,BUC,0,0,,EUR,21,Arc cric principal
00451016,50550-KEB7-C01,50550-KEB7-C01 SPG ASSY MAIN STAND,Pe comanda,Marfuri gestiune 1 firma,1,BUC,2.6,3.09,,EUR,21,Arc cric principal
00447997,50550-KEB7-E00,50550-KEB7-E00 SPRING ASSY MAIN STAND,Pe comanda,Marfuri gestiune 1 firma,0,BUC,0,0,,EUR,21,Arc cric principal
00447732,50550-KEC2-E00,50550-KEC2-E00 SPG ASSY MAIN,Pe comanda,Marfuri gestiune 1 firma,0,BUC,0,0,,EUR,21,
00451152,50550-KFA6-C00,50550-KFA6-C00 SPG ASSY MAIN STAND,Pe comanda,Marfuri gestiune 1 firma,0,BUC,3.42,4.14,,EUR,21,Arc principal
00448256,50550-KFA6-E00,50550-KFA6-E00 SPG ASSY MAIN STAND,Pe comanda,Marfuri gestiune 1 firma,9,BUC,0,0,,EUR,21,Arc cric principal
00446698,50550-KKC2-E00,50550-KKC2-E00 SPG ASSY MAIN STAND,Pe comanda,Marfuri gestiune 1 firma,0,BUC,0,0,,EUR,21,
00445449,50600-LEC8-E00,50600-LEC8-E00 HOLDER R FR STEP,Pe comanda,Marfuri gestiune 1 firma,1,BUC,0,0,,EUR,21,
00448370,50605-LEA7-E00,50605-LEA7-E00 STOPPER RUBBER,Pe comanda,Marfuri gestiune 1 firma,0,BUC,0,0,,EUR,21,
00448991,50612-LDB5-E00,50612-LDB5-E00 RINFCT FLOOR,Pe comanda,Marfuri gestiune 1 firma,0,BUC,0,0,,EUR,21,
00448118,50612-LFC2-E10,50612-LFC2-E10 RNFCT L FLOOR,Pe comanda,Marfuri gestiune 1 firma,0,BUC,0,0,,EUR,21,
00448257,50612-PWB1-900,50612-PWB1-900 FOOTPEG,Pe comanda,Marfuri gestiune 1 firma,0,BUC,0,0,,EUR,21,
00445767,50613-LCB9-C11-N1R,50613-LCB9-C11-N1R COVER UNDER,Marfuri,Marfuri gestiune 1 firma,5,BUC,90.0826,109,,EUR,21,Carena scut
00447857,50613-LEA7-E00-N1R,50613-LEA7-E00-N1R COVER UNDER,Pe comanda,Marfuri gestiune 1 firma,0,BUC,0,0,,EUR,21,
00450539,50613-LFC2-E10-N1R,50613-LFC2-E10-N1R COVER UNDER,Pe comanda,Marfuri gestiune 1 firma,0,BUC,8.8,10.47,,EUR,21,Carena scut
00447281,50613-LGB5-E10-N1R,50613-LGB5-E10-N1R COVER UNDER,Pe comanda,Marfuri gestiune 1 firma,0,BUC,0,0,,EUR,21,
00448761,50615-LCA5-E00,50615-LCA5-E00 STAY L FLOOR PANEL,Pe comanda,Marfuri gestiune 1 firma,0,BUC,0,0,,EUR,21,
00449278,5064A-KKAK-900,5064A-KKAK-900 BAR STEP ASSY L FR STEP,Pe comanda,Marfuri gestiune 1 firma,0,BUC,0,0,,EUR,21,
00450963,5064A-LEC8-E00,5064A-LEC8-E00 BAR ASSY L FR STEP,Pe comanda,Marfuri gestiune 1 firma,0,BUC,10.58,12.59,,EUR,21,Scarita stanga
00447555,50650-KKAK-900,50650-KKAK-900 RUBBER R RR STEP BAR,Pe comanda,Marfuri gestiune 1 firma,1,BUC,0,0,,EUR,21,
00451146,50650-LFC2-E10,50650-LFC2-E10 STAY RR FENDER,Pe comanda,Marfuri gestiune 1 firma,0,BUC,9.45,11.25,,EUR,21,Suport aripa
00447556,50660-KKAK-900,50660-KKAK-900 RUBBER L RR STEP BAR,Pe comanda,Marfuri gestiune 1 firma,1,BUC,0,0,,EUR,21,
00448108,50661-KEC2-810,50661-KEC2-810 RUBBER MAIN STEP,Pe comanda,Marfuri gestiune 1 firma,0,BUC,0,0,,EUR,21,
00447560,50661-KGG7-001,50661-KGG7-001 RUBBER STEP,Pe comanda,Marfuri gestiune 1 firma,2,BUC,0,0,,EUR,21,
00448554,50661-LBA8-C10,50661-LBA8-C10 RUBBER FR STEP,Pe comanda,Marfuri gestiune 1 firma,0,BUC,0,0,,EUR,21,
00447345,50700-KGB5-900-HJA,50700-KGB5-900-HJA BAR R RR STEP,Pe comanda,Marfuri gestiune 1 firma,0,BUC,0,0,,EUR,21,
00447493,50700-LEC8-E00,50700-LEC8-E00 HOLDER L FR STEP,Pe comanda,Marfuri gestiune 1 firma,0,BUC,0,0,,EUR,21,
00451407,5070A-ACD5-E00-JHA,5070A-ACD5-E00-JHA BAR ASSY R RR STEP,Pe comanda,Marfuri gestiune 1 firma,0,BUC,22.48,27.2,,EUR,21,Scarita pasager dr
00447879,5070A-KED9-900,5070A-KED9-900 BAR ASSY PILLON STEP,Pe comanda,Marfuri gestiune 1 firma,0,BUC,0,0,,EUR,21,
00451414,50710-BAA7-E00-J2A,50710-BAA7-E00-J2A BAR R RR STEP,Pe comanda,Marfuri gestiune 1 firma,1,BUC,14.3,14.3,,EUR,21,Scarita dreapta
00447346,50710-KGB5-900-HJA,50710-KGB5-900-HJA BAR L RR STEP,Pe comanda,Marfuri gestiune 1 firma,0,BUC,0,0,,EUR,21,
00445338,50711-LEJ2-E10-NEA,"50711-LEJ2-E10-NEA STEP R, RR STEP",Pe comanda,Marfuri gestiune 1 firma,1,BUC,0,0,,EUR,21,
00448235,50712-KKAK-900,50712-KKAK-900 HOLDER RR L STEP,Pe comanda,Marfuri gestiune 1 firma,1,BUC,0,0,,EUR,21,
00445163,50713-KEB7-900,50713-KEB7-900 SPRING,Pe comanda,Marfuri gestiune 1 firma,0,BUC,0,0,,EUR,21,
00445164,50715-LEC8-E00,50715-LEC8-E00 PIN RR STEP,Pe comanda,Marfuri gestiune 1 firma,0,BUC,0,0,,EUR,21,
00445165,50717-LEC8-E00,50717-LEC8-E00 STAY SET R RR STEP,Pe comanda,Marfuri gestiune 1 firma,0,BUC,0,0,,EUR,21,
00451441,5071A-AHA7-C00,5071A-AHA7-C00 BAR R ASSY RR STEP,Pe comanda,Marfuri gestiune 1 firma,1,BUC,119.0083,144,,EUR,21,Scarita dreapta
00448691,5071A-LBC6-90A,5071A-LBC6-90A MA6044 FOOT REST FELT,Pe comanda,Marfuri gestiune 1 firma,0,BUC,0,0,,EUR,21,
00451426,5071A-LDA6-C00,5071A-LDA6-C00 - BAR R STEP,Pe comanda,Marfuri gestiune 1 firma,0,BUC,17,17,,EUR,21,Scarita dreapta
00445809,5071A-LDC1-91A,5071A-LDC1-91A BAR R STEP ASSY,Pe comanda,Marfuri gestiune 1 firma,1,BUC,0,0,,EUR,21,
00446320,5071A-LEJ2-E10,5071A-LEJ2-E10 BAR ASSY R RR STEP,Pe comanda,Marfuri gestiune 1 firma,1,BUC,0,0,,EUR,21,
00450596,5071B-LBC6-90A,5071B-LBC6-90A STEP L,Pe comanda,Marfuri gestiune 1 firma,0,BUC,11.21,13.34,,EUR,21,Scarita stanga
00449279,5071B-LDA6-C00,5071B-LDA6-C00 BAR STEP L ASSY,Pe comanda,Marfuri gestiune 1 firma,0,BUC,0,0,,EUR,21,
00445810,5071B-LDC1-91A,5071B-LDC1-91A BAR L STEP ASSY,Pe comanda,Marfuri gestiune 1 firma,1,BUC,0,0,,EUR,21,
00445339,5071B-LEJ2-E10,5071B-LEJ2-E10 BAR ASSY L RR STEP,Pe comanda,Marfuri gestiune 1 firma,1,BUC,0,0,,EUR,21,
00448373,5071B-LFG2-E00,5071B-LFG2-E00 BAR L STEP ASSY,Pe comanda,Marfuri gestiune 1 firma,0,BUC,0,0,,EUR,21,
00449164,51208-KEE5-004,51208-KEE5-004 BUSH REAR FORK,Pe comanda,Marfuri gestiune 1 firma,2,BUC,0,0,,EUR,21,
00451621,51400-BBD9-EA5-NES,51400-BBD9-EA5-NES FORK ASSY RH FR,Pe comanda,Marfuri gestiune 1 firma,0,BUC,392.562,475,,EUR,21,Jamba furca dr fata
00445166,51400-LCA4-E00-R8S,51400-LCA4-E00-R8S CUSHION ASSY FR,Pe comanda,Marfuri gestiune 1 firma,1,BUC,0,0,,EUR,21,
00451312,51400-LDB5-E01-N1S,51400-LDB5-E01-N1S CUSHION ASSY FR,Pe comanda,Marfuri gestiune 1 firma,0,BUC,533.0579,645,,EUR,21,Amortizor fata
00448640,51400-LDE9-E03-N1S,51400-LDE9-E03-N1S CUSHION ASSY FR,Pe comanda,Marfuri gestiune 1 firma,0,BUC,0,0,,EUR,21,
00448798,51400-LDE9-E03-R8S,51400-LDE9-E03-R8S CUSHION ASSY FR,Pe comanda,Marfuri gestiune 1 firma,0,BUC,0,0,,EUR,21,
00445418,51400-LDF7-E10,51400-LDF7-E10 FORK ASSY R FR,Pe comanda,Marfuri gestiune 1 firma,0,BUC,0,0,,EUR,21,
00451272,51400-LEA7-E00-NEA,51400-LEA7-E00-NEA FORK ASSY R FR,Pe comanda,Marfuri gestiune 1 firma,0,BUC,101.58,120.88,,EUR,21,Amortizor dreapta fata
00449078,51400-LFE9-E00-MAS,51400-LFE9-E00-MAS CUSHION ASSY FR,Pe comanda,Marfuri gestiune 1 firma,0,BUC,0,0,,EUR,21,
00448269,51400-LFE9-E00-MB5,51400-LFE9-E00-MB5 CUSHION ASSY FR,Pe comanda,Marfuri gestiune 1 firma,0,BUC,0,0,,EUR,21,
00451587,51400-LGC6-E00-T03,51400-LGC6-E00-T03 FORK ASSY FR R,Pe comanda,Marfuri gestiune 1 firma,0,BUC,1047.9339,1268,,EUR,21,FURCA DREAPTA
00451454,51400-LLB1-800-N1S,51400-LLB1-800-N1S CUSHION ASSY RR,Pe comanda,Marfuri gestiune 1 firma,2,BUC,259.5041,314,,EUR,21,Amortizor fata
00445833,51400-LLB1-900-N1S,51400-LLB1-900-N1S CUSHION ASSY FR,Pe comanda,Marfuri gestiune 1 firma,4,BUC,0,0,,EUR,21,
00451088,51400-YZA6-EZ5,51400-YZA6-EZ5 FRONT RIGHT SHOCK ABSORBER,Pe comanda,Marfuri gestiune 1 firma,0,BUC,425.6198,515,,EUR,21,Jamba dreapta
00450255,51401-LEC8-E00-MA8158,51401-LEC8-E00-MA8158 FORK SPRING,Pe comanda,Marfuri gestiune 1 firma,0,BUC,6.72,8,,EUR,21,Arc furca
00449140,5140A-ALJ8-E10-NEA,5140A-ALJ8-E10-NEA FORK SET R FR,Pe comanda,Marfuri gestiune 1 firma,0,BUC,0,0,,EUR,21,
00451111,51410-KKAK-900,51410-KKAK-900 FORK PIPE COMP,Pe comanda,Marfuri gestiune 1 firma,0,BUC,25.62,30.49,,EUR,21,Amortizor
00448633,51410-LBA2-E00,51410-LBA2-E00 PIPE COMP FR FORK,Pe comanda,Marfuri gestiune 1 firma,0,BUC,0,0,,EUR,21,
00445973,51410-LEC8-E00,51410-LEC8-E00 FORK PIPE COMP,Pe comanda,Marfuri gestiune 1 firma,3,BUC,0,0,,EUR,21,
00448157,51410-LKG7-E00,51410-LKG7-E00 FORK PIPE COMP,Pe comanda,Marfuri gestiune 1 firma,0,BUC,0,0,,EUR,21,
00450512,51410-LKH3-C00,51410-LKH3-C00 FORK PIPE COMP,Pe comanda,Marfuri gestiune 1 firma,0,BUC,28.82,34.3,,EUR,21,Teava furca
00446637,51411-KEBE-E00,51411-KEBE-E00 BOOT,Pe comanda,Marfuri gestiune 1 firma,0,BUC,0,0,,EUR,21,
00445289,51411-KHD8-900,51411-KHD8-900 BOOT,Pe comanda,Marfuri gestiune 1 firma,8,BUC,0,0,,EUR,21,Burduf furca
00450933,51411-KKE5-E00,51411-KKE5-E00 FORK FENDER,Pe comanda,Marfuri gestiune 1 firma,0,BUC,3.48,4.14,,EUR,21,Protectie furca aripa
00448673,51413-KEBE-E00,51413-KEBE-E00 BOOT BAND,Pe comanda,Marfuri gestiune 1 firma,2,BUC,0,0,,EUR,21,
00447438,51416-LBA2-E00,51416-LBA2-E00 GUIDE BUSH,Pe comanda,Marfuri gestiune 1 firma,1,BUC,0,0,,EUR,21,
00449012,51416-LDH1-E00,51416-LDH1-E00 GUIDE BUSH,Pe comanda,Marfuri gestiune 1 firma,0,BUC,61.9835,75,,EUR,21,Cuzinet furca
00449248,51420-KED9-900,51420-KED9-900 BOTTOM CASE L,Pe comanda,Marfuri gestiune 1 firma,0,BUC,0,0,,EUR,21,
00446048,51423-KED9-900,51423-KED9-900 OIL SEAL,Pe comanda,Marfuri gestiune 1 firma,4,BUC,0,0,,EUR,21,Simering ulei furca
00445290,51423-KKAK-900,51423-KKAK-900 OIL SEAL,Pe comanda,Marfuri gestiune 1 firma,9,BUC,0,0,,EUR,21,Simering furca
00448634,51423-LHG7-E00,51423-LHG7-E00 OIL SEAL,Pe comanda,Marfuri gestiune 1 firma,0,BUC,0,0,,EUR,21,
00451056,51424-KKAK-900,51424-KKAK-900 SPACER,Pe comanda,Marfuri gestiune 1 firma,0,BUC,0.93,1.11,,EUR,21,Distantier
00448345,51425-LEA7-E00,51425-LEA7-E00 FORK FENDER,Pe comanda,Marfuri gestiune 1 firma,0,BUC,0,0,,EUR,21,
00451452,51427-KED9-900,51427-KED9-900 DUST SEAL,Pe comanda,Marfuri gestiune 1 firma,7,BUC,24.7934,30,,EUR,21,Simering praf furca
00445291,51427-KKAK-900,51427-KKAK-900 DUST SEAL,Pe comanda,Marfuri gestiune 1 firma,11,BUC,0,0,,EUR,21,Simering praf
00451122,51427-KKAK-900-MX2641,51427-KKAK-900-MX2641 DUST SEAL,Pe comanda,Marfuri gestiune 1 firma,0,BUC,2.35,2.8,,EUR,21,Simering praf
00450452,51427-LDH1-C00,51427-LDH1-C00 DUST SEAL,Pe comanda,Marfuri gestiune 1 firma,0,BUC,2.28,2.71,,EUR,21,Garnitura praf
00449013,51427-LDH1-E00,51427-LDH1-E00 DUST SEAL,Pe comanda,Marfuri gestiune 1 firma,0,BUC,20.6612,25,,EUR,21,Simering praf
00451443,51427-LGC6-E00,51427-LGC6-E00 DUST SEAL,Pe comanda,Marfuri gestiune 1 firma,0,BUC,4.1322,5,,EUR,21,Simering praf
00451057,51427-LGC6-E02,51427-LGC6-E02 DUST SEAL,Pe comanda,Marfuri gestiune 1 firma,0,BUC,4.07,4.92,,EUR,21,Simering praf
00445292,51428-KKAK-900,51428-KKAK-900 RING OIL STOPPER,Pe comanda,Marfuri gestiune 1 firma,8,BUC,0,0,,EUR,21,
00445600,51428-LDC8-E10,51428-LDC8-E10 OIL SEAL STOPPER,Pe comanda,Marfuri gestiune 1 firma,2,BUC,0,0,,EUR,21,
00448458,51430-LDH1-E00,51430-LDH1-E00 SLIDE PAD,Pe comanda,Marfuri gestiune 1 firma,0,BUC,0,0,,EUR,21,
00448361,51430-LEA7-E00,51430-LEA7-E00 SLIDE PAD,Pe comanda,Marfuri gestiune 1 firma,1,BUC,0,0,,EUR,21,
00451318,51431-KED9-900,51431-KED9-900 GUIDE BUSH,Pe comanda,Marfuri gestiune 1 firma,4,BUC,2.895,3.5,,EUR,21,Bucsa ghidare
00451319,51431-LGC6-E00,51431-LGC6-E00 GUIDE BUSH,Pe comanda,Marfuri gestiune 1 firma,0,BUC,3.705,4.48,,EUR,21,Bucsa ghidare
00450552,51437-LDH1-E00,51437-LDH1-E00 PISTON RING,Pe comanda,Marfuri gestiune 1 firma,0,BUC,0.93,1.11,,EUR,21,
00445419,51500-LDF7-E10,51500-LDF7-E10 FORK ASSY L FR,Pe comanda,Marfuri gestiune 1 firma,0,BUC,0,0,,EUR,21,
00445230,51500-LEC8-E00-HJA,51500-LEC8-E00-HJA FORK ASSY L FR,Pe comanda,Marfuri gestiune 1 firma,1,BUC,0,0,,EUR,21,
00451089,51500-YZA6-EZ5,51500-YZA6-EZ5 FRONT LEFT SHOCK ABSORBER,Pe comanda,Marfuri gestiune 1 firma,0,BUC,40,47.6,,EUR,21,Jamba stanga
00449141,5150A-ALJ8-E10-NEA,5150A-ALJ8-E10-NEA FORK SET L FR,Pe comanda,Marfuri gestiune 1 firma,0,BUC,0,0,,EUR,21,
00449249,51520-KED9-900,51520-KED9-900 BOTTOM CASE L,Pe comanda,Marfuri gestiune 1 firma,0,BUC,0,0,,EUR,21,
00450474,51521-LGC6-E00-NEA,51521-LGC6-E00-NEA STAY FR FENDER L,Pe comanda,Marfuri gestiune 1 firma,0,BUC,6.01,7.15,,EUR,21,Suport aripa st
00447880,51601-KED9-900-NJA,51601-KED9-900-NJA STAY R HEAD LIGHT,Pe comanda,Marfuri gestiune 1 firma,0,BUC,0,0,,EUR,21,
00447881,51602-KED9-900-NJA,51602-KED9-900-NJA STAY L HEAD LIGHT,Pe comanda,Marfuri gestiune 1 firma,0,BUC,0,0,,EUR,21,
00451070,51607-YZA6-EZ5,51607-YZA6-EZ5 FRONT HOOD BRACKET ASSEMBLY,Pe comanda,Marfuri gestiune 1 firma,0,BUC,155.3719,188,,EUR,21,Ansamblu suport fata
00446680,52010-LDB5-E00,52010-LDB5-E00 PIPE ASSY R HOUSING,Pe comanda,Marfuri gestiune 1 firma,0,BUC,0,0,,EUR,21,
00446681,52020-LDB5-E00,52020-LDB5-E00 PIPE ASSY L HOUSING,Pe comanda,Marfuri gestiune 1 firma,0,BUC,0,0,,EUR,21,
00451103,52100-LLB1-800,52100-LLB1-800 FORK COMP RR,Pe comanda,Marfuri gestiune 1 firma,0,BUC,60.69,72.22,,EUR,21,Bascula spate
00447752,52101-LDB5-E00,52101-LDB5-E00 BOOT REAR PROPELLER,Pe comanda,Marfuri gestiune 1 firma,0,BUC,0,0,,EUR,21,
00447282,52101-LLB1-900,52101-LLB1-900 COLLAR RR FORK DIST,Marfuri,Marfuri gestiune 1 firma,1,BUC,0,0,,EUR,21,Distantier furca spate
00450713,52103-ALC1-E00,52103-ALC1-E00 SLEEVE SUSPENSION,Pe comanda,Marfuri gestiune 1 firma,0,BUC,6.28,7.47,,EUR,21,Bucsa suspensie
00447200,52103-PWB1-900,52103-PWB1-900 SLEEVE SUSPENSION,Pe comanda,Marfuri gestiune 1 firma,2,BUC,25.6198,31,,EUR,21,Bucsa suspensie
00447201,52104-PWB1-900,52104-PWB1-900 SLEEVE SUSPENSION,Marfuri,Marfuri gestiune 1 firma,0,BUC,20.6612,25,,EUR,21,Bucsa suspensie
00448290,52104-PWB1-900,52104-PWB1-900 MV7506 SLEEVE F WHEEL SUSPENSION,Pe comanda,Marfuri gestiune 1 firma,0,BUC,0,0,,EUR,21,
00447283,52105-LLB1-900,52105-LLB1-900 RUBBER SLEEVE,Pe comanda,Marfuri gestiune 1 firma,1,BUC,0,0,,EUR,21,
00445853,52108-KEE5-004,52108-KEE5-004 BUSH REAR FORK,Marfuri,Marfuri gestiune 1 firma,4,BUC,37.1901,45,,EUR,21,Bucsa bascula spate
00449818,52108-KEE5-004-FS2,52108-KEE5-004-FS2 BUSH RR FORK,Pe comanda,Marfuri gestiune 1 firma,2,BUC,0,0,,EUR,21,
00449799,52108-KEE5-004-MV0204,52108-KEE5-004-MV0204 BUCSA,Pe comanda,Marfuri gestiune 1 firma,0,BUC,0,0,,EUR,21,
00445546,52108-KFW6-901,52108-KFW6-901 COLLAR CHAIN SLIDER,Pe comanda,Marfuri gestiune 1 firma,2,BUC,0,0,,EUR,21,
00447202,52108-PWB1-900,52108-PWB1-900 BUSHING SUSPENSION,Marfuri,Marfuri gestiune 1 firma,44,BUC,11.5702,14,,EUR,21,Bucsa suspensie brat
00448777,52108-PWB1-900,52108-PWB1-900 MV7507 SEAL F WHEEL,Pe comanda,Marfuri gestiune 1 firma,0,BUC,0,0,,EUR,21,
00449839,52108-PWB1-900-FS9,52108-PWB1-900-FS9 SUSPENSOR BUSHING,Pe comanda,Marfuri gestiune 1 firma,14,BUC,0,0,,EUR,21,
00448248,52111-LDE9-E00,52111-LDE9-E00 HOLDER GREASE,Pe comanda,Marfuri gestiune 1 firma,2,BUC,0,0,,EUR,21,Capac
00449014,52115-LBA7-E70,52115-LBA7-E70 TRAILER RR FORK,Pe comanda,Marfuri gestiune 1 firma,0,BUC,0,0,,EUR,21,
00445601,52130-PWA1-900,52130-PWA1-900 STOPPER ASSY REAR,Pe comanda,Marfuri gestiune 1 firma,0,BUC,0,0,,EUR,21,
00445667,52144-LBA7-900,52144-LBA7-900 CAP RR FORK DUST SEAL,Marfuri,Marfuri gestiune 1 firma,5,BUC,20.6612,25,,EUR,21,Capacel bucsa bascula
00447203,52144-PWB1-900,52144-PWB1-900 SEAL SUSPENSION,Marfuri,Marfuri gestiune 1 firma,24,BUC,10.7438,13,,EUR,21,Simering bucsa suspensie
00448291,52144-PWB1-900,52144-PWB1-900 MV7508 SEAL F WHEEL SUSPENSION,Pe comanda,Marfuri gestiune 1 firma,26,BUC,0,0,,EUR,21,
00445547,52171-KKAK-900,52171-KKAK-900 SLIDER CHAIN,Pe comanda,Marfuri gestiune 1 firma,1,BUC,0,0,,EUR,21,
00447562,52171-LBA7-900,52171-LBA7-900 SLIDER CHAIN,Marfuri,Marfuri gestiune 1 firma,1,BUC,45.4545,55,,EUR,21,Patina lant
00448180,52171-LEC8-E00,52171-LEC8-E00 SLIDER CHAIN,Pe comanda,Marfuri gestiune 1 firma,2,BUC,0,0,,EUR,21,Intinzator lant
00450965,52171-LEC8-E00-MA8168,52171-LEC8-E00-MA8168 SLIDER CHAIN,Pe comanda,Marfuri gestiune 1 firma,0,BUC,12.7,15.11,,EUR,21,Intinzator lant
00448137,52174-LBA7-900,52174-LBA7-900 RUBBER CHAIN DRIVE,Pe comanda,Marfuri gestiune 1 firma,0,BUC,0,0,,EUR,21,
00449040,52400-ALC5-M41-N1S,52400-ALC5-M41-N1S CUSHION ASSY REAR,Pe comanda,Marfuri gestiune 1 firma,0,BUC,0,0,,EUR,21,Amortizor spate
00447606,52400-KGB5-900-R8S,52400-KGB5-900-R8S CUSHION ASSY RR,Pe comanda,Marfuri gestiune 1 firma,0,BUC,0,0,,EUR,21,Amortizor spate
00447894,52400-KKAK-900,52400-KKAK-900 CUSHION ASSY REA,Pe comanda,Marfuri gestiune 1 firma,2,BUC,0,0,,EUR,21,Amortizor spate
00450465,52400-LBA2-E80-N8S,52400-LBA2-E80-N8S CUSHION ASSY R RR,Pe comanda,Marfuri gestiune 1 firma,0,BUC,70.7,84.13,,EUR,21,Amortizor spate
00445902,52400-LBA7-900-R8S,52400-LBA7-900-R8S CUSHION ASSY REAR,Pe comanda,Marfuri gestiune 1 firma,0,BUC,0,0,,EUR,21,Amortizor spate
00449059,52400-LBA8-E80,52400-LBA8-E80 CUSHION ASSY RR,Pe comanda,Marfuri gestiune 1 firma,0,BUC,0,0,,EUR,21,Amortizor spate
00447991,52400-LBD5-E00-M25,52400-LBD5-E00-M25 CUSHION ASSY REAR,Pe comanda,Marfuri gestiune 1 firma,5,BUC,0,0,,EUR,21,Amortizor spate
00450535,52400-LCA4-E00-R8S,52400-LCA4-E00-R8S CUSHION ASSY RR,Pe comanda,Marfuri gestiune 1 firma,0,BUC,466.9421,565,,EUR,21,Amortizor spate
00447905,52400-LCA5-E00-R8S,52400-LCA5-E00-R8S CUSHIONASSY REAR,Pe comanda,Marfuri gestiune 1 firma,0,BUC,0,0,,EUR,21,Amortizor spate
00449190,52400-LDB2-E00-NES,52400-LDB2-E00-NES CUSHIN ASSR R RR,Pe comanda,Marfuri gestiune 1 firma,0,BUC,0,0,,EUR,21,Amortizor spate
00447157,52400-LDB5-E01-N1S,52400-LDB5-E01-N1S CUSHION ASSY RR,Pe comanda,Marfuri gestiune 1 firma,0,BUC,491.7355,595,,EUR,21,Amortizor spate
00451564,52400-LDC8-E10-R8S,52400-LDC8-E10-R8S CUSHION ASSY RR,Pe comanda,Marfuri gestiune 1 firma,0,BUC,231.405,280,,EUR,21,Amortizor spate
00448346,52400-LDF7-E10,52400-LDF7-E10 CUSHION ASSY RR,Pe comanda,Marfuri gestiune 1 firma,0,BUC,0,0,,EUR,21,Amortizor spate
00446456,52400-LDH1-E00-N8S,52400-LDH1-E00-N8S CUSHION ASSY REAR,Pe comanda,Marfuri gestiune 1 firma,2,BUC,0,0,,EUR,21,Amortizor spate
00448042,52400-LEA7-E00-NES,52400-LEA7-E00-NES CUSHION ASSY RR,Pe comanda,Marfuri gestiune 1 firma,0,BUC,0,0,,EUR,21,Amortizor spate
00448771,52400-LEC8-E00-R8S,52400-LEC8-E00-R8S CUSHION ASSY REAR,Pe comanda,Marfuri gestiune 1 firma,0,BUC,0,0,,EUR,21,Amortizor spate
00450413,52400-LEJ3-E10-N1S,52400-LEJ3-E10-N1S CUSHION ASSY RR BLACK,Pe comanda,Marfuri gestiune 1 firma,0,BUC,29.76,35.41,,EUR,21,Amortizor spate
00448869,52400-LFE9-E00-MBS,52400-LFE9-E00-MBS CUSHION ASSY RR,Pe comanda,Marfuri gestiune 1 firma,0,BUC,0,0,,EUR,21,Amortizor spate
00447626,52400-LHG7-E00-N1S,52400-LHG7-E00-N1S CUSHION ASSY REAR,Pe comanda,Marfuri gestiune 1 firma,0,BUC,0,0,,EUR,21,Amortizor spate
00449191,52400-LKD1-E10-N1S,52400-LKD1-E10-N1S CUSHION ASSY RR,Pe comanda,Marfuri gestiune 1 firma,0,BUC,0,0,,EUR,21,Amortizor spate
00450576,52400-LLB1-800-N1S,52400-LLB1-800-N1S CUSHION ASSY RR,Pe comanda,Marfuri gestiune 1 firma,0,BUC,51.17,60.89,,EUR,21,Amortizor spate
00449580,52400-LLJ3-E30,52400-LLJ3-E30 CUSHION ASSY RR,Pe comanda,Marfuri gestiune 1 firma,0,BUC,0,0,,EUR,21,Amortizor spate
00448870,52400-PWA1-900-N1S,52400-PWA1-900-N1S CUSHION ASSY REAR,Pe comanda,Marfuri gestiune 1 firma,0,BUC,0,0,,EUR,21,Amortizor spate
00448641,52400-PWA1-900-R85,52400-PWA1-900-R85 CUSHION ASSY REAR,Pe comanda,Marfuri gestiune 1 firma,0,BUC,0,0,,EUR,21,Amortizor spate
00445768,52400-PWA2-900-MBS,52400-PWA2-900-MBS CUSHION ASSY REAR,Pe comanda,Marfuri gestiune 1 firma,0,BUC,0,0,,EUR,21,Amortizor spate
00451181,52400-PWA2-900-N8S,52400-PWA2-900-N8S CUSHION ASSY RR BRIGHT SILVER,Pe comanda,Marfuri gestiune 1 firma,0,BUC,65,77.35,,EUR,21,Amortizor
00447396,52400-PWA2-900-R8S,52400-PWA2-900-R8S CUSHION ASSY REAR,Pe comanda,Marfuri gestiune 1 firma,1,BUC,0,0,,EUR,21,Amortizor spate
00447627,52500-LHG7-E00-N1S,52500-LHG7-E00-N1S CUSHION ASSY L RR,Pe comanda,Marfuri gestiune 1 firma,0,BUC,0,0,,EUR,21,
00451060,53100-ALC1-E00,53100-ALC1-E00 HANDLEBAR,Pe comanda,Marfuri gestiune 1 firma,0,BUC,33.97,40.42,,EUR,21,Ghidon MXU 700
00447858,53100-ALD6-E00,53100-ALD6-E00 HANDLEBAR,Pe comanda,Marfuri gestiune 1 firma,0,BUC,0,0,,EUR,21,Ghidon
00447386,53100-KEC2-810,53100-KEC2-810 HANDLE COMP STRG,Pe comanda,Marfuri gestiune 1 firma,0,BUC,0,0,,EUR,21,Ghidon
00446833,53100-KED9-900,53100-KED9-900 HANDLE COMP STRG,Pe comanda,Marfuri gestiune 1 firma,0,BUC,0,0,,EUR,21,Ghidon
00445937,53100-LBA7-E00,53100-LBA7-E00 HANDLE COMP STRG,Pe comanda,Marfuri gestiune 1 firma,0,BUC,0,0,,EUR,21,Ghidon
00447000,53100-LCA5-E00-N1S,53100-LCA5-E00-N1S HANDLE PIPE STRG,Pe comanda,Marfuri gestiune 1 firma,0,BUC,238.0165,288,,EUR,21,Ghidon
00446747,53100-LCB9-C10,53100-LCB9-C10 HANDLE COMP STEERING,Pe comanda,Marfuri gestiune 1 firma,0,BUC,0,0,,EUR,21,Ghidon
00446391,53100-LDB5-E01,53100-LDB5-E01 HANDLE BAR,Pe comanda,Marfuri gestiune 1 firma,1,BUC,0,0,,EUR,21,Ghidon
00447084,53100-LDF3-E00-NJS,53100-LDF3-E00-NJS HANDLE PIPE STRG,Pe comanda,Marfuri gestiune 1 firma,0,BUC,0,0,,EUR,21,Ghidon
00446979,53100-LFC3-E10,53100-LFC3-E10 HANDLE COMP STRGM,Pe comanda,Marfuri gestiune 1 firma,0,BUC,0,0,,EUR,21,Ghidon
00449176,53100-LFE9-E00,53100-LFE9-E00 HANDLE BAR,Pe comanda,Marfuri gestiune 1 firma,0,BUC,0,0,,EUR,21,Ghidon
00448664,53100-LHM2-E00,53100-LHM2-E00 HANDLE PIPE STRG,Pe comanda,Marfuri gestiune 1 firma,0,BUC,0,0,,EUR,21,Ghidon
00451320,53100-LKH3-C00,53100-LKH3-C00 HANDLE COMP STRG,Pe comanda,Marfuri gestiune 1 firma,0,BUC,14.36,17.38,,EUR,21,
00451085,53100-YZA6-EZ5,53100-YZA6-EZ5 STEERING HANDLE,Pe comanda,Marfuri gestiune 1 firma,0,BUC,16,19.04,,EUR,21,Ghidon
00449045,53102-KEC3-C00,53102-KEC3-C00 END HANDLE,Pe comanda,Marfuri gestiune 1 firma,0,BUC,0,0,,EUR,21,
00449677,53102-KEC8-C00,53102-KEC8-C00 END HANDLE,Pe comanda,Marfuri gestiune 1 firma,0,BUC,0,0,,EUR,21,
00449015,53102-LDF3-E00,53102-LDF3-E00 STAY HANDLE COVER,Pe comanda,Marfuri gestiune 1 firma,0,BUC,0,0,,EUR,21,
00449253,53102-LFC3-E10,53102-LFC3-E10 END STRG HANDLE,Pe comanda,Marfuri gestiune 1 firma,0,BUC,0,0,,EUR,21,
00445167,53104-LEC8-E00,53104-LEC8-E00 WEIGT A HANDLE,Pe comanda,Marfuri gestiune 1 firma,0,BUC,0,0,,EUR,21,
00446748,53105-KED9-900,53105-KED9-900 BRKT HANDLE,Pe comanda,Marfuri gestiune 1 firma,2,BUC,0,0,,EUR,21,
00446369,53105-KFC8-900,53105-KFC8-900 END R STRG HANDLE,Pe comanda,Marfuri gestiune 1 firma,1,BUC,0,0,,EUR,21,
00450540,53105-KNBN-910,53105-KNBN-910 ENG STRG HANDLE,Pe comanda,Marfuri gestiune 1 firma,0,BUC,1.28,1.52,,EUR,21,Capat ghidon
00449529,53105-LBB5-C00,53105-LBB5-C00 END R STRG HANDLE,Pe comanda,Marfuri gestiune 1 firma,0,BUC,0,0,,EUR,21,
00449054,53105-LDB5-C00,53105-LDB5-C00 END R STRG HANDLE,Pe comanda,Marfuri gestiune 1 firma,0,BUC,0,0,,EUR,21,
00450754,53105-LEA5-E00-N1S,53105-LEA5-E00-N1S END R HANDLE,Pe comanda,Marfuri gestiune 1 firma,0,BUC,6.15,7.32,,EUR,21,Capat ghidon dreapta
00448085,53105-LEA7-E00,53105-LEA7-E00 END R STRG HANDLE/BLACK,Pe comanda,Marfuri gestiune 1 firma,0,BUC,0,0,,EUR,21,
00449331,53105-LEA7-E00-N1S,53105-LEA7-E00-N1S END R HANDLE,Pe comanda,Marfuri gestiune 1 firma,0,BUC,0,0,,EUR,21,
00449254,53105-LFC3-E00,53105-LFC3-E00 END STRG HANDLE,Pe comanda,Marfuri gestiune 1 firma,0,BUC,0,0,,EUR,21,
00448010,53105-LFC4-E10,53105-LFC4-E10 END R HANDLE,Pe comanda,Marfuri gestiune 1 firma,0,BUC,0,0,,EUR,21,
00447684,53105-LGR5-E10,53105-LGR5-E10 END R HANDLE,Pe comanda,Marfuri gestiune 1 firma,1,BUC,0,0,,EUR,21,
00449287,53105-PWB1-900,53105-PWB1-900 CAP RR FORK DUST SEAL,Pe comanda,Marfuri gestiune 1 firma,0,BUC,0,0,,EUR,21,
00446370,53106-KFC8-900,53106-KFC8-900 END 6 STRG HANDLE,Pe comanda,Marfuri gestiune 1 firma,1,BUC,0,0,,EUR,21,
00448086,53106-LEA7-E00,53106-LEA7-E00 END L STRG HANDLE,Pe comanda,Marfuri gestiune 1 firma,0,BUC,0,0,,EUR,21,
00450755,53106-LEA7-E00-N1S,53106-LEA7-E00-N1S END L HANDLE,Pe comanda,Marfuri gestiune 1 firma,0,BUC,7.34,8.73,,EUR,21,Capat ghidon stanga
00445395,5312A-LBA7-900,5312A-LBA7-900 LEVER ASSY THROT,Pe comanda,Marfuri gestiune 1 firma,2,BUC,0,0,,EUR,21,
00450840,53132-LLB1-900,53132-LLB1-900 HOLDER UNDER HANDLE PIPE,Pe comanda,Marfuri gestiune 1 firma,0,BUC,7.73,9.2,,EUR,21,Prindere ghidon
00447186,53140-KED9-900,53140-KED9-900 GRIP COMP THROTTLE,Pe comanda,Marfuri gestiune 1 firma,0,BUC,0,0,,EUR,21,
00445168,53140-KFC8-900-N1R,53140-KFC8-900-N1R GRIP COMP THROT BLACK,Pe comanda,Marfuri gestiune 1 firma,1,BUC,0,0,,EUR,21,
00448309,53140-KHE7-900-N1R,53140-KHE7-900-N1R GRUP COMP THROT,Pe comanda,Marfuri gestiune 1 firma,0,BUC,41.3223,50,,EUR,21,Manson acceleratie
00445169,53140-KKC3-900-N1R,53140-KKC3-900-N1R GRIP COMP THROT,Pe comanda,Marfuri gestiune 1 firma,0,BUC,0,0,,EUR,21,
00446031,53140-KNBN-960-N1R,53140-KNBN-960-N1R GRIP COMP THROT,Pe comanda,Marfuri gestiune 1 firma,1,BUC,0,0,,EUR,21,
00451459,53140-KNBN-C00-N1R,53140-KNBN-C00-N1R GRIP COMP TROTTLE,Pe comanda,Marfuri gestiune 1 firma,1,BUC,23.1405,28,,EUR,21,Manson acceleratie
00447284,53140-LEA7-E00-H5R,53140-LEA7-E00-H5R GRIP COMP THROT,Pe comanda,Marfuri gestiune 1 firma,1,BUC,0,0,,EUR,21,Manson acceleratie
00449288,53140-LEA7-E00-N1R,53140-LEA7-E00-N1R GRIP L HANDLE BLACK,Pe comanda,Marfuri gestiune 1 firma,0,BUC,0,0,,EUR,21,Manson acceleratie
00451147,53140-LEJ2-E10,53140-LEJ2-E10 GRIP COMP TROTTLE,Pe comanda,Marfuri gestiune 1 firma,0,BUC,2.94,3.5,,EUR,21,Manson acceleratie
00450492,53140-LHJ3-900-N1R,53140-LHJ3-900-N1R GRIP COMP THROT,Pe comanda,Marfuri gestiune 1 firma,1,BUC,58,58,,EUR,21,Manson acceleratie
00445733,53143-KKAK-900,53143-KKAK-900 CAP HANDLE GRIP,Pe comanda,Marfuri gestiune 1 firma,1,BUC,0,0,,EUR,21,
00447882,53150-KED9-900,53150-KED9-900 GRIP COMP L HANDLE,Pe comanda,Marfuri gestiune 1 firma,0,BUC,0,0,,EUR,21,
00447285,53150-LEA6-900-H2R,53150-LEA6-900-H2R GRIP COMP L HANDLE,Pe comanda,Marfuri gestiune 1 firma,0,BUC,0,0,,EUR,21,
00447463,53150-LEA6-900-H5R,53150-LEA6-900-H5R GRIP COMP L HANDLE,Pe comanda,Marfuri gestiune 1 firma,1,BUC,0,0,,EUR,21,Manson stanga
00449289,53150-LEA6-900-N1R,53150-LEA6-900-N1R GRIP COMP L HANDLE BLACK,Pe comanda,Marfuri gestiune 1 firma,0,BUC,47.9339,58,,EUR,21,Manson stanga
00447587,53150-LFA6-900-H5R,53150-LFA6-900-H5R GRIP COMP L HANDLE,Pe comanda,Marfuri gestiune 1 firma,0,BUC,0,0,,EUR,21,
00447474,53160-LLB1-800,53160-LLB1-800 LEVER CHOKE,Pe comanda,Marfuri gestiune 1 firma,0,BUC,0,0,,EUR,21,
00447619,53166-KEC5-001,53166-KEC5-001 GRIP L HANDLE,Pe comanda,Marfuri gestiune 1 firma,2,BUC,0,0,,EUR,21,
00445170,53166-KGB5-900-N1R,53166-KGB5-900-N1R GRIP L HANDLE BLACK,Pe comanda,Marfuri gestiune 1 firma,0,BUC,0,0,,EUR,21,
00448310,53166-KNBN-911-N1R,53166-KNBN-911-N1R FGRUP HANDLE L,Pe comanda,Marfuri gestiune 1 firma,0,BUC,0,0,,EUR,21,
00448311,53166-KNBN-911-N1R,53166-KNBN-911-N1R FGRIP HANDLE L,Pe comanda,Marfuri gestiune 1 firma,0,BUC,23.1405,28,,EUR,21,Manson
00451148,53166-LEJ2-E10,53166-LEJ2-E10 GRIP L HANDLE,Pe comanda,Marfuri gestiune 1 firma,0,BUC,1.75,2.08,,EUR,21,Manson stanga
00449290,53166-LGN5-E00,53166-LGN5-E00 GRUP HANDLEBAR,Pe comanda,Marfuri gestiune 1 firma,0,BUC,0,0,,EUR,21,
00449751,53166-PTA7-900,53166-PTA7-900 GRIP HANDLE,Pe comanda,Marfuri gestiune 1 firma,0,BUC,0,0,,EUR,21,
00445903,53172-KED9-900,53172-KED9-900 BRKT HANDLE L,Pe comanda,Marfuri gestiune 1 firma,1,BUC,0,0,,EUR,21,
00448506,53172-KKA8-900,53172-KKA8-900 BRKT HANDLE,Pe comanda,Marfuri gestiune 1 firma,0,BUC,0,0,,EUR,21,
00449752,53172-KKAK-900,53172-KKAK-900 BRKT HANDLE L,Pe comanda,Marfuri gestiune 1 firma,0,BUC,0,0,,EUR,21,
00445854,53172-KTCT-900,53172-KTCT-900 BRKT HANDLE L,Pe comanda,Marfuri gestiune 1 firma,1,BUC,0,0,,EUR,21,
00448772,53172-LEC8-E00,53172-LEC8-E00 BRKT HANDLE L,Pe comanda,Marfuri gestiune 1 firma,0,BUC,0,0,,EUR,21,
00450603,53172-LGR3-E10,53172-LGR3-E10 BRKT HANDLE L,Pe comanda,Marfuri gestiune 1 firma,0,BUC,5.54,6.59,,EUR,21,Flansa prindere ghidon
00448915,53174-KKAK-900,53174-KKAK-900 COVER L HANDLE LEVER,Pe comanda,Marfuri gestiune 1 firma,0,BUC,0,0,,EUR,21,
00450247,53175-KFA5-E11-M3A,53175-KFA5-E11-M3A LEVER R STRG HANDLE,Pe comanda,Marfuri gestiune 1 firma,0,BUC,5.68,6.76,,EUR,21,Levier dreapta
00446488,53175-KFA6-E00-M3A,53175-KFA6-E00-M3A LEVER R STRG HANDLE,Pe comanda,Marfuri gestiune 1 firma,1,BUC,0,0,,EUR,21,
00445904,53175-KKA8-900-M3A,53175-KKA8-900-M3A LEVER ASSY R HANDLE,Pe comanda,Marfuri gestiune 1 firma,0,BUC,70.2479,85,,EUR,21,Levier frana dreapta
00449111,53175-KKAK-900-NJA,53175-KKAK-900-NJA LEVER R STRG HANDLE,Pe comanda,Marfuri gestiune 1 firma,1,BUC,0,0,,EUR,21,
00448181,53175-KKD6-E00-M2A,53175-KKD6-E00-M2A LEVER R STRG HANDLE,Pe comanda,Marfuri gestiune 1 firma,1,BUC,0,0,,EUR,21,
00447564,53175-KTCT-900-M2A,53175-KTCT-900-M2A LEVER R STRG HANDLE,Pe comanda,Marfuri gestiune 1 firma,2,BUC,0,0,,EUR,21,
00447741,53175-KTCT-C01,53175-KTCT-C01 LEVER R STRG HNDL,Pe comanda,Marfuri gestiune 1 firma,0,BUC,45.4545,55,,EUR,21,Levier dreapta
00446231,53175-KXBX-E10-M3A,53175-KXBX-E10-M3A LEVER R STRG HANDLE,Pe comanda,Marfuri gestiune 1 firma,1,BUC,0,0,,EUR,21,
00450421,53175-LBA2-E00-M3A,53175-LBA2-E00-M3A LEVER R STRG HANDLE,Pe comanda,Marfuri gestiune 1 firma,1,BUC,12.25,14.58,,EUR,21,Levier dreapta frana
00448071,53175-LBA2-E03-M3A,53175-LBA2-E03-M3A LEVER R STRG HANDLE,Pe comanda,Marfuri gestiune 1 firma,0,BUC,0,0,,EUR,21,
00447679,53175-LBA7-305,53175-LBA7-305 LEVER R STRG HANDLE,Pe comanda,Marfuri gestiune 1 firma,0,BUC,0,0,,EUR,21,
00446151,53175-LBA7-306,53175-LBA7-306 LEVER R STRG HANDLE,Pe comanda,Marfuri gestiune 1 firma,0,BUC,0,0,,EUR,21,
00448302,53175-LBA8-C11-N1A,53175-LBA8-C11-N1A LEVER HANDLE,Pe comanda,Marfuri gestiune 1 firma,0,BUC,0,0,,EUR,21,
00449541,53175-LDB5-305-M2A,53175-LDB5-305-M2A LEVER R STRG HANDLE,Pe comanda,Marfuri gestiune 1 firma,0,BUC,0,0,,EUR,21,
00445420,53175-LDC8-E10-M3A,53175-LDC8-E10-M3A LEVER R STRG HANDLE,Pe comanda,Marfuri gestiune 1 firma,0,BUC,45.4545,55,,EUR,21,Levier frana dreapta
00446124,53175-LEC8-E00,53175-LEC8-E00 LEVER R STRG HANDLE,Pe comanda,Marfuri gestiune 1 firma,2,BUC,0,0,,EUR,21,
00451484,53175-LKF5-E00-M3A,53175-LKF5-E00-M3A LEVER R STRG HANDLE,Pe comanda,Marfuri gestiune 1 firma,1,BUC,106.6116,129,,EUR,21,Levier frana dreapta
00448011,53175-LKH3-C00,53175-LKH3-C00 BRAKET HANDLE L,Pe comanda,Marfuri gestiune 1 firma,0,BUC,0,0,,EUR,21,
00451071,53175-YZA6-EZ5,53175-YZA6-EZ5 HYDRAULIC BRAKE HANDLE,Pe comanda,Marfuri gestiune 1 firma,0,BUC,3,3.57,,EUR,21,Maner frana
00448182,53178-GKAK-901-N2A,53178-GKAK-901-N2A LEVER STRG HANDLE,Pe comanda,Marfuri gestiune 1 firma,1,BUC,0,0,,EUR,21,
00451559,53178-KBNA-C00-M2A,53178-KBNA-C00-M2A LEVER L STRG. HANDLE,Pe comanda,Marfuri gestiune 1 firma,0,BUC,45.4545,55,,EUR,21,Levier stanga
00000607,53178-KEBE-900-M2A,53178-KEBE-900-M2A LEVER L STRG HANDLE,Pe comanda,Marfuri gestiune 1 firma,1,BUC,0,0,,EUR,21,Levier frana stanga
00448713,53178-KEC8-900-NJA,53178-KEC8-900-NJA LEVER L STRG HANDLE,Pe comanda,Marfuri gestiune 1 firma,0,BUC,0,0,,EUR,21,
00447906,53178-KFC8-E10-M2A,53178-KFC8-E10-M2A LEVER L STRG HANDLE,Pe comanda,Marfuri gestiune 1 firma,1,BUC,0,0,,EUR,21,
00447538,53178-KFC8-E10-M3A,53178-KFC8-E10-M3A LEVER L STRG HANDLE,Pe comanda,Marfuri gestiune 1 firma,0,BUC,0,0,,EUR,21,
00446834,53178-KKA8-900-M3A,53178-KKA8-900-M3A LEVER COMP HANDLE,Pe comanda,Marfuri gestiune 1 firma,0,BUC,0,0,,EUR,21,
00446371,53178-KKBK-E00-M3,53178-KKBK-E00-M3 LEVEL STRG L HANDLE,Pe comanda,Marfuri gestiune 1 firma,1,BUC,0,0,,EUR,21,
00448374,53178-KKE5-E00-M3A,53178-KKE5-E00-M3A LEVER L STRG HANDLE,Pe comanda,Marfuri gestiune 1 firma,0,BUC,0,0,,EUR,21,
00451327,53178-KNBN-C00-M2A,53178-KNBN-C00-M2A LEVER L. STRG. HANDLE,Pe comanda,Marfuri gestiune 1 firma,0,BUC,5.745,6.95,,EUR,21,Levier stanga
00446619,53178-KNBN-C00-M3A,53178-KNBN-C00-M3A LEVER L STRG HANDLE,Pe comanda,Marfuri gestiune 1 firma,0,BUC,0,0,,EUR,21,Levier frana
00447235,53178-KNBN-C00-NEA,53178-KNBN-C00-NEA LEVER L STRG,Pe comanda,Marfuri gestiune 1 firma,4,BUC,0,0,,EUR,21,
00445421,53178-KXCX-C00,53178-KXCX-C00 LEVER L STRG HANDLE,Pe comanda,Marfuri gestiune 1 firma,2,BUC,20.6612,25,,EUR,21,Levier frana stanga
00445811,53178-KXCX-E90-M3A,53178-KXCX-E90-M3A LEVER L STRG HANDLE,Pe comanda,Marfuri gestiune 1 firma,4,BUC,0,0,,EUR,21,
00450504,53178-LBA2-E00-M3A,53178-LBA2-E00-M3A LEVER L STRG HANDLE,Pe comanda,Marfuri gestiune 1 firma,0,BUC,6.86,8.16,,EUR,21,Levier stanga
00445340,53178-LBA2-E03-M3A,53178-LBA2-E03-M3A LEVER L STRG HANDLE,Pe comanda,Marfuri gestiune 1 firma,3,BUC,0,0,,EUR,21,
00447527,53178-LBD4-900,53178-LBD4-900 BRKT ASSY HANDLE,Pe comanda,Marfuri gestiune 1 firma,1,BUC,0,0,,EUR,21,
00445769,53178-LCD1-C00-M3A,53178-LCD1-C00-M3A LEVER L HANDLE,Pe comanda,Marfuri gestiune 1 firma,1,BUC,0,0,,EUR,21,
00446620,53178-LEC8-E00,53178-LEC8-E00 LEVER STRG HANDLE,Pe comanda,Marfuri gestiune 1 firma,0,BUC,0,0,,EUR,21,
00446915,53178-LFC2-E10,53178-LFC2-E10 LEVER L STRG HANDLE,Pe comanda,Marfuri gestiune 1 firma,0,BUC,0,0,,EUR,21,
00449112,53178-LGB5-E10,53178-LGB5-E10 LEVER L STRG HANDLE,Pe comanda,Marfuri gestiune 1 firma,0,BUC,0,0,,EUR,21,
00451485,53178-LKF5-E00-M3A,53178-LKF5-E00-M3A LEVER L STRG HANDLE,Pe comanda,Marfuri gestiune 1 firma,1,BUC,114.876,139,,EUR,21,Levier frana stanga
00448804,53178-LLB1-900-M2A,53178-LLB1-900-M2A LEVER L HANDLE,Pe comanda,Marfuri gestiune 1 firma,0,BUC,0,0,,EUR,21,
00449291,53178-PWA1-900,53178-PWA1-900 LEVER L STRG HANDLER,Pe comanda,Marfuri gestiune 1 firma,0,BUC,0,0,,EUR,21,
00451072,53178-YZA6-EZ5,53178-YZA6-EZ5 53175-YZA6-EZ5 HYDRAULIC BRAKE HANDLE,Pe comanda,Marfuri gestiune 1 firma,0,BUC,3,3.57,,EUR,21,Maner frana
00448854,5317A-LLB1-800,5317A-LLB1-800 BRKT ASSY HANDLE R,Pe comanda,Marfuri gestiune 1 firma,0,BUC,0,0,,EUR,21,
00448676,5317B-KFA6-C00,5317B-KFA6-C00 BRKT ASSY HANDLE,Pe comanda,Marfuri gestiune 1 firma,1,BUC,0,0,,EUR,21,
00449694,5317B-LLB1-E01,5317B-LLB1-E01 BRACKET ASSY HANDLE H,Pe comanda,Marfuri gestiune 1 firma,0,BUC,0,0,,EUR,21,
00446032,53180-LLB1-E01,53180-LLB1-E01 CABLE CONNECTION,Pe comanda,Marfuri gestiune 1 firma,1,BUC,0,0,,EUR,21,
00448642,53182-LDB2-E00,53182-LDB2-E00 COVER HANDLE BRAKE,Pe comanda,Marfuri gestiune 1 firma,0,BUC,0,0,,EUR,21,
00449655,53190-LAC5-900,53190-LAC5-900 ADJUSTER HANDLE,Pe comanda,Marfuri gestiune 1 firma,0,BUC,0,0,,EUR,21,
00451003,53192-KKAK-900,53192-KKAK-900 BOLT WIRE ADJUST,Pe comanda,Marfuri gestiune 1 firma,0,BUC,1.75,2.08,,EUR,21,BOLT
00450629,53192-LLB1-810,53192-LLB1-810 BOLT WIRE ADJUST,Pe comanda,Marfuri gestiune 1 firma,0,BUC,2.06,2.45,,EUR,21,Surub ajustare
00450513,53200-ALC8-E60,53200-ALC8-E60 STEM ASSY STRG,Pe comanda,Marfuri gestiune 1 firma,0,BUC,53.71,63.91,,EUR,21,Furca T
00449133,53200-ALJ9-E12,53200-ALJ9-E12 STEEM COMP STRG,Pe comanda,Marfuri gestiune 1 firma,0,BUC,409.0909,495,,EUR,21,Furca T
00451473,53200-BBD9-EA5,53200-BBD9-EA5 STEM COMP STRG,Pe comanda,Marfuri gestiune 1 firma,1,BUC,326.4463,395,,EUR,21,Furca T
00446083,53200-KKC2-900,53200-KKC2-900 STEM COMP STRG,Pe comanda,Marfuri gestiune 1 firma,1,BUC,0,0,,EUR,21,
00447010,53200-LBA7-E00,53200-LBA7-E00 STEM COMP STEERING,Pe comanda,Marfuri gestiune 1 firma,0,BUC,0,0,,EUR,21,Ax directie
00448183,53200-LCD3-E00,53200-LCD3-E00 STEM COMP STRG,Pe comanda,Marfuri gestiune 1 firma,0,BUC,0,0,,EUR,21,
00446152,53200-LDB5-E01,53200-LDB5-E01 STEM COMP STRG,Pe comanda,Marfuri gestiune 1 firma,2,BUC,0,0,,EUR,21,Ax directie
00445770,53200-LDC8-E10,53200-LDC8-E10 STEM COMP STRG,Pe comanda,Marfuri gestiune 1 firma,0,BUC,0,0,,EUR,21,
00449860,53200-LDC8-E91,53200-LDC8-E91 STEM COMP STRG,Pe comanda,Marfuri gestiune 1 firma,1,BUC,49.1,49.1,,EUR,21,Ax directie
00446153,53200-LEA7-E00,53200-LEA7-E00 STEM COMP STRG,Pe comanda,Marfuri gestiune 1 firma,2,BUC,0,0,,EUR,21,Ax directie
00447775,53200-LEB9-B50,53200-LEB9-B50 STEM COMP STRG,Pe comanda,Marfuri gestiune 1 firma,1,BUC,0,0,,EUR,21,Ax directie
00447533,53200-LEJ2-E10,53200-LEJ2-E10 STEM COMP STRG,Pe comanda,Marfuri gestiune 1 firma,0,BUC,391.7355,474,,EUR,21,Furca T
00450482,53200-LFC2-E10,53200-LFC2-E10 STEM STRG ASSY,Pe comanda,Marfuri gestiune 1 firma,0,BUC,454.5455,550,,EUR,21,Furca T
00447065,53200-LKG3-E00,53200-LKG3-E00 STEM COMP STRG,Pe comanda,Marfuri gestiune 1 firma,0,BUC,0,0,,EUR,21,
00448158,53200-LKG7-E00,53200-LKG7-E00 STEM COMP STRG,Pe comanda,Marfuri gestiune 1 firma,0,BUC,0,0,,EUR,21,
00451087,53200-YZA6-E00,53200-YZA6-E00 PLATE WELDING ASSY,Pe comanda,Marfuri gestiune 1 firma,0,BUC,30,35.7,,EUR,21,Furca T
00451572,53203-AKB8-E00-N1R,53203-AKB8-E00-N1R COVER FR METER,Pe comanda,Marfuri gestiune 1 firma,0,BUC,90.9091,110,,EUR,21,Carena bord
00446352,53203-LBA2-E00-N1R,53203-LBA2-E00-N1R COVER METER FR,Pe comanda,Marfuri gestiune 1 firma,1,BUC,0,0,,EUR,21,
00447722,53203-LEA7-E00-N1R,53203-LEA7-E00-N1R COVER METTER,Pe comanda,Marfuri gestiune 1 firma,0,BUC,0,0,,EUR,21,
00451601,53204-AKB8-E00-N1R,53204-AKB8-E00-N1R COVER METER,Pe comanda,Marfuri gestiune 1 firma,0,BUC,61.9835,75,,EUR,21,CARENA BORD
00447685,53204-KEBE-900-N1R,53204-KEBE-900-N1R COVER METER,Pe comanda,Marfuri gestiune 1 firma,0,BUC,0,0,,EUR,21,
00445341,53204-KFA6-900,53204-KFA6-900 COVER HEAD LIGHT,Pe comanda,Marfuri gestiune 1 firma,2,BUC,0,0,,EUR,21,
00445855,53204-LBA2-E00-N1R,53204-LBA2-E00-N1R COVER HANDLE LOW,Pe comanda,Marfuri gestiune 1 firma,2,BUC,0,0,,EUR,21,
00446353,53204-LEA7-E00-N1R,53204-LEA7-E00-N1R COVER METER RR,Pe comanda,Marfuri gestiune 1 firma,1,BUC,0,0,,EUR,21,
00446980,53204-LFC2-E10-N1R,53204-LFC2-E10-N1R COVER METTER,Pe comanda,Marfuri gestiune 1 firma,0,BUC,0,0,,EUR,21,
00448054,53204-LHG7-E00-N1R,53204-LHG7-E00-N1R COVER METTER,Pe comanda,Marfuri gestiune 1 firma,0,BUC,0,0,,EUR,21,
00451669,53205-AAC7-E60-NVP,53205-AAC7-E60-NVP COVER HANDLE FR,Pe comanda,Marfuri gestiune 1 firma,0,BUC,188.4298,228,,EUR,21,Carena bord fata
00451486,53205-AKC6-E10-63P,53205-AKC6-E10-63P COVER HANDLE FRONT(MAT WHITE),Pe comanda,Marfuri gestiune 1 firma,1,BUC,219.0083,265,,EUR,21,Carena bord - alb
00451307,53205-ALG1-E10-NVP,53205-ALG1-E10-NVP COVER HANDLE FR,Pe comanda,Marfuri gestiune 1 firma,0,BUC,23.58,28.53,,EUR,21,Carena bord fata - alb
00451335,53205-ALJ8-E10-N1P,53205-ALJ8-E10-N1P COVER HANDLE FRONT,Pe comanda,Marfuri gestiune 1 firma,0,BUC,23,27.83,,EUR,21,Carena bord - negru
00445905,53205-KACA-800-BHP,53205-KACA-800-BHP COVER HANDLE FRONT(BLUE),Pe comanda,Marfuri gestiune 1 firma,1,BUC,0,0,,EUR,21,
00447686,53205-KEBE-900-N1R,53205-KEBE-900-N1R COVER HANDLE FR,Pe comanda,Marfuri gestiune 1 firma,0,BUC,0,0,,EUR,21,
00449796,53205-KFA6-E00-BAP,53205-KFA6-E00-BAP COVER FR HANDLE,Pe comanda,Marfuri gestiune 1 firma,0,BUC,0,0,,EUR,21,
00449587,53205-KFA6-E00-HKP,53205-KFA6-E00-HKP COVER FR HANDLE,Pe comanda,Marfuri gestiune 1 firma,0,BUC,0,0,,EUR,21,
00445342,53205-KFA6-E00-N8P,53205-KFA6-E00-N8P COVER FR HANDLE BRIGH SILVER,Pe comanda,Marfuri gestiune 1 firma,0,BUC,0,0,,EUR,21,Carena bord fata (argintiu)
00445647,53205-KFA6-E00-R1P,53205-KFA6-E00-R1P COVER FRONT HANDLE,Pe comanda,Marfuri gestiune 1 firma,1,BUC,0,0,,EUR,21,
00446981,53205-KFA6-E00-R7M,53205-KFA6-E00-R7M COVER HANDLE FR,Pe comanda,Marfuri gestiune 1 firma,0,BUC,0,0,,EUR,21,
00446154,53205-KFAF-900-R1P,53205-KFAF-900-R1P COVER FRONT HANDLE RUBY RED,Pe comanda,Marfuri gestiune 1 firma,1,BUC,0,0,,EUR,21,
00450231,53205-KXCX-E00-N8P,53205-KXCX-E00-N8P COVER HANDLE FRONT,Pe comanda,Marfuri gestiune 1 firma,0,BUC,12.79,15.22,,EUR,21,Carena bord - gri
00446084,53205-LBA2-E00-N1R,53205-LBA2-E00-N1R COVER HANDLE UP,Pe comanda,Marfuri gestiune 1 firma,1,BUC,0,0,,EUR,21,
00450430,53205-LBD5-E00-HHP,53205-LBD5-E00-HHP COVER FR HANDLE (SILVER),Pe comanda,Marfuri gestiune 1 firma,0,BUC,37.65,37.65,,EUR,21,
00450457,53205-LBD5-E00-R6P,53205-LBD5-E00-R6P COVER FR HANDLE (RED),Pe comanda,Marfuri gestiune 1 firma,0,BUC,37.65,37.65,,EUR,21,
00447172,53205-LCA5-E00-E4R,53205-LCA5-E00-E4R COVER GANDLE BE,Pe comanda,Marfuri gestiune 1 firma,0,BUC,0,0,,EUR,21,
00446515,53205-LCA5-E00-N1R,53205-LCA5-E00-N1R COVER HANDLE,Pe comanda,Marfuri gestiune 1 firma,0,BUC,0,0,,EUR,21,
00450630,53205-LCA5-EV0-C3R,53205-LCA5-EV0-C3R COVER HANDLE,Pe comanda,Marfuri gestiune 1 firma,0,BUC,8.45,10.06,,EUR,21,Capac ghidon
00449536,53205-LCA5-EV0-N1R,53205-LCA5-EV0-N1R COVER HANDLE,Pe comanda,Marfuri gestiune 1 firma,0,BUC,0,0,,EUR,21,
00447539,53205-LCB9-C10-NEP,53205-LCB9-C10-NEP COVER HANDLE FR,Pe comanda,Marfuri gestiune 1 firma,2,BUC,0,0,,EUR,21,
00447509,53205-LDB5-E00-N1R,53205-LDB5-E00-N1R COVER HANDLE,Pe comanda,Marfuri gestiune 1 firma,0,BUC,0,0,,EUR,21,
00448613,53205-LDB5-E00-YSR,53205-LDB5-E00-YSR COVER HANDLE,Pe comanda,Marfuri gestiune 1 firma,0,BUC,0,0,,EUR,21,
00450200,53205-LDB5-EV0-E4R,53205-LDB5-EV0-E4R COVER HANDLE (RED),Pe comanda,Marfuri gestiune 1 firma,0,BUC,9.64,11.47,,EUR,21,Capac ghidon (rosu)
00449753,53205-LDF3-EV0-HGR,53205-LDF3-EV0-HGR COVER HANDLE,Pe comanda,Marfuri gestiune 1 firma,0,BUC,0,0,,EUR,21,
00445396,53205-LEB5-C10-NGP,53205-LEB5-C10-NGP COVER FR HANDLE,Pe comanda,Marfuri gestiune 1 firma,1,BUC,0,0,,EUR,21,
00446749,53205-LEB9-B50-NEP,53205-LEB9-B50-NEP COVER HANDLR FR,Pe comanda,Marfuri gestiune 1 firma,0,BUC,0,0,,EUR,21,
00450734,53205-LEJ2-E10-BAP,53205-LEJ2-E10-BAP COVER HANDLE FR,Pe comanda,Marfuri gestiune 1 firma,0,BUC,23.58,28.06,,EUR,21,Carena ghidon fata - albastru
00451012,53205-LEJ2-E10-N1P,53205-LEJ2-E10-N1P COVER HANDLE FR,Pe comanda,Marfuri gestiune 1 firma,0,BUC,185.9504,225,,EUR,21,Carena bord fata - negru
00445343,53205-LEJ2-E10-NVP,53205-LEJ2-E10-NVP COVER HANDLE FR,Pe comanda,Marfuri gestiune 1 firma,1,BUC,0,0,,EUR,21,
00448043,53205-LFA5-E00-E4R,53205-LFA5-E00-E4R COVER HANDLE,Pe comanda,Marfuri gestiune 1 firma,0,BUC,0,0,,EUR,21,
00449414,53205-LFC2-E10-CAP,53205-LFC2-E10-CAP COVER FR HANDLE,Pe comanda,Marfuri gestiune 1 firma,0,BUC,0,0,,EUR,21,
00445974,53205-LFC2-E10-HKP,53205-LFC2-E10-HKP COVER FR HANDLE,Pe comanda,Marfuri gestiune 1 firma,1,BUC,147.9339,179,,EUR,21,Carena bord
00447204,53205-LFC2-E10-N1P,53205-LFC2-E10-N1P COVER FR HANDLE,Pe comanda,Marfuri gestiune 1 firma,0,BUC,152.8926,185,,EUR,21,Carena bord - negru lucios
00447952,53205-LFC8-890-N1P,53205-LFC8-890-N1P COVER FR HANDLE,Pe comanda,Marfuri gestiune 1 firma,0,BUC,0,0,,EUR,21,
00447954,53205-LFC8-B90-N1P,53205-LFC8-B90-N1P COVER FR HANDLE,Pe comanda,Marfuri gestiune 1 firma,0,BUC,0,0,,EUR,21,
00450037,53205-LGB5-E10-NEP,53205-LGB5-E10-NEP COVER HANDLE FR,Pe comanda,Marfuri gestiune 1 firma,0,BUC,22.71,27.02,,EUR,21,Carena bord (negru mat)
00450920,53205-LGE2-C10-N1P,53205-LGE2-C10-N1P COVER HANDLE FR,Pe comanda,Marfuri gestiune 1 firma,0,BUC,18.24,21.71,,EUR,21,Carena bord
00449415,53205-LGR5-E10-NHP,53205-LGR5-E10-NHP COVER FR HANDLE,Pe comanda,Marfuri gestiune 1 firma,0,BUC,0,0,,EUR,21,
00448911,53205-LHM2-EV0-GWR,53205-LHM2-EV0-GWR COVER HANDLE,Pe comanda,Marfuri gestiune 1 firma,0,BUC,0,0,,EUR,21,
00448488,53205-LLB5-E00-BKP,53205-LLB5-E00-BKP COVER HANDLE FR,Pe comanda,Marfuri gestiune 1 firma,0,BUC,0,0,,EUR,21,
00449573,53205-LLB5-E00-HJP,53205-LLB5-E00-HJP COVER HANDLE FR,Pe comanda,Marfuri gestiune 1 firma,0,BUC,0,0,,EUR,21,
00447521,53206-ALJ8-E10-N1R,53206-ALJ8-E10-N1R COVER RR HANDLE,Pe comanda,Marfuri gestiune 1 firma,0,BUC,0,0,,EUR,21,
00447687,53206-KEBE-900-N1R,53206-KEBE-900-N1R COVER HANDLE FR,Pe comanda,Marfuri gestiune 1 firma,0,BUC,0,0,,EUR,21,
00450286,53206-KFA6-900-N1R,53206-KFA6-900-N1R COVER HANDLE REAR (BLACK),Pe comanda,Marfuri gestiune 1 firma,0,BUC,4.07,4.84,,EUR,21,Carena bord spate - negru
00446033,53206-KFAF-900-NRR,53206-KFAF-900-NRR COVER RR HANDLE,Pe comanda,Marfuri gestiune 1 firma,1,BUC,0,0,,EUR,21,
00445856,53206-LBA2-E00-N1R,53206-LBA2-E00-N1R COVER HANDLE,Pe comanda,Marfuri gestiune 1 firma,1,BUC,0,0,,EUR,21,
00445771,53206-LCB9-C10-N1R,53206-LCB9-C10-N1R COVER HANDLE FR,Pe comanda,Marfuri gestiune 1 firma,1,BUC,104.9587,127,,EUR,21,Carena spate bord
00446321,53206-LEJ2-E10-N1R,53206-LEJ2-E10-N1R COVER HANDLE RR,Pe comanda,Marfuri gestiune 1 firma,1,BUC,0,0,,EUR,21,Carena bord spate
00445975,53206-LFC2-E10-N1R,53206-LFC2-E10-N1R COVER HANDLE RR,Pe comanda,Marfuri gestiune 1 firma,1,BUC,77.686,94,,EUR,21,Carena bord - spate
00447953,53206-LFC8-B40-N1R,53206-LFC8-B40-N1R COVER R HANDLE,Pe comanda,Marfuri gestiune 1 firma,0,BUC,0,0,,EUR,21,
00449542,53206-LGR5-E10-NHP,53206-LGR5-E10-NHP COVER HANDLE FR,Pe comanda,Marfuri gestiune 1 firma,0,BUC,0,0,,EUR,21,
00448489,53206-LLB5-E00-DON,53206-LLB5-E00-DON COVER R HANDLE,Pe comanda,Marfuri gestiune 1 firma,0,BUC,0,0,,EUR,21,
00449581,53206-LLJ3-E00-N1R,53206-LLJ3-E00-N1R COVER RR HANDLE,Pe comanda,Marfuri gestiune 1 firma,0,BUC,0,0,,EUR,21,
00450264,53207-AEB9-E01,53207-AEB9-E01 PROTECTOR R HANDLE,Pe comanda,Marfuri gestiune 1 firma,0,BUC,4.57,5.44,,EUR,21,Protectie maner dr
00451328,53207-ALG1-E10-NVP,53207-ALG1-E10-NVP COVER FR HANDLE LOW,Pe comanda,Marfuri gestiune 1 firma,0,BUC,22.16,26.81,,EUR,21,Carena fata ghidon - alb
00447535,53207-ALJ8-E10-N1R,53207-ALJ8-E10-N1R PROTECTOR HANDLE,Pe comanda,Marfuri gestiune 1 firma,0,BUC,18.1818,22,,EUR,21,Protectie ghidon
00445231,53207-LCD3-E00-C6P,53207-LCD3-E00-C6P PLUG COVER RR HANDLE,Pe comanda,Marfuri gestiune 1 firma,1,BUC,0,0,,EUR,21,
00449789,53207-LCD3-E00-HKP,53207-LCD3-E00-HKP PLUG COVER RR HANDLE,Pe comanda,Marfuri gestiune 1 firma,0,BUC,0,0,,EUR,21,
00447656,53207-LLB1-E00-YNR,53207-LLB1-E00-YNR COVER HEAD LIGHT,Pe comanda,Marfuri gestiune 1 firma,0,BUC,0,0,,EUR,21,
00447528,53208-ALJ8-E10-N1R,53208-ALJ8-E10-N1R PROTECTOR L HANDLE,Pe comanda,Marfuri gestiune 1 firma,0,BUC,0,0,,EUR,21,
00447286,53208-KKC4-900-N8P,53208-KKC4-900-N8P GRILL HANDLE UP,Pe comanda,Marfuri gestiune 1 firma,1,BUC,0,0,,EUR,21,
00445857,53208-LBA2-E00,53208-LBA2-E00 GRILL HANDLE UP,Pe comanda,Marfuri gestiune 1 firma,2,BUC,0,0,,EUR,21,
00445602,53208-LGE5-E00-N1R,53208-LGE5-E00-N1R COVER VISOR,Pe comanda,Marfuri gestiune 1 firma,1,BUC,0,0,,EUR,21,
00447287,53209-KKC4-900,53209-KKC4-900 PACKING HANDLE UP,Pe comanda,Marfuri gestiune 1 firma,1,BUC,0,0,,EUR,21,
00446682,53211-GFY6-940,53211-GFY6-940 RACE STRG TOP CONE,Pe comanda,Marfuri gestiune 1 firma,2,BUC,0,0,,EUR,21,
00445293,53211-GFY6-C00,53211-GFY6-C00 RACE STRG TOP,Pe comanda,Marfuri gestiune 1 firma,1,BUC,20.6612,25,,EUR,21,Colivie sup
00445294,53212-2L50-011,53212-2L50-011 RACE BOTTOM CONE,Pe comanda,Marfuri gestiune 1 firma,3,BUC,0,0,,EUR,21,
00449134,53212-2L50-C00,53212-2L50-C00 RACE STRG BOTTOM CONE,Pe comanda,Marfuri gestiune 1 firma,0,BUC,26.4463,32,,EUR,21,Flansa inf
00446982,53213-LBA2-E00,53213-LBA2-E00 DUST SEAL,Pe comanda,Marfuri gestiune 1 firma,1,BUC,9.9174,12,,EUR,21,Protectie praf
00446983,53213-LEA7-E00,53213-LEA7-E00 DUST SEAL,Pe comanda,Marfuri gestiune 1 firma,1,BUC,18.1818,22,,EUR,21,Protectie praf
00451092,53213-YZA6-E00,53213-YZA6-E00 DUST COVER,Pe comanda,Marfuri gestiune 1 firma,0,BUC,1.5,1.79,,EUR,21,Capac praf
00445295,53214-2L50-001,53214-2L50-001 DUST SEAL STRG,Pe comanda,Marfuri gestiune 1 firma,2,BUC,0,0,,EUR,21,
00449135,53214-2L50-C00,53214-2L50-C00 DUST SEAL STRG,Pe comanda,Marfuri gestiune 1 firma,0,BUC,18.1818,22,,EUR,21,Simering praf
00447464,53214-KEBE-900-N1R,53214-KEBE-900-N1R SEAL R M/C PLUG,Pe comanda,Marfuri gestiune 1 firma,0,BUC,0,0,,EUR,21,
00447288,53214-KEC8-90A,53214-KEC8-90A DUST SEAL STEM,Pe comanda,Marfuri gestiune 1 firma,0,BUC,0,0,,EUR,21,
00446085,53214-LBA2-E00,53214-LBA2-E00 DUST SEAL STRG HEAD BOT,Pe comanda,Marfuri gestiune 1 firma,2,BUC,14.876,18,,EUR,21,Protectie praf (cap)
00450807,53214-LHG7-E00,53214-LHG7-E00 DUST SEAL STRG HEAD BOT,Pe comanda,Marfuri gestiune 1 firma,0,BUC,0.74,0.88,,EUR,21,Flansa praf
00451117,53214-YZA6-E00,53214-YZA6-E00 DUST WASHER,Pe comanda,Marfuri gestiune 1 firma,0,BUC,10.7438,13,,EUR,21,Saiba praf
00445296,53215-2L50-001,53215-2L50-001 WASHER STEERING HEAD,Pe comanda,Marfuri gestiune 1 firma,2,BUC,0,0,,EUR,21,
00450761,53215-2L50-C00,53215-2L50-C00 WASHER STRG HDL DUST-SEAL,Pe comanda,Marfuri gestiune 1 firma,0,BUC,14.876,18,,EUR,21,Saiba ghidon
00451073,53215-YZA6-E00,53215-YZA6-E00 DUST RING,Pe comanda,Marfuri gestiune 1 firma,0,BUC,9.9174,12,,EUR,21,Inel praf
00446984,53220-LBA2-E00,53220-LBA2-E00 THREAD COMP STRG,Pe comanda,Marfuri gestiune 1 firma,1,BUC,0,0,,EUR,21,
00448347,53224-KKC4-900-N1R,53224-KKC4-900-N1R GRIS L METER COVER,Pe comanda,Marfuri gestiune 1 firma,0,BUC,0,0,,EUR,21,
00447289,5322A-KEC8-900,5322A-KEC8-900 THREAD COMP STRG TOP,Pe comanda,Marfuri gestiune 1 firma,0,BUC,0,0,,EUR,21,
00451196,5323A-ADG5-E00,5323A-ADG5-E00 BRIDGE ASSY FORK TOP,Pe comanda,Marfuri gestiune 1 firma,0,BUC,45,53.55,,EUR,21,Suport punte
00447290,53240-KEC8-900,53240-KEC8-900 BEARING TAPER ROLLER,Pe comanda,Marfuri gestiune 1 firma,0,BUC,0,0,,EUR,21,
00446086,53240-LBA2-E00,53240-LBA2-E00 BEARING TOP STRG,Pe comanda,Marfuri gestiune 1 firma,1,BUC,0,0,,EUR,21,Rulment jug
00447593,53240-LEA7-90A,53240-LEA7-90A BEARING TOP STRG,Pe comanda,Marfuri gestiune 1 firma,1,BUC,133.8843,162,,EUR,21,Rulment jug superior
00451074,53241-YZA6-E00,53241-YZA6-E00 UPPER BEARING UPPER STTEL BOWL,Pe comanda,Marfuri gestiune 1 firma,1,BUC,23.9669,29,,EUR,21,Rulment superior
00451075,53242-YZA6-E00,53242-YZA6-E00 UPPER BEARING LOWER STEEL BOWL,Pe comanda,Marfuri gestiune 1 firma,0,BUC,21.4876,26,,EUR,21,Flansa colivie superioara
00446087,53250-LBA2-E00,53250-LBA2-E00 BEARING BOT STRG,Pe comanda,Marfuri gestiune 1 firma,0,BUC,0,0,,EUR,21,Rulment jug
00448434,53250-LBA7-900,53250-LBA7-900 COLLAR STEM BOTTOM,Marfuri,Marfuri gestiune 1 firma,1,BUC,18.1818,22,,EUR,21,Bucsa directie inferioara
00447578,53250-LEA7-90A,53250-LEA7-90A BEARING BOT STRG,Pe comanda,Marfuri gestiune 1 firma,1,BUC,139.6694,169,,EUR,21,Rulment jug inferior
00449142,53250-PWB1-900,53250-PWB1-900 BEARING STEERING LOW SPEED,Pe comanda,Marfuri gestiune 1 firma,0,BUC,0,0,,EUR,21,
00446699,53251-LCA5-E00,53251-LCA5-E00 HOLDER STEM STRG,Pe comanda,Marfuri gestiune 1 firma,0,BUC,0,0,,EUR,21,
00447205,53251-PWB1-900,53251-PWB1-900 HOUSING LOWER,Pe comanda,Marfuri gestiune 1 firma,0,BUC,0,0,,EUR,21,
00451076,53251-YZA6-E00,53251-YZA6-E00 LOWER BEARING UPPER STEEL BOWL,Pe comanda,Marfuri gestiune 1 firma,0,BUC,20.6612,25,,EUR,21,Flansa colivie inferioara
00447206,53252-PWB1-900,53252-PWB1-900 HOUSING UPPER,Pe comanda,Marfuri gestiune 1 firma,0,BUC,0,0,,EUR,21,
00451077,53252-YZA6-E00,53252-YZA6-E00 LOWER BEARING LOWER STEEL BOWL,Pe comanda,Marfuri gestiune 1 firma,0,BUC,20.6612,25,,EUR,21,Rulment inferior furca
00446372,53254-LBA7-900,53254-LBA7-900 SLEEVE STEM VER.3,Marfuri,Marfuri gestiune 1 firma,7,BUC,33.0579,40,,EUR,21,Bucsa directie
00449143,53261-PWB1-900,53261-PWB1-900 FLANGE BEARING TWO WTG HOLE,Pe comanda,Marfuri gestiune 1 firma,0,BUC,0,0,,EUR,21,
00446835,53308-LEE8-E00,53308-LEE8-E00 BALL JOINT TIE ROD,Pe comanda,Marfuri gestiune 1 firma,0,BUC,0,0,,EUR,21,
00449582,53400-ADC6-E00-J3S,53400-ADC6-E00-J3S ARM ASSY R UP,Pe comanda,Marfuri gestiune 1 firma,0,BUC,0,0,,EUR,21,Brat (bascula) superior dreapta
00449490,53400-LBA7-900,53400-LBA7-900 ARM ASSY R UP SWING,Pe comanda,Marfuri gestiune 1 firma,1,BUC,0,0,,EUR,21,Brat superior dreapta
00445171,53400-LCA4-E00,53400-LCA4-E00 ARM ASSY R SWING,Pe comanda,Marfuri gestiune 1 firma,1,BUC,0,0,,EUR,21,Brat (bascula) dreapta
00447907,53400-LCA5-E00,53400-LCA5-E00 ARM ASSY R UP SWUNG,Pe comanda,Marfuri gestiune 1 firma,0,BUC,0,0,,EUR,21,Brat (bascula) superior dreapta
00446322,53400-LDB5-E00,53400-LDB5-E00 ARM ASSY R U P,Pe comanda,Marfuri gestiune 1 firma,0,BUC,0,0,,EUR,21,Brat (bascula) superior dreapta
00449563,53400-LEC1-700-MAS,53400-LEC1-700-MAS ARM ASSY R UP SWING,Pe comanda,Marfuri gestiune 1 firma,1,BUC,0,0,,EUR,21,Brat (bascula) superior dreapta
00450216,53400-LEC1-700-MBS,53400-LEC1-700-MBS ARM ASSY R UP SWING,Pe comanda,Marfuri gestiune 1 firma,0,BUC,39.31,46.78,,EUR,21,Brat (bascula) superior dreapta
00449767,53400-LFE9-E10-MAS,53400-LFE9-E10-MAS A ARM ASSY FRONT UPPER RH,Pe comanda,Marfuri gestiune 1 firma,0,BUC,0,0,,EUR,21,Brat (bascula) superior dreapta
00448163,53400-LHM2-E00-MAS,53400-LHM2-E00-MAS ARM ASSY RIGHT UP SWING,Pe comanda,Marfuri gestiune 1 firma,0,BUC,0,0,,EUR,21,Brat (bascula) superior dreapta
00449404,53400-LLB1-900,53400-LLB1-900 ARM ASSY R SWING,Pe comanda,Marfuri gestiune 1 firma,0,BUC,0,0,,EUR,21,Brat (bascula) dreapta
00446299,53400-PWA2-900-MBS,53400-PWA2-900-MBS ARM ASSY R UP SWING,Pe comanda,Marfuri gestiune 1 firma,1,BUC,0,0,,EUR,21,Brat (bascula) superior dreapta
00446716,53402-LBA7-900,53402-LBA7-900 GUIDE BUSH,Pe comanda,Marfuri gestiune 1 firma,0,BUC,0,0,,EUR,21,Bucsa
00447337,53402-LDB5-E00,53402-LDB5-E00 BUSH SWING ARM,Pe comanda,Marfuri gestiune 1 firma,3,BUC,64.4628,78,,EUR,21,Bucsa brat superior
00449656,53402-LEE8-E00,53402-LEE8-E00 BEARING SPHERICAL PLAIN,Pe comanda,Marfuri gestiune 1 firma,0,BUC,0,0,,EUR,21,
00447908,53402-LLB1-900,53402-LLB1-900 BUSH SWING ARM,Pe comanda,Marfuri gestiune 1 firma,4,BUC,0,0,,EUR,21,Bucsa brat
00449657,53403-LEE8-E00,53403-LEE8-E00 COLLAR SWING ARM,Pe comanda,Marfuri gestiune 1 firma,0,BUC,0,0,,EUR,21,
00449039,53410-ALC5-M41-N1S,53410-ALC5-M41-N1S CUSHION ASSY REAR,Pe comanda,Marfuri gestiune 1 firma,0,BUC,0,0,,EUR,21,
00447841,53410-LDB5-E00,53410-LDB5-E00 JOINT BALL,Pe comanda,Marfuri gestiune 1 firma,1,BUC,0,0,,EUR,21,Pivot
00446232,53410-PRB1-900,53410-PRB1-900 BALL JOINT AASY,Marfuri,Marfuri gestiune 1 firma,0,BUC,247.1074,299,,EUR,21,Pivot
00451245,53450-ALC1-E01-MAS,53450-ALC1-E01-MAS A-ARM ASSY FRONT LOWER R BLACK,Pe comanda,Marfuri gestiune 1 firma,0,BUC,63,74.97,,EUR,21,Bascula inferioara dreapta
00445976,53450-LBA7-900,53450-LBA7-900 ARM ASSY R LOW,Pe comanda,Marfuri gestiune 1 firma,1,BUC,376.0331,455,,EUR,21,Brat inferior dreapta
00447909,53450-LCA5-E00,53450-LCA5-E00 ARM ASSY R LOW SWING,Pe comanda,Marfuri gestiune 1 firma,0,BUC,0,0,,EUR,21,
00448255,53450-LCD9-E00-MA5,53450-LCD9-E00-MA5 ARM ASSY R LOW SWING,Pe comanda,Marfuri gestiune 1 firma,1,BUC,0,0,,EUR,21,
00446323,53450-LDB5-E00-MAS,53450-LDB5-E00-MAS ARM ASSY R LOWER,Pe comanda,Marfuri gestiune 1 firma,0,BUC,0,0,,EUR,21,Brat inferior dreapta
00449768,53450-LFE9-E00-MAS,53450-LFE9-E00-MAS A ARM ASSY FRONT LOWER,Pe comanda,Marfuri gestiune 1 firma,0,BUC,0,0,,EUR,21,
00448164,53450-LHM2-E00-MAS,53450-LHM2-E00-MAS ARM ASSY R LOW,Pe comanda,Marfuri gestiune 1 firma,0,BUC,0,0,,EUR,21,
00446271,53450-PWA2-900-MBS,53450-PWA2-900-MBS ARM ASSY R LOW SWING,Pe comanda,Marfuri gestiune 1 firma,0,BUC,0,0,,EUR,21,
00445450,53452-LDB5-E00,53452-LDB5-E00 BUSH SWING ARM,Marfuri,Marfuri gestiune 1 firma,29,BUC,53.719,65,,EUR,21,Bucsa brat inferior
00449825,53452-LDB5-E00-FS5,53452-LDB5-E00-FS5 BUSH SWING,Pe comanda,Marfuri gestiune 1 firma,3,BUC,0,0,,EUR,21,
00447973,53500-LBA7-900,53500-LBA7-900 ARM ASSY L UP SWING,Pe comanda,Marfuri gestiune 1 firma,1,BUC,0,0,,EUR,21,Brat superior stanga
00447090,53500-LCA4-E00,53500-LCA4-E00 ARM ASSY L SWING,Pe comanda,Marfuri gestiune 1 firma,0,BUC,0,0,,EUR,21,Brat (bascula) stanga
00448017,53500-LCA5-E00,53500-LCA5-E00 ARM ASSY L UP SWING,Pe comanda,Marfuri gestiune 1 firma,0,BUC,0,0,,EUR,21,Brat (bascula) superior stanga
00446324,53500-LDB5-E00,53500-LDB5-E00 ARM ASSY L UPPER,Pe comanda,Marfuri gestiune 1 firma,0,BUC,0,0,,EUR,21,Brat (bascula) superior stanga
00449041,53500-LFE9-E00-MA5,53500-LFE9-E00-MA5 A ARM ASSY FRONT UPPER LH P205,Pe comanda,Marfuri gestiune 1 firma,0,BUC,0,0,,EUR,21,
00448233,53500-LHM2-E00-MAS,53500-LHM2-E00-MAS ARM ASSY L UP,Pe comanda,Marfuri gestiune 1 firma,0,BUC,0,0,,EUR,21,Brat (bascula) superior stanga
00449405,53500-LLB1-900,53500-LLB1-900 ARM ASSY L SWING,Pe comanda,Marfuri gestiune 1 firma,0,BUC,0,0,,EUR,21,Brat (bascula) stanga
00450912,53500-PWA2-900-MAS,53500-PWA2-900-MAS ARM ASSY LEFT UP SWING,Pe comanda,Marfuri gestiune 1 firma,0,BUC,409.0909,495,,EUR,21,Brat superior stanga
00448362,53550-LBA7-900,53550-LBA7-900 ARM ASSY L LOW SWING,Pe comanda,Marfuri gestiune 1 firma,0,BUC,0,0,,EUR,21,Brat inferior stanga
00448016,53550-LCA5-E00,53550-LCA5-E00 ARM ASSY L LOW SWING,Pe comanda,Marfuri gestiune 1 firma,0,BUC,0,0,,EUR,21,
00448859,53550-LCD9-E00-MAS,53550-LCD9-E00-MAS ARM ASSY L LOW SWING,Pe comanda,Marfuri gestiune 1 firma,0,BUC,574.3802,695,,EUR,21,Brat inferior stanga
00446325,53550-LDB5-E00-MAS,53550-LDB5-E00-MAS ARM ASSY L,Pe comanda,Marfuri gestiune 1 firma,0,BUC,0,0,,EUR,21,Brat inferior stanga
00449769,53550-LFE9-E00-MAS,53550-LFE9-E00-MAS A ARM ASSY FRONT LOWER,Pe comanda,Marfuri gestiune 1 firma,0,BUC,0,0,,EUR,21,
00448849,53550-LGN5-700-MBS,53550-LGN5-700-MBS A-ARM ASSY FRONT LOWER LH ASSY,Pe comanda,Marfuri gestiune 1 firma,0,BUC,0,0,,EUR,21,
00448234,53550-LHM2-E00-MAS,53550-LHM2-E00-MAS ARM ASSY L LOW,Pe comanda,Marfuri gestiune 1 firma,0,BUC,0,0,,EUR,21,
00447085,53550-PWA2-900-MBS,53550-PWA2-900-MBS ARM ASSY L LOW SWING,Pe comanda,Marfuri gestiune 1 firma,0,BUC,0,0,,EUR,21,
00445397,53600-KKAK-E0A,53600-KKAK-E0A LOCK SET STRG HANDLE,Pe comanda,Marfuri gestiune 1 firma,1,BUC,0,0,,EUR,21,
00448677,53600-LLB1-325,53600-LLB1-325 LOCK SET STRG HANDLE,Pe comanda,Marfuri gestiune 1 firma,0,BUC,0,0,,EUR,21,
00450680,53700-ALC1-E00,53700-ALC1-E00 TIE ROD ASSY,Pe comanda,Marfuri gestiune 1 firma,0,BUC,317.647058,378,,EUR,21,Bieleta directie
00446791,53700-LBD4-900,53700-LBD4-900 ROD ASSY R STEEREING,Pe comanda,Marfuri gestiune 1 firma,0,BUC,0,0,,EUR,21,Bieleta directie
00448835,53700-LCA5-E00,53700-LCA5-E00 ROD ASSY STEERING,Pe comanda,Marfuri gestiune 1 firma,0,BUC,0,0,,EUR,21,Bieleta directie
00449658,53700-LDB5-E00,53700-LDB5-E00 ROD ASSY STEERING,Pe comanda,Marfuri gestiune 1 firma,0,BUC,0,0,,EUR,21,Bieleta directie
00449564,53700-LEC1-700,53700-LEC1-700 ROD ASSY STEERING,Pe comanda,Marfuri gestiune 1 firma,0,BUC,0,0,,EUR,21,Bieleta directie
00448818,53700-LFE9-E00,53700-LFE9-E00 TIE ROD ASSY,Pe comanda,Marfuri gestiune 1 firma,2,BUC,0,0,,EUR,21,Bieleta directie
00450166,53700-LGC7-E00,53700-LGC7-E00 TIE ROD ASSY,Pe comanda,Marfuri gestiune 1 firma,0,BUC,39.58,47.1,,EUR,21,Bieleta directie
00449467,53700-LLB1-900,53700-LLB1-900 ROD ASSY STEERING,Pe comanda,Marfuri gestiune 1 firma,0,BUC,0,0,,EUR,21,Bieleta directie
00446965,53700-PWB1-900,53700-PWB1-900 TIE ROD ASSY,Pe comanda,Marfuri gestiune 1 firma,0,BUC,0,0,,EUR,21,Bieleta directie
00446272,53701-LCA5-E00,53701-LCA5-E00 ROD COMP STEERING,Pe comanda,Marfuri gestiune 1 firma,0,BUC,0,0,,EUR,21,
00450135,53702-ALC1-E00,53702-ALC1-E00 JOINT R BALL,Pe comanda,Marfuri gestiune 1 firma,0,BUC,17.62,20.97,,EUR,21,Cap de bara
00449016,53702-LAC5-900,53702-LAC5-900 JOINT BALL,Pe comanda,Marfuri gestiune 1 firma,0,BUC,0,0,,EUR,21,
00445366,53702-LBA7-900,53702-LBA7-900 JOINT R BALL,Pe comanda,Marfuri gestiune 1 firma,2,BUC,66.1157,80,,EUR,21,Pivot levier comanda
00448643,53702-LFE9-E00,53702-LFE9-E00 JOIN R BALL,Pe comanda,Marfuri gestiune 1 firma,0,BUC,0,0,,EUR,21,Cap de bara - dr
00445451,53702-LLB1-900,53702-LLB1-900 JOINT R BALL,Marfuri,Marfuri gestiune 1 firma,5,BUC,79.3388,96,,EUR,21,Cap de bara dr
00447207,53702-PWB1-900,53702-PWB1-900 JOINT R BALL,Marfuri,Marfuri gestiune 1 firma,1,BUC,0,0,,EUR,21,Cap bara
00451246,53703-ALC1-E00,53703-ALC1-E00 JOINT BALL LH,Pe comanda,Marfuri gestiune 1 firma,0,BUC,13,15.47,,EUR,21,Cap de bara
00449017,53703-LAC5-900,53703-LAC5-900 JOINT L BALL,Pe comanda,Marfuri gestiune 1 firma,0,BUC,0,0,,EUR,21,
00445367,53703-LBA7-900,53703-LBA7-900 JOINT L BALL,Pe comanda,Marfuri gestiune 1 firma,8,BUC,66.1157,80,,EUR,21,Pivot levier comanda
00448644,53703-LFE9-E00,53703-LFE9-E00 JOINT L BALL,Pe comanda,Marfuri gestiune 1 firma,0,BUC,0,0,,EUR,21,Cap de bara st
00445452,53703-LLB1-900,53703-LLB1-900 JOINT L BALL,Marfuri,Marfuri gestiune 1 firma,5,BUC,79.3388,96,,EUR,21,Cap de bara st
00447208,53703-PWB1-900,53703-PWB1-900 JOINT L BALL,Marfuri,Marfuri gestiune 1 firma,1,BUC,0,0,,EUR,21,Cap bara
00446792,53800-LBD4-900,53800-LBD4-900 ROD ASSY L STEERING,Pe comanda,Marfuri gestiune 1 firma,0,BUC,0,0,,EUR,21,
00447516,54200-LBA7-900-R8S,54200-LBA7-900-R8S CUSHION ASSY REAR,Pe comanda,Marfuri gestiune 1 firma,1,BUC,0,0,,EUR,21,
00450903,54500-PWB1-900-MBS,54500-PWB1-900-MBS CONTROL ARM RH/LH UPPER ASSY,Pe comanda,Marfuri gestiune 1 firma,0,BUC,37.68,44.84,,EUR,21,Bascula
00448722,54601-LFE9-E00,54601-LFE9-E00 BUSH STABILIZER,Pe comanda,Marfuri gestiune 1 firma,1,BUC,0,0,,EUR,21,Bucsa bara stabilizatoare
00448720,54610-LFE9-E00,54610-LFE9-E00 JOINT STABILIZER R,Pe comanda,Marfuri gestiune 1 firma,0,BUC,0,0,,EUR,21,Pivot dreapta bara stabilizatoare
00448721,54620-LFE9-E00,54620-LFE9-E00 JOINT STABILIZER L,Pe comanda,Marfuri gestiune 1 firma,2,BUC,0,0,,EUR,21,Pivot stanga bara stabilizatoare
00446530,55102-1F66-001,55102-1F66-001 JOINT OIL TUBE,Pe comanda,Marfuri gestiune 1 firma,1,BUC,0,0,,EUR,21,
00447234,55106-KEB7-900,55106-KEB7-900 CAP TANK OIL,Pe comanda,Marfuri gestiune 1 firma,0,BUC,0,0,,EUR,21,
00446373,55121-KEB7-900,55121-KEB7-900 RUBBER OIL GUIDE,Pe comanda,Marfuri gestiune 1 firma,1,BUC,0,0,,EUR,21,
00446526,55123-LLJ1-900,55123-LLJ1-900 TUBE OIL,Pe comanda,Marfuri gestiune 1 firma,1,BUC,0,0,,EUR,21,
00446607,55201-1G87-001,55201-1G87-001 JOINT OIL STRN,Pe comanda,Marfuri gestiune 1 firma,1,BUC,0,0,,EUR,21,
00446527,55201-GHC8-001,55201-GHC8-001 JOINT IOL STRN,Pe comanda,Marfuri gestiune 1 firma,1,BUC,0,0,,EUR,21,
00451605,60100-LBA7-E01-C3R,60100-LBA7-E01-C3R FENDER FRONT,Pe comanda,Marfuri gestiune 1 firma,0,BUC,516.5289,625,,EUR,21,Carena fata
00449873,60100-LBA7-E01-N1R,60100-LBA7-E01-N1R FENDER FRONT,Pe comanda,Marfuri gestiune 1 firma,0,BUC,41.92,49.88,,EUR,21,
00447330,60100-LBA7-E01-YRR,60100-LBA7-E01-YRR FENDER FRONT,Pe comanda,Marfuri gestiune 1 firma,0,BUC,0,0,,EUR,21,
00447895,60100-LCA4-E00-C3R,60100-LCA4-E00-C3R FENDER FRONT,Pe comanda,Marfuri gestiune 1 firma,1,BUC,0,0,,EUR,21,
00447357,60100-LCA4-E00-E4R,60100-LCA4-E00-E4R FENDER FRONT,Pe comanda,Marfuri gestiune 1 firma,2,BUC,0,0,,EUR,21,
00447358,60100-LCA4-E00-HGR,60100-LCA4-E00-HGR FENDER FRONT,Pe comanda,Marfuri gestiune 1 firma,1,BUC,0,0,,EUR,21,
00445977,60100-LCA4-E00-N1R,60100-LCA4-E00-N1R FENDER FRONT,Pe comanda,Marfuri gestiune 1 firma,1,BUC,0,0,,EUR,21,
00448087,60100-LCA4-E00-YUR,60100-LCA4-E00-YUR FENDER FRONT,Pe comanda,Marfuri gestiune 1 firma,1,BUC,0,0,,EUR,21,
00445548,60100-LCA5-E00-E4R,60100-LCA5-E00-E4R FENDER FRONT,Pe comanda,Marfuri gestiune 1 firma,0,BUC,0,0,,EUR,21,
00450662,60100-LCA5-E00-GWR,60100-LCA5-E00-GWR FENDER FRONT,Pe comanda,Marfuri gestiune 1 firma,0,BUC,47,55.93,,EUR,21,Carena fata - verde
00450528,60100-LCA5-E00-N1R,60100-LCA5-E00-N1R FENDER FRONT,Pe comanda,Marfuri gestiune 1 firma,0,BUC,47,55.93,,EUR,21,Carena fata - negru
00445453,60100-LDB5-E00-E4R,60100-LDB5-E00-E4R FENDER FRONT,Pe comanda,Marfuri gestiune 1 firma,1,BUC,0,0,,EUR,21,
00449236,60100-LDB5-E00-N1R,60100-LDB5-E00-N1R FENDER FRONT,Pe comanda,Marfuri gestiune 1 firma,1,BUC,0,0,,EUR,21,
00448614,60100-LDB5-E00-YSR,60100-LDB5-E00-YSR FENDER FRONT,Pe comanda,Marfuri gestiune 1 firma,0,BUC,0,0,,EUR,21,
00451646,60100-LDF3-E01-HGR,60100-LDF3-E01-HGR FENDER FRONT,Pe comanda,Marfuri gestiune 1 firma,0,BUC,533.0579,645,,EUR,21,Aripa fata
00451273,60100-LDF3-E01-N1R,60100-LDF3-E01-N1R FENDER FRONT,Pe comanda,Marfuri gestiune 1 firma,0,BUC,47,55.93,,EUR,21,Aripa fata
00449543,60100-LFA5-E00-CHR,60100-LFA5-E00-CHR FENDER FRONT,Pe comanda,Marfuri gestiune 1 firma,0,BUC,0,0,,EUR,21,
00450414,60100-LFA5-E00-Q2R,60100-LFA5-E00-Q2R FENDER FRONT,Pe comanda,Marfuri gestiune 1 firma,0,BUC,53.94,64.19,,EUR,21,Carena fata
00450649,60100-LGN5-E00-HGR,60100-LGN5-E00-HGR FENDER FRONT,Pe comanda,Marfuri gestiune 1 firma,0,BUC,53.94,64.19,,EUR,21,Aripa fata
00449483,6010B-LDB5-E00,6010B-LDB5-E00 BOX ASSY TOOL,Pe comanda,Marfuri gestiune 1 firma,0,BUC,0,0,,EUR,21,
00450624,6010C-LDB5-E00-GWR,6010C-LDB5-E00-GWR LID ASSY TOOL BOX (GREEN),Pe comanda,Marfuri gestiune 1 firma,0,BUC,4.31,5.13,,EUR,21,Capac spatiu trusa scule - verde
00446408,6010C-LDB5-E00-N1R,6010C-LDB5-E00-N1R LID ASSY TOOL BOX,Pe comanda,Marfuri gestiune 1 firma,1,BUC,40.4959,49,,EUR,21,Capac cutie trusa scule
00451647,60120-LBA7-900-N1R,60120-LBA7-900-N1R GUIDE COVER CHANGE HANDLE,Pe comanda,Marfuri gestiune 1 firma,0,BUC,40.4959,49,,EUR,21,Carena schimbator
00448680,60120-LCA5-E00-N1R,60120-LCA5-E00-N1R GUIDE COMP CHANGE HANDLE,Pe comanda,Marfuri gestiune 1 firma,0,BUC,0,0,,EUR,21,
00446941,60120-LCD9-E00,60120-LCD9-E00 - MV2096 SCHALT KULISSE,Pe comanda,Marfuri gestiune 1 firma,0,BUC,0,0,,EUR,21,
00451172,60120-LHM2-E00-N1R,60120-LHM2-E00-N1R GUIDE COVER CHANGE HANDLE,Pe comanda,Marfuri gestiune 1 firma,0,BUC,5.75,6.84,,EUR,21,Ghidaj schimbator
00449165,60140-LFE9-E01-N1R,60140-LFE9-E01-N1R PROTECTOR L,Pe comanda,Marfuri gestiune 1 firma,0,BUC,0,0,,EUR,21,
00449225,60140-PWB1-900-N1R,60140-PWB1-900-N1R PANEL SPLASH LEFT,Pe comanda,Marfuri gestiune 1 firma,0,BUC,0,0,,EUR,21,
00450867,60170-AGA8-E00-N1R,60170-AGA8-E00-N1R PANEL FRONT RACK,Pe comanda,Marfuri gestiune 1 firma,0,BUC,36.28,43.17,,EUR,21,Suport plastic portbagaj
00450446,60200-ALC1-E00-N1R,60200-ALC1-E00-N1R MUDGUARD FRONT,Pe comanda,Marfuri gestiune 1 firma,0,BUC,28.9,34.39,,EUR,21,Masca fata
00445603,60200-LDB5-E01-N1R,60200-LDB5-E01-N1R MUDGUARD FRONT,Pe comanda,Marfuri gestiune 1 firma,3,BUC,0,0,,EUR,21,
00449530,60200-LFA5-E00-N1R,60200-LFA5-E00-N1R MUDGUARD FRONT,Pe comanda,Marfuri gestiune 1 firma,0,BUC,0,0,,EUR,21,
00451381,61100-AGE7-C00-86P,61100-AGE7-C00-86P FRONT FENDER,Pe comanda,Marfuri gestiune 1 firma,0,BUC,56.59,68.47,,EUR,21,Aripa fata
00451622,61100-AKC6-E10-C15,61100-AKC6-E10-C15 FENDER FR INNER,Pe comanda,Marfuri gestiune 1 firma,0,BUC,394.2149,477,,EUR,21,Aripa fata interioara
00447524,61100-ALJ8-E10-D1S,61100-ALJ8-E10-D1S FENDER A FR INNER,Pe comanda,Marfuri gestiune 1 firma,0,BUC,0,0,,EUR,21,
00451233,61100-ALJ8-E10-D4G,61100-ALJ8-E10-D4G FENDER FR INNER,Pe comanda,Marfuri gestiune 1 firma,0,BUC,34.85,41.47,,EUR,21,Aripa interioara
00451651,61100-ALJ8-E10-DHJ,61100-ALJ8-E10-DHJ FENDER A FR INNER,Pe comanda,Marfuri gestiune 1 firma,0,BUC,247.1074,299,,EUR,21,Aripa fata
00451508,61100-BLB3-E10-UZP,61100-BLB3-E10-UZP FENDER FRONT,Pe comanda,Marfuri gestiune 1 firma,2,BUC,219.0083,265,,EUR,21,Aripa fata
00448148,61100-LBA2-E00-N8P,61100-LBA2-E00-N8P FENDER FR,Pe comanda,Marfuri gestiune 1 firma,0,BUC,0,0,,EUR,21,
00445702,61100-LBA2-E00-NFP,61100-LBA2-E00-NFP FENDER,Pe comanda,Marfuri gestiune 1 firma,1,BUC,0,0,,EUR,21,
00450454,61100-LBD5-E00-R6P,61100-LBD5-E00-R6P FRONT FENDER (RED),Pe comanda,Marfuri gestiune 1 firma,0,BUC,41.45,41.45,,EUR,21,
00447776,61100-LCB9-C10-NE,61100-LCB9-C10-NE FENDER FR,Pe comanda,Marfuri gestiune 1 firma,1,BUC,0,0,,EUR,21,
00446750,61100-LCD3-E00-HKP,61100-LCD3-E00-HKP FENDER FR,Pe comanda,Marfuri gestiune 1 firma,0,BUC,0,0,,EUR,21,
00451321,61100-LCD3-E00-N1P,61100-LCD3-E00-N1P FENDER FR,Pe comanda,Marfuri gestiune 1 firma,0,BUC,47.12,57.02,,EUR,21,Aripa fata (negru)
00451220,61100-LCD3-E00-N8P,61100-LCD3-E00-N8P FENDER FRONT,Pe comanda,Marfuri gestiune 1 firma,0,BUC,47.12,56.07,,EUR,21,Aripa fata (argintiu)
00451329,61100-LDC8-E10-66P,61100-LDC8-E10-66P FR FENDER,Pe comanda,Marfuri gestiune 1 firma,0,BUC,17.96,21.73,,EUR,21,Aripa fata
00450716,61100-LDC8-E10-N1P,61100-LDC8-E10-N1P FENDER FR,Pe comanda,Marfuri gestiune 1 firma,0,BUC,23.58,28.06,,EUR,21,Aripa fata (negru lucios)
00447597,61100-LDC8-E10-NEP,61100-LDC8-E10-NEP FENDER FR,Pe comanda,Marfuri gestiune 1 firma,1,BUC,216.5289,262,,EUR,21,Aripa fata - negru mat
00449861,61100-LDC8-E10-NVP,61100-LDC8-E10-NVP FENDER FR (WHITE),Pe comanda,Marfuri gestiune 1 firma,1,BUC,210.7438,255,,EUR,21,Aripa fata (alb)
00450187,61100-LDH1-E00-N1P,61100-LDH1-E00-N1P FENDER FR,Pe comanda,Marfuri gestiune 1 firma,0,BUC,22.94,27.3,,EUR,21,
00450190,61100-LDH1-E00-N1P,61100-LDH1-E00-N1P FENDER FRONT (BLACK),Pe comanda,Marfuri gestiune 1 firma,1,BUC,22.94,27.3,,EUR,21,Aripa fata - negru
00448635,61100-LDH1-E00-N8P,61100-LDH1-E00-N8P FENDER FR,Pe comanda,Marfuri gestiune 1 firma,0,BUC,0,0,,EUR,21,
00446717,61100-LEA5-E00-HTP,61100-LEA5-E00-HTP FENDER FR (BLACK DIAMOND),Pe comanda,Marfuri gestiune 1 firma,0,BUC,0,0,,EUR,21,
00450663,61100-LEA7-E00-D0M,61100-LEA7-E00-D0M FENDER ASSY FR(NF/NE),Pe comanda,Marfuri gestiune 1 firma,0,BUC,44.18,52.57,,EUR,21,Aripa fata
00446985,61100-LEA7-E00-D1S,61100-LEA7-E00-D1S FENDER ASSY,Pe comanda,Marfuri gestiune 1 firma,1,BUC,371.0744,449,,EUR,21,Aripa fata
00447955,61100-LEH7-B50-N1P,61100-LEH7-B50-N1P FENDER FR A,Pe comanda,Marfuri gestiune 1 firma,0,BUC,0,0,,EUR,21,
00446273,61100-LEJ2-E10-41P,61100-LEJ2-E10-41P FENDER FR,Pe comanda,Marfuri gestiune 1 firma,0,BUC,0,0,,EUR,21,
00449332,61100-LEJ2-E10-R9P,61100-LEJ2-E10-R9P FENDER FR,Pe comanda,Marfuri gestiune 1 firma,0,BUC,219.0083,265,,EUR,21,Aripa fata - rosu
00450610,61100-LFC2-E10-HKP,61100-LFC2-E10-HKP FENDER FR,Pe comanda,Marfuri gestiune 1 firma,0,BUC,18.24,21.71,,EUR,21,Aripa fata (gri)
00450735,61100-LFC2-E10-N1P,61100-LFC2-E10-N1P FENDER FR,Pe comanda,Marfuri gestiune 1 firma,0,BUC,18.24,21.71,,EUR,21,Aripa fata - negru
00445834,61100-LFC2-E10-NEP,61100-LFC2-E10-NEP FENDER FR,Pe comanda,Marfuri gestiune 1 firma,1,BUC,0,0,,EUR,21,Aripa fata - negru mat
00448507,61100-LFC2-E10-NVP,61100-LFC2-E10-NVP FENDER FR,Pe comanda,Marfuri gestiune 1 firma,0,BUC,0,0,,EUR,21,
00451573,61100-LGC6-E00-D02,61100-LGC6-E00-D02 FENDER A FRONT,Pe comanda,Marfuri gestiune 1 firma,0,BUC,271.0744,328,,EUR,21,Aripa fata A
00450985,61100-LGE2-C10-33P,61100-LGE2-C10-33P FENDER FR INNER,Pe comanda,Marfuri gestiune 1 firma,0,BUC,17.04,20.28,,EUR,21,Aripa fata
00450921,61100-LGE2-C10-N1P,61100-LGE2-C10-N1P FENDER FR,Pe comanda,Marfuri gestiune 1 firma,0,BUC,17.04,20.28,,EUR,21,Aripa fata
00445604,61100-LGE5-E00-D1S,61100-LGE5-E00-D1S FENDER FR,Pe comanda,Marfuri gestiune 1 firma,1,BUC,0,0,,EUR,21,
00451560,61100-LGR5-E10-17P,61100-LGR5-E10-17P FENDER FRONT ASSY,Pe comanda,Marfuri gestiune 1 firma,0,BUC,316.5289,383,,EUR,21,Aripa fata - light blue
00445549,61100-LGR5-E10-NVP,61100-LGR5-E10-NVP FENDER FR A,Pe comanda,Marfuri gestiune 1 firma,1,BUC,0,0,,EUR,21,
00446859,61100-LGR5-E10-R9P,61100-LGR5-E10-R9P FENDER FR A,Pe comanda,Marfuri gestiune 1 firma,0,BUC,0,0,,EUR,21,
00448055,61100-LHG7-E00-NZP,61100-LHG7-E00-NZP FENDER FRONT,Pe comanda,Marfuri gestiune 1 firma,0,BUC,0,0,,EUR,21,
00449065,61100-LKF5-305-D2V,61100-LKF5-305-D2V FENDER FR (A:J8/B:NE),Pe comanda,Marfuri gestiune 1 firma,0,BUC,0,0,,EUR,21,
00446071,61100-LKG7-E00-D2V,61100-LKG7-E00-D2V FENDER FR,Pe comanda,Marfuri gestiune 1 firma,1,BUC,0,0,,EUR,21,
00449770,61100-LKH3-C00-34P,61100-LKH3-C00-34P FR FENDER,Pe comanda,Marfuri gestiune 1 firma,0,BUC,0,0,,EUR,21,
00451137,61100-LKH3-C00-NVP,61100-LKH3-C00-NVP FR FENDER,Pe comanda,Marfuri gestiune 1 firma,0,BUC,22.11,26.31,,EUR,21,Aripa fata
00451078,61100-YZA6-E00-SQP,61100-YZA6-E00-SQP FRONT FENDER,Pe comanda,Marfuri gestiune 1 firma,0,BUC,210.7438,255,,EUR,21,Carena fata
00451509,61100-YZA6-E00-STP,61100-YZA6-E00-STP FENDER FRONT,Pe comanda,Marfuri gestiune 1 firma,1,BUC,216.5289,262,,EUR,21,Aripa fata
00451584,61101-AKB8-E00-NEP,61101-AKB8-E00-NEP FENDER COVER R SIDE,Pe comanda,Marfuri gestiune 1 firma,0,BUC,171.0744,207,,EUR,21,Capac aripa dreapta
00447525,61101-ALJ8-E10-NEP,61101-ALJ8-E10-NEP FENDER B FR R,Pe comanda,Marfuri gestiune 1 firma,0,BUC,73.5537,89,,EUR,21,Ornament lateral aripa
00447439,61101-LBA2-E00,61101-LBA2-E00 FENDER FR INNER,Pe comanda,Marfuri gestiune 1 firma,1,BUC,0,0,,EUR,21,
00448348,61101-LEA7-E00-N1R,61101-LEA7-E00-N1R FENDER FR,Pe comanda,Marfuri gestiune 1 firma,0,BUC,0,0,,EUR,21,
00447956,61101-LEB5-C10-N1R,61101-LEB5-C10-N1R FENDER B FR,Pe comanda,Marfuri gestiune 1 firma,0,BUC,0,0,,EUR,21,
00450172,61101-LGC6-E00-NEP,61101-LGC6-E00-NEP FENDER COVER R SIDE (MAT BLACK),Pe comanda,Marfuri gestiune 1 firma,0,BUC,10.2,12.14,,EUR,21,Aripa laterala dreapta - negru mat
00451285,61101-LGR5-E10-R9P,61101-LGR5-E10-R9P FENDER FRONT B,Pe comanda,Marfuri gestiune 1 firma,0,BUC,103.305785,124.99,,EUR,21,
00451464,61101-YZA6-E00,"61101-YZA6-E00 FRONT BOARD DECORATIVE BOARD ,L",Pe comanda,Marfuri gestiune 1 firma,1,BUC,16.5289,20,,EUR,21,Ornament fata st
00451603,61102-AKB8-E00-NEP,61102-AKB8-E00-NEP FENDER COVER L SIDE,Pe comanda,Marfuri gestiune 1 firma,0,BUC,138.843,168,,EUR,21,CAPAC ARIPA STANGA
00447359,61102-ALJ8-E10-NEP,61102-ALJ8-E10-NEP FENDER B FR L,Pe comanda,Marfuri gestiune 1 firma,0,BUC,73.5537,89,,EUR,21,Ornament lateral aripa
00451465,61102-YZA6-E00,"61102-YZA6-E00 FRONT BOARD DECORATIVE BOARD ,R",Pe comanda,Marfuri gestiune 1 firma,2,BUC,16.5289,20,,EUR,21,Ornament fata dr
00450858,61104-3G57-001,61104-3G57-001 COLLAR,Pe comanda,Marfuri gestiune 1 firma,0,BUC,2,2,,EUR,21,
00447475,6110A-KGD4-C00-R9P,6110A-KGD4-C00-R9P FENDER ASSY FRONT,Pe comanda,Marfuri gestiune 1 firma,0,BUC,0,0,,EUR,21,
00445835,6110A-LEC8-E00-NEP,6110A-LEC8-E00-NEP FENDER ASSY FR,Pe comanda,Marfuri gestiune 1 firma,3,BUC,0,0,,EUR,21,
00446392,61110-KHD8-900-N8P,61110-KHD8-900-N8P FENDER FRONT,Pe comanda,Marfuri gestiune 1 firma,1,BUC,0,0,,EUR,21,
00445233,61110-KHD8-900-NZP,61110-KHD8-900-NZP FENDER FR,Pe comanda,Marfuri gestiune 1 firma,1,BUC,0,0,,EUR,21,
00447760,61110-KKD7-900-BHP,61110-KKD7-900-BHP FENDER FR,Pe comanda,Marfuri gestiune 1 firma,0,BUC,0,0,,EUR,21,
00446718,61110-LEJ2-E10-N1P,61110-LEJ2-E10-N1P FENDER FR,Pe comanda,Marfuri gestiune 1 firma,0,BUC,0,0,,EUR,21,
00446653,61121-KGG7-001,61121-KGG7-001 MUDGUARD FR FENDER,Pe comanda,Marfuri gestiune 1 firma,1,BUC,0,0,,EUR,21,
00446650,61122-KGG7-001,61122-KGG7-001 STAY MUDGUARD,Pe comanda,Marfuri gestiune 1 firma,1,BUC,0,0,,EUR,21,
00445605,61200-LDB5-E01-N1R,61200-LDB5-E01-N1R MUDGUARD R FR SIDE,Pe comanda,Marfuri gestiune 1 firma,2,BUC,0,0,,EUR,21,
00445606,61300-LDB5-E01-N1R,61300-LDB5-E01-N1R MUDGUARD L FR SIDE,Pe comanda,Marfuri gestiune 1 firma,2,BUC,0,0,,EUR,21,
00448224,61301-KED9-900,61301-KED9-900 CASE HEAD LIGHT,Pe comanda,Marfuri gestiune 1 firma,0,BUC,0,0,,EUR,21,
00449145,64100-KEBE-900,64100-KEBE-900 VISOR METER,Pe comanda,Marfuri gestiune 1 firma,0,BUC,0,0,,EUR,21,
00446049,64110-KEC8-900,64110-KEC8-900 WINDSCREEN,Pe comanda,Marfuri gestiune 1 firma,0,BUC,0,0,,EUR,21,
00451104,64140-LGC6-E00-N1R,64140-LGC6-E00-N1R COVER R WIND SCREEN,Pe comanda,Marfuri gestiune 1 firma,0,BUC,1.19,1.42,,EUR,21,Capac paravant dr
00445668,64201-LGE5-E00-N1P,64201-LGE5-E00-N1P COVER R FR SIDE,Pe comanda,Marfuri gestiune 1 firma,1,BUC,0,0,,EUR,21,
00451574,64202-AKB8-E00-JHP,64202-AKB8-E00-JHP MOLDING C R SIDE,Pe comanda,Marfuri gestiune 1 firma,0,BUC,304.9587,369,,EUR,21,Carena C lat dreapta
00445669,64202-LGE5-E00-N1P,64202-LGE5-E00-N1P COVER R FR SIDE,Pe comanda,Marfuri gestiune 1 firma,1,BUC,0,0,,EUR,21,
00450087,64203-ACD5-E00-J3P,64203-ACD5-E00-J3P CENTER COVER FRONT (DARK GRAY METALLIC),Pe comanda,Marfuri gestiune 1 firma,0,BUC,61.9835,75,,EUR,21,Capac central
00451575,64203-AKB8-E00-JHP,64203-AKB8-E00-JHP MOLDING C L SIDE,Pe comanda,Marfuri gestiune 1 firma,0,BUC,304.9587,369,,EUR,21,Carena C lat stanga
00451308,64210-ALG1-E10,64210-ALG1-E10 ASSY METER VISOR,Pe comanda,Marfuri gestiune 1 firma,0,BUC,4.94,5.98,,EUR,21,Vizor
00448519,64210-KGC4-E00,64210-KGC4-E00 VISOR METER,Pe comanda,Marfuri gestiune 1 firma,0,BUC,0,0,,EUR,21,
00445812,64210-LEA5-E00-LRR,64210-LEA5-E00-LRR VISOR METER,Pe comanda,Marfuri gestiune 1 firma,1,BUC,0,0,,EUR,21,
00448088,64210-LEJ2-E10,64210-LEJ2-E10 VISOR METER,Pe comanda,Marfuri gestiune 1 firma,0,BUC,112.3967,136,,EUR,21,Vizor
00446986,64210-LFC2-E10,64210-LFC2-E10 VISOR METER,Pe comanda,Marfuri gestiune 1 firma,0,BUC,78.5124,95,,EUR,21,Vizor
00446275,64211-LFC2-E10,64211-LFC2-E10 SPONGE VISOR,Pe comanda,Marfuri gestiune 1 firma,0,BUC,6.6116,8,,EUR,21,Burete clips
00446274,64211-LFC2-E10-HKP,64211-LFC2-E10-HKP COVER FRONT,Pe comanda,Marfuri gestiune 1 firma,0,BUC,0,0,,EUR,21,
00448089,64214-LEJ2-E10,64214-LEJ2-E10 COVER R UP VISOR,Pe comanda,Marfuri gestiune 1 firma,1,BUC,0,0,,EUR,21,
00448090,64215-LEJ2-E10,64215-LEJ2-E10 COVER R DOWN VISOR,Pe comanda,Marfuri gestiune 1 firma,1,BUC,0,0,,EUR,21,
00445234,64218-LCD3-E01,64218-LCD3-E01 COVVER ASSY VISOR OUT,Pe comanda,Marfuri gestiune 1 firma,1,BUC,0,0,,EUR,21,
00448600,6421A-ALJ8-E11-N1R,6421A-ALJ8-E11-N1R ASSY METTER VISOR,Pe comanda,Marfuri gestiune 1 firma,0,BUC,90.9091,110,,EUR,21,Vizor
00449921,64220-ABD2-C00,64220-ABD2-C00 WIND SCREEN,Pe comanda,Marfuri gestiune 1 firma,1,BUC,0,0,,EUR,21,
00451298,64220-LBA2-E00,64220-LBA2-E00 WIND SCREEN XCITING,Pe comanda,Marfuri gestiune 1 firma,0,BUC,70,83.3,,EUR,21,Parbriz Xciting
00447595,64220-LEA7-E00-L9R,64220-LEA7-E00-L9R WIND SCREEN,Pe comanda,Marfuri gestiune 1 firma,2,BUC,0,0,,EUR,21,
00445172,64220-LEC8-E00-L9R,64220-LEC8-E00-L9R WIND SCREEN,Pe comanda,Marfuri gestiune 1 firma,4,BUC,0,0,,EUR,21,Parbriz
00449491,64220-LGR2-E00-LFR,64220-LGR2-E00-LFR WIND SCREEN,Pe comanda,Marfuri gestiune 1 firma,0,BUC,0,0,,EUR,21,
00446719,64222-LLJ3-E00,64222-LLJ3-E00 RUBBER WIND SCREEN,Pe comanda,Marfuri gestiune 1 firma,0,BUC,0,0,,EUR,21,
00450709,64223-LEA7-C00-N1R,"64223-LEA7-C00-N1R PLUG, WIND SCREEN",Pe comanda,Marfuri gestiune 1 firma,0,BUC,0.94,1.12,,EUR,21,Capac parbriz
00449392,64223-LEA7-E00-N1R,64223-LEA7-E00-N1R PLUG WIND SCREEN,Pe comanda,Marfuri gestiune 1 firma,0,BUC,0,0,,EUR,21,
00445235,64224-LEJ2-E10,64224-LEJ2-E10 COVER L UP VISOR,Pe comanda,Marfuri gestiune 1 firma,2,BUC,0,0,,EUR,21,
00449393,64225-LEA7-E00,64225-LEA7-E00 SPRING COSMETIC K-LOGO,Pe comanda,Marfuri gestiune 1 firma,0,BUC,0,0,,EUR,21,
00445236,64225-LEJ2-E10,64225-LEJ2-E10 COVER L DOWN VISOR,Pe comanda,Marfuri gestiune 1 firma,2,BUC,0,0,,EUR,21,
00449394,64226-LEA7-E00,64226-LEA7-E00 COSMETIC K LOGO,Pe comanda,Marfuri gestiune 1 firma,0,BUC,0,0,,EUR,21,
00450171,6422A-LGC6-E00-T01,6422A-LGC6-E00-T01 WIND SCREEN ASSY,Pe comanda,Marfuri gestiune 1 firma,0,BUC,80.78,96.13,,EUR,21,Paravant
00448140,6422A-LLJ3-E00,6422A-LLJ3-E00 ASSY WIND SCREEN,Pe comanda,Marfuri gestiune 1 firma,0,BUC,0,0,,EUR,21,
00446354,6423A-LBA2-E00-N1R,6423A-LBA2-E00-N1R HOLDER ASSY WOND SCREEN,Pe comanda,Marfuri gestiune 1 firma,1,BUC,0,0,,EUR,21,
00445648,64240-LEC8-E00-N1R,64240-LEC8-E00-N1R COVER R FR COWL SIDE,Pe comanda,Marfuri gestiune 1 firma,0,BUC,0,0,,EUR,21,
00451105,64240-LGC6-E00-N1R,64240-LGC6-E00-N1R COVER L WIND SCREEN,Pe comanda,Marfuri gestiune 1 firma,0,BUC,1.19,1.42,,EUR,21,Capac paravant st
00451143,64240-LKH3-C00-N1R,64240-LKH3-C00-N1R COVER R GRID,Pe comanda,Marfuri gestiune 1 firma,0,BUC,2.16,2.57,,EUR,21,Capac grila dreapta
00445649,64242-LEC8-E00-N1R,64242-LEC8-E00-N1R COVER L FR COWL SIDE,Pe comanda,Marfuri gestiune 1 firma,2,BUC,0,0,,EUR,21,
00451142,64242-LKH3-C00-N1R,64242-LKH3-C00-N1R COVER L GRID,Pe comanda,Marfuri gestiune 1 firma,0,BUC,2.16,2.57,,EUR,21,Capac grila stanga
00448442,64250-LBA2-E00-N1R,64250-LBA2-E00-N1R COVER WIND SCREEN,Pe comanda,Marfuri gestiune 1 firma,1,BUC,0,0,,EUR,21,
00448812,6427A-LEC8-E00-BAM,6427A-LEC8-E00-BAM MA8193 FAIRING BLUE,Pe comanda,Marfuri gestiune 1 firma,0,BUC,0,0,,EUR,21,
00445836,6427A-LEC8-E00-EBP,6427A-LEC8-E00-EBP COWL R/H FR UPPER ASSY,Pe comanda,Marfuri gestiune 1 firma,5,BUC,0,0,,EUR,21,
00447240,6427A-LEC8-E00-NEP,6427A-LEC8-E00-NEP COWL R/H FR UPPER,Pe comanda,Marfuri gestiune 1 firma,0,BUC,0,0,,EUR,21,Carena superioara dreapta (negru mat)
00446538,6428A-LEC8-E00-EBP,6428A-LEC8-E00-EBP COWL L/H FR UPPER ASSY,Pe comanda,Marfuri gestiune 1 firma,1,BUC,0,0,,EUR,21,
00445670,6428A-LEC8-E00-NEP,6428A-LEC8-E00-NEP COWL L/H FR UPPER ASSY,Pe comanda,Marfuri gestiune 1 firma,1,BUC,0,0,,EUR,21,Carena superioara stanga (negru mat)
00451607,64301-ACD5-E00-N1P,64301-ACD5-E00-N1P COVER FRONT (BLACK),Pe comanda,Marfuri gestiune 1 firma,0,BUC,276.0331,334,,EUR,21,Carena fata - negru
00451580,64301-AKB8-E00-N1P,64301-AKB8-E00-N1P COVER A FRONT,Pe comanda,Marfuri gestiune 1 firma,0,BUC,392.562,475,,EUR,21,Carena A fata
00448607,64301-ALA9-E70-N1P,64301-ALA9-E70-N1P COVER FRONT,Pe comanda,Marfuri gestiune 1 firma,0,BUC,0,0,,EUR,21,Carena fata
00446954,64301-ALA9-E70-NVP,64301-ALA9-E70-NVP COVER R FRONT,Pe comanda,Marfuri gestiune 1 firma,0,BUC,0,0,,EUR,21,
00447883,64301-ALG1-E10-NVP,64301-ALG1-E10-NVP COVER FR,Pe comanda,Marfuri gestiune 1 firma,0,BUC,0,0,,EUR,21,
00447534,64301-ALJ8-E10-NVP,64301-ALJ8-E10-NVP COVER FR,Pe comanda,Marfuri gestiune 1 firma,0,BUC,218.1818,264,,EUR,21,Masca far - alb
00446125,64301-KEBE-900-B4P,64301-KEBE-900-B4P COVER FRONT BLUE METALIC,Pe comanda,Marfuri gestiune 1 firma,1,BUC,0,0,,EUR,21,
00446003,64301-KEBE-900-N8P,64301-KEBE-900-N8P COVER FRONT UP,Pe comanda,Marfuri gestiune 1 firma,1,BUC,0,0,,EUR,21,
00447688,64301-KEBE-900-R1P,64301-KEBE-900-R1P COVER SET FRONT,Pe comanda,Marfuri gestiune 1 firma,0,BUC,0,0,,EUR,21,
00447590,64301-KHD8-900-N8P,64301-KHD8-900-N8P COVER SET FRONT,Pe comanda,Marfuri gestiune 1 firma,0,BUC,0,0,,EUR,21,
00446916,64301-KHD8-900-R1P,64301-KHD8-900-R1P COVER FR,Pe comanda,Marfuri gestiune 1 firma,0,BUC,0,0,,EUR,21,
00446966,64301-KHE7-900-R1P,64301-KHE7-900-R1P COVER FR,Pe comanda,Marfuri gestiune 1 firma,1,BUC,0,0,,EUR,21,
00447225,64301-KKC4-900-N8P,64301-KKC4-900-N8P COVER SCREEN,Pe comanda,Marfuri gestiune 1 firma,0,BUC,0,0,,EUR,21,
00450232,64301-KXCX-305-N8A,64301-KXCX-305-N8A COVER SET FRONT,Pe comanda,Marfuri gestiune 1 firma,0,BUC,26.2,31.18,,EUR,21,Carena fata - gri
00445173,64301-KXCX-305-R8B,64301-KXCX-305-R8B COVER SET FRONT,Pe comanda,Marfuri gestiune 1 firma,1,BUC,0,0,,EUR,21,
00448855,64301-LCA4-E00-N1R,64301-LCA4-E00-N1R COVER FRONT,Pe comanda,Marfuri gestiune 1 firma,0,BUC,0,0,,EUR,21,
00448457,64301-LCB9-C10-BAP,64301-LCB9-C10-BAP COVER FRONT,Pe comanda,Marfuri gestiune 1 firma,0,BUC,0,0,,EUR,21,
00450717,64301-LCB9-C10-N1P,64301-LCB9-C10-N1P COVER FRONT,Pe comanda,Marfuri gestiune 1 firma,0,BUC,26.81,31.9,,EUR,21,Marca far fata (negru lucios)
00446185,64301-LCB9-C10-N8P,64301-LCB9-C10-N8P COVER FRONT,Pe comanda,Marfuri gestiune 1 firma,1,BUC,0,0,,EUR,21,
00449852,64301-LCB9-C10-NVP,64301-LCB9-C10-NVP COVER FRONT (WHITE),Pe comanda,Marfuri gestiune 1 firma,2,BUC,22.35,26.6,,EUR,21,Masca far (alb)
00451344,64301-LCB9-C10-R1P,64301-LCB9-C10-R1P COVER FRONT,Pe comanda,Marfuri gestiune 1 firma,0,BUC,20,24.2,,EUR,21,Masca far - rosu
00447360,64301-LCD3-E00-C6P,64301-LCD3-E00-C6P COVER FR,Pe comanda,Marfuri gestiune 1 firma,0,BUC,0,0,,EUR,21,
00446751,64301-LCD3-E00-HKP,64301-LCD3-E00-HKP COVER FR,Pe comanda,Marfuri gestiune 1 firma,0,BUC,0,0,,EUR,21,
00450808,64301-LCD3-E00-N1P,64301-LCD3-E00-N1P COVER FR,Pe comanda,Marfuri gestiune 1 firma,0,BUC,44.18,52.57,,EUR,21,Carena fata (negru)
00451221,64301-LCD3-E00-N8P,64301-LCD3-E00-N8P COVER FRONT,Pe comanda,Marfuri gestiune 1 firma,0,BUC,44.18,52.57,,EUR,21,Carena fata (argintiu)
00446645,64301-LDC3-E00-N1P,64301-LDC3-E00-N1P COVER FR,Pe comanda,Marfuri gestiune 1 firma,0,BUC,0,0,,EUR,21,
00449709,64301-LDH1-E00-N1P,64301-LDH1-E00-N1P COVER FR,Pe comanda,Marfuri gestiune 1 firma,0,BUC,0,0,,EUR,21,
00445813,64301-LEA5-E00-HTP,64301-LEA5-E00-HTP COVER FRONT BLACK DIAMOND,Pe comanda,Marfuri gestiune 1 firma,1,BUC,0,0,,EUR,21,
00448428,64301-LEA7-E00-N8P,64301-LEA7-E00-N8P COVER FR,Pe comanda,Marfuri gestiune 1 firma,0,BUC,0,0,,EUR,21,
00450664,64301-LEA7-E00-NFP,64301-LEA7-E00-NFP COVER FR,Pe comanda,Marfuri gestiune 1 firma,0,BUC,92.06,109.55,,EUR,21,Carena fata
00447918,64301-LEA7-E00-NV9,64301-LEA7-E00-NV9 COVER FR,Pe comanda,Marfuri gestiune 1 firma,0,BUC,0,0,,EUR,21,
00448349,64301-LEA7-E00-NVP,64301-LEA7-E00-NVP COVER FR,Pe comanda,Marfuri gestiune 1 firma,1,BUC,0,0,,EUR,21,
00445837,64301-LEC8-E00-EBP,64301-LEC8-E00-EBP COVER FR,Pe comanda,Marfuri gestiune 1 firma,2,BUC,0,0,,EUR,21,Masca fata (rosu)
00447227,64301-LEC8-E00-NEP,64301-LEC8-E00-NEP COVER FR,Pe comanda,Marfuri gestiune 1 firma,0,BUC,0,0,,EUR,21,Carena fata
00448091,64301-LEJ2-E10-N1P,64301-LEJ2-E10-N1P COVER FR,Pe comanda,Marfuri gestiune 1 firma,0,BUC,0,0,,EUR,21,
00449226,64301-LFA5-E00-N1R,64301-LFA5-E00-N1R COVER FRONT,Pe comanda,Marfuri gestiune 1 firma,0,BUC,276.8595,335,,EUR,21,Carena fata
00446276,64301-LFC2-E10-HKP,64301-LFC2-E10-HKP COVER FRONT,Pe comanda,Marfuri gestiune 1 firma,1,BUC,0,0,,EUR,21,
00446277,64301-LFC2-E10-N1P,64301-LFC2-E10-N1P COVER FRONT,Pe comanda,Marfuri gestiune 1 firma,1,BUC,0,0,,EUR,21,
00447777,64301-LFC8-850-N1P,64301-LFC8-850-N1P COVER FRONT,Pe comanda,Marfuri gestiune 1 firma,0,BUC,0,0,,EUR,21,
00447957,64301-LFC8-B50-N1P,64301-LFC8-B50-N1P COVER FRONT,Pe comanda,Marfuri gestiune 1 firma,0,BUC,0,0,,EUR,21,
00450922,64301-LGE2-C10-N1P,64301-LGE2-C10-N1P COVER FRONT,Pe comanda,Marfuri gestiune 1 firma,0,BUC,40.66,48.39,,EUR,21,Carena fata - negru
00445671,64301-LGE5-E00-NVP,64301-LGE5-E00-NVP COVER FRONT,Pe comanda,Marfuri gestiune 1 firma,1,BUC,0,0,,EUR,21,
00448860,64301-LGN5-Y00-T02,64301-LGN5-Y00-T02 COVER FRONT,Pe comanda,Marfuri gestiune 1 firma,0,BUC,0,0,,EUR,21,
00446326,64301-LGR5-E10-BJP,64301-LGR5-E10-BJP COVER FRONT,Pe comanda,Marfuri gestiune 1 firma,1,BUC,0,0,,EUR,21,
00450767,64301-LGR5-E10-NHP,64301-LGR5-E10-NHP COVER FRONT,Pe comanda,Marfuri gestiune 1 firma,0,BUC,149.579831,178,,EUR,21,Carena fata
00445422,64301-LGR5-E10-NVP,64301-LGR5-E10-NVP COVER FRONT,Pe comanda,Marfuri gestiune 1 firma,1,BUC,0,0,,EUR,21,
00447646,64301-LGR5-E10-R9P,64301-LGR5-E10-R9P COVER FRONT,Pe comanda,Marfuri gestiune 1 firma,0,BUC,0,0,,EUR,21,
00448056,64301-LHG7-E00-NZP,64301-LHG7-E00-NZP COVER FRONT,Pe comanda,Marfuri gestiune 1 firma,0,BUC,0,0,,EUR,21,
00446156,64301-LKG7-E00-N1P,64301-LKG7-E00-N1P FR COVER,Pe comanda,Marfuri gestiune 1 firma,1,BUC,0,0,,EUR,21,
00451086,64301-YZA6-E00-N1R,64301-YZA6-E00-N1R FRONT COVER,Pe comanda,Marfuri gestiune 1 firma,0,BUC,81.8182,99,,EUR,21,Carena fata
00451581,64302-AKB8-E00-N1P,64302-AKB8-E00-N1P MOLDING A R SIDE,Pe comanda,Marfuri gestiune 1 firma,0,BUC,242.1488,293,,EUR,21,Carena A laterala dreapta
00446720,64302-KFA6-900-R7M,64302-KFA6-900-R7M MOLD FR DARK RED,Pe comanda,Marfuri gestiune 1 firma,0,BUC,0,0,,EUR,21,
00446917,64302-KHD8-900-R1P,64302-KHD8-900-R1P MOLDING FR,Pe comanda,Marfuri gestiune 1 firma,1,BUC,0,0,,EUR,21,
00447232,64302-KKC4-900-N8P,64302-KKC4-900-N8P MOLDING FR,Pe comanda,Marfuri gestiune 1 firma,0,BUC,0,0,,EUR,21,
00448481,64302-KKC4-900-R1P,64302-KKC4-900-R1P MOLDING FR,Pe comanda,Marfuri gestiune 1 firma,1,BUC,0,0,,EUR,21,
00446355,64302-LBA2-E00-N8P,64302-LBA2-E00-N8P MOLDING FR,Pe comanda,Marfuri gestiune 1 firma,0,BUC,0,0,,EUR,21,
00449678,64302-LBA2-E02-N8P,64302-LBA2-E02-N8P MOLDING FR,Pe comanda,Marfuri gestiune 1 firma,1,BUC,0,0,,EUR,21,
00449346,64302-LBD4-910-N1R,64302-LBD4-910-N1R COVER FRONT BUMPER,Pe comanda,Marfuri gestiune 1 firma,0,BUC,0,0,,EUR,21,
00450431,64302-LBD5-E00-HHP,64302-LBD5-E00-HHP MOLDING FR (SILVER),Pe comanda,Marfuri gestiune 1 firma,0,BUC,138.66,138.66,,EUR,21,
00445550,64302-LCA5-E01-N1R,64302-LCA5-E01-N1R BUMPER FRONT,Marfuri,Marfuri gestiune 1 firma,20,BUC,152.8926,185,,EUR,21,Masca frontala
00446360,64302-LDB5-E01-N1R,64302-LDB5-E01-N1R BUMPER FRONT,Pe comanda,Marfuri gestiune 1 firma,3,BUC,0,0,,EUR,21,Bulbar plastic
00448747,64302-LEC8-E00-N1R,64302-LEC8-E00-N1R COVER FR LOWER,Pe comanda,Marfuri gestiune 1 firma,0,BUC,0,0,,EUR,21,
00445773,64302-LEJ2-E10-NVP,64302-LEJ2-E10-NVP MOLD FR,Pe comanda,Marfuri gestiune 1 firma,1,BUC,0,0,,EUR,21,
00449548,64302-LFA5-E00-N1R,64302-LFA5-E00-N1R BUMPER FRONT,Pe comanda,Marfuri gestiune 1 firma,0,BUC,0,0,,EUR,21,
00448119,64302-LFC2-E10-N1R,64302-LFC2-E10-N1R MOLD FRONT,Pe comanda,Marfuri gestiune 1 firma,0,BUC,0,0,,EUR,21,
00447113,64302-LGR2-305-J8F,64302-LGR2-305-J8F MOLDING SET FR,Pe comanda,Marfuri gestiune 1 firma,0,BUC,0,0,,EUR,21,
00448375,64302-LGR2-E00-NVP,64302-LGR2-E00-NVP MOLDING FR,Pe comanda,Marfuri gestiune 1 firma,0,BUC,0,0,,EUR,21,
00446327,64302-LGR5-E10-BJP,64302-LGR5-E10-BJP MOLD FRONT,Pe comanda,Marfuri gestiune 1 firma,1,BUC,0,0,,EUR,21,
00447650,64302-LGR5-E10-NVP,64302-LGR5-E10-NVP MOLD FRONT,Pe comanda,Marfuri gestiune 1 firma,0,BUC,0,0,,EUR,21,
00448057,64302-LHG7-E00-NZP,64302-LHG7-E00-NZP MOLD FR R/H,Pe comanda,Marfuri gestiune 1 firma,0,BUC,0,0,,EUR,21,
00451186,64302-LHM2-E00-N1R,64302-LHM2-E00-N1R COVER FRONT BUMPER,Pe comanda,Marfuri gestiune 1 firma,0,BUC,7.69,9.15,,EUR,21,Capac fata
00448304,64302-LKG7-E00-CFP,64302-LKG7-E00-CFP MOLDING R/H A SIDE,Pe comanda,Marfuri gestiune 1 firma,0,BUC,0,0,,EUR,21,
00451582,64303-AKB8-E00-N1P,64303-AKB8-E00-N1P MOLDING A L SIDE,Pe comanda,Marfuri gestiune 1 firma,0,BUC,194.2149,235,,EUR,21,Carena A laterala stanga
00451623,64303-AKC6-E10-63P,64303-AKC6-E10-63P MOLD R FRONT ASSY(MAT WHITE),Pe comanda,Marfuri gestiune 1 firma,0,BUC,196.6942,238,,EUR,21,Carena fata dreapta - alb mat
00447910,64303-KHD8-900-N1R,64303-KHD8-900-N1R COVER FR TOP,Pe comanda,Marfuri gestiune 1 firma,0,BUC,0,0,,EUR,21,
00448901,64303-LCA5-E01-N1R,64303-LCA5-E01-N1R GRILL R FENDER,Pe comanda,Marfuri gestiune 1 firma,0,BUC,0,0,,EUR,21,
00445237,64303-LCD3-E00-C6P,64303-LCD3-E00-C6P SKIRT R SIDE,Pe comanda,Marfuri gestiune 1 firma,0,BUC,0,0,,EUR,21,
00445241,64303-LCD3-E00-C6P,64303-LCD3-E00-C6P COVER FR TOP,Pe comanda,Marfuri gestiune 1 firma,2,BUC,0,0,,EUR,21,
00451222,64303-LCD3-E00-N8P,64303-LCD3-E00-N8P COVER FR TOP,Pe comanda,Marfuri gestiune 1 firma,0,BUC,1.58,1.88,,EUR,21,Capac fata
00448072,64303-LEA7-E00-NEP,64303-LEA7-E00-NEP BOARD R FR COVER,Pe comanda,Marfuri gestiune 1 firma,0,BUC,0,0,,EUR,21,
00447641,64303-LEJ2-E10-N1P,64303-LEJ2-E10-N1P MOLD FR,Pe comanda,Marfuri gestiune 1 firma,0,BUC,0,0,,EUR,21,Carena fata stanga - negru
00445774,64303-LEJ2-E10-NVP,64303-LEJ2-E10-NVP MOLD FR,Pe comanda,Marfuri gestiune 1 firma,1,BUC,0,0,,EUR,21,Carena fata stanga - alb
00447820,64303-LFC2-E10-HKP,64303-LFC2-E10-HKP CAP FR COVER,Pe comanda,Marfuri gestiune 1 firma,0,BUC,16.5289,20,,EUR,21,Capac
00446278,64303-LFC2-E10-N1P,64303-LFC2-E10-N1P CAP FR COVER,Pe comanda,Marfuri gestiune 1 firma,1,BUC,0,0,,EUR,21,
00448718,64303-LGN5-E00-HZF,64303-LGN5-E00-HZF COVER R GRILLE,Pe comanda,Marfuri gestiune 1 firma,0,BUC,0,0,,EUR,21,
00446051,64303-LKG7-E00-J8F,64303-LKG7-E00-J8F MOLDING L/H A SIDE,Pe comanda,Marfuri gestiune 1 firma,1,BUC,0,0,,EUR,21,
00451118,64303-YZA6-E00-STP,64303-YZA6-E00-STP FRONT HOOD PANEL,Pe comanda,Marfuri gestiune 1 firma,0,BUC,14.5,17.26,,EUR,21,Carena fata
00451487,64304-BLB3-E10-N1R,"64304-BLB3-E10-N1R COVER, FR. LOW",Pe comanda,Marfuri gestiune 1 firma,1,BUC,56.1983,68,,EUR,21,Capac inf. fata
00448902,64304-LCA5-E01-N1R,64304-LCA5-E01-N1R GRILL L FENDER,Pe comanda,Marfuri gestiune 1 firma,0,BUC,0,0,,EUR,21,
00446655,64304-LDC3-E00,64304-LDC3-E00 GRILL FRONT COVER,Pe comanda,Marfuri gestiune 1 firma,0,BUC,0,0,,EUR,21,
00448350,64304-LEA7-E00-NEP,64304-LEA7-E00-NEP BOARD L FR COVER,Pe comanda,Marfuri gestiune 1 firma,0,BUC,0,0,,EUR,21,
00448058,64304-LHG7-E00-YYP,64304-LHG7-E00-YYP TOP COVER FR,Pe comanda,Marfuri gestiune 1 firma,0,BUC,0,0,,EUR,21,
00448159,64304-LKG7-E00-NEP,64304-LKG7-E00-NEP TOP COVER FR,Pe comanda,Marfuri gestiune 1 firma,0,BUC,0,0,,EUR,21,
00450248,64305-AGE2-E00-N1R,64305-AGE2-E00-N1R SKIRT R SIDE,Pe comanda,Marfuri gestiune 1 firma,0,BUC,5.85,6.96,,EUR,21,Carena inferioara dreapta
00451588,64305-AKB8-E00-N1R,64305-AKB8-E00-N1R SKIRT R SIDE,Pe comanda,Marfuri gestiune 1 firma,0,BUC,100.8264,122,,EUR,21,FUSTA LATERALA DREAPTA
00447576,64305-ALJ8-E10-N1R,64305-ALJ8-E10-N1R SKIRT R SIDE,Pe comanda,Marfuri gestiune 1 firma,0,BUC,39.6694,48,,EUR,21,Prag lateral dr
00451488,64305-BLB3-E10-UZP,64305-BLB3-E10-UZP SKIRT R SIDE,Pe comanda,Marfuri gestiune 1 firma,2,BUC,227.2727,275,,EUR,21,Prag lateral dreapta
00450038,64305-KKC4-900-N8P,64305-KKC4-900-N8P SKIRT R SIDE,Pe comanda,Marfuri gestiune 1 firma,0,BUC,30.23,35.97,,EUR,21,Carena laterala inferioara dreapta (argintiu)
00447537,64305-KKC4-900-NZP,64305-KKC4-900-NZP SKIRT L SIDE,Pe comanda,Marfuri gestiune 1 firma,0,BUC,0,0,,EUR,21,
00447011,64305-KKC4-900-R1P,64305-KKC4-900-R1P SKIRT R SIDE,Pe comanda,Marfuri gestiune 1 firma,0,BUC,0,0,,EUR,21,
00450887,64305-LBA2-E00-D0C,64305-LBA2-E00-D0C SKIRT R SIDE (Α:Ν8P/B:NEP),Pe comanda,Marfuri gestiune 1 firma,0,BUC,40.9,48.67,,EUR,21,Carena laterala inferioara dreapta N8P/NEP
00449679,64305-LBA2-E00-DG2,64305-LBA2-E00-DG2 SKIRT R SIDE,Pe comanda,Marfuri gestiune 1 firma,0,BUC,0,0,,EUR,21,
00448147,64305-LBA2-E00-DOC,64305-LBA2-E00-DOC SKIRT R SIDE,Pe comanda,Marfuri gestiune 1 firma,0,BUC,0,0,,EUR,21,Carena laterala inferioara dreapta
00447778,64305-LBB9-B50-N1P,64305-LBB9-B50-N1P SKIRT R SIDE,Pe comanda,Marfuri gestiune 1 firma,0,BUC,0,0,,EUR,21,
00450433,64305-LBD5-E00-HHP,64305-LBD5-E00-HHP SKIRT R SIDE (SILVER),Pe comanda,Marfuri gestiune 1 firma,0,BUC,69,69,,EUR,21,
00450468,64305-LBD5-E00-R6P,64305-LBD5-E00-R6P SKIRT R SIDE (RED),Pe comanda,Marfuri gestiune 1 firma,0,BUC,59,59,,EUR,21,
00445238,64305-LCD3-E00-C6P,64305-LCD3-E00-C6P SKIRT L SIDE,Pe comanda,Marfuri gestiune 1 firma,1,BUC,0,0,,EUR,21,Carena laterala inferioara dreapta
00449395,64305-LCD3-E00-N8P,64305-LCD3-E00-N8P SKIRT R SIDE,Pe comanda,Marfuri gestiune 1 firma,0,BUC,0,0,,EUR,21,Carena laterala inferioara dreapta (argintiu)
00449879,64305-LCD3-E00-NVP,64305-LCD3-E00-NVP SKIRT R SIDE (WHITE),Pe comanda,Marfuri gestiune 1 firma,0,BUC,17.32,20.61,,EUR,21,
00448942,64305-LCD9-E00-N1P,64305-LCD9-E00-N1P SKIR R SIDE,Pe comanda,Marfuri gestiune 1 firma,0,BUC,0,0,,EUR,21,
00448636,64305-LDH1-E00-N8P,64305-LDH1-E00-N8P SKIRT R SIDE,Pe comanda,Marfuri gestiune 1 firma,0,BUC,0,0,,EUR,21,
00446157,64305-LEA7-E00-NEP,64305-LEA7-E00-NEP SKIRT R SIDE,Pe comanda,Marfuri gestiune 1 firma,1,BUC,0,0,,EUR,21,Carena laterala inferioara dreapta
00448688,64305-LEJ2-E10-41P,64305-LEJ2-E10-41P SKIRT R SIDE,Pe comanda,Marfuri gestiune 1 firma,0,BUC,0,0,,EUR,21,
00445775,64305-LEJ2-E10-D25,64305-LEJ2-E10-D25 SKIRT R SIDE,Pe comanda,Marfuri gestiune 1 firma,0,BUC,0,0,,EUR,21,
00450736,64305-LEJ2-E10-DG3,64305-LEJ2-E10-DG3 SKIRT R SIDE,Pe comanda,Marfuri gestiune 1 firma,0,BUC,21.21,25.24,,EUR,21,Carena laterala dreapta
00446034,64305-LEJ2-E10-N1P,64305-LEJ2-E10-N1P SKIRT R SIDE,Pe comanda,Marfuri gestiune 1 firma,1,BUC,0,0,,EUR,21,Carena laterala inferioara dreapta
00446721,64305-LEJ5-E10-D01,64305-LEJ5-E10-D01 SKIRT R SIDE,Pe comanda,Marfuri gestiune 1 firma,1,BUC,0,0,,EUR,21,
00451309,64305-LFC2-E10-N1R,64305-LFC2-E10-N1R SKIRT R SIDE,Pe comanda,Marfuri gestiune 1 firma,0,BUC,4.31,5.22,,EUR,21,Carena laterala inferioara dreapta
00446328,64305-LGR5-E10-BJP,64305-LGR5-E10-BJP SKIRT R SIDE,Pe comanda,Marfuri gestiune 1 firma,1,BUC,0,0,,EUR,21,
00446052,64305-LKG7-E00-J8F,64305-LKG7-E00-J8F FR COVER,Pe comanda,Marfuri gestiune 1 firma,1,BUC,0,0,,EUR,21,
00451254,64306-ACC1-E10-NVP,64306-ACC1-E10-NVP SKIRT L SIDE,Pe comanda,Marfuri gestiune 1 firma,0,BUC,20.34,24.2,,EUR,21,Fusta stanga (alb)
00451474,64306-ADG5-E00-JJP,64306-ADG5-E00-JJP SKIRT A FR. L SIDE,Pe comanda,Marfuri gestiune 1 firma,1,BUC,157.0248,190,,EUR,21,Prag lateral stanga
00447574,64306-ALJ8-E10-N1R,64306-ALJ8-E10-N1R SKIRT L SIDE,Pe comanda,Marfuri gestiune 1 firma,0,BUC,0,0,,EUR,21,Carena laterala inferioara stanga
00451489,64306-BLB3-E10-UZP,64306-BLB3-E10-UZP SKIRT L SIDE,Pe comanda,Marfuri gestiune 1 firma,2,BUC,227.2727,275,,EUR,21,Prag lateral stanga
00447465,64306-KEBE-900-N8P,64306-KEBE-900-N8P SKIRT L SIDE,Pe comanda,Marfuri gestiune 1 firma,1,BUC,0,0,,EUR,21,Carena laterala inferioara stanga
00450817,64306-KHD8-900-NFP,64306-KHD8-900-NFP SKIRT L SIDE,Pe comanda,Marfuri gestiune 1 firma,0,BUC,17.48,20.8,,EUR,21,Carena laterala inferioara stanga
00447331,64306-KKC4-900-N8P,64306-KKC4-900-N8P SKIRT L SIDE,Pe comanda,Marfuri gestiune 1 firma,1,BUC,0,0,,EUR,21,Carena laterala inferioara stanga
00445239,64306-KKC4-900-NZP,64306-KKC4-900-NZP SKIRT L SIDE,Pe comanda,Marfuri gestiune 1 firma,0,BUC,0,0,,EUR,21,Carena laterala inferioara stanga
00447012,64306-KKC4-900-R1P,64306-KKC4-900-R1P SKIRT L SIDE,Pe comanda,Marfuri gestiune 1 firma,0,BUC,0,0,,EUR,21,
00450888,64306-LBA2-E00-D0M,64306-LBA2-E00-D0M SKIRT L SIDE (Α:NFP/B:NEP),Pe comanda,Marfuri gestiune 1 firma,0,BUC,40.9,48.67,,EUR,21,Carena laterala inferioara stanga NFP/NEP
00447911,64306-LBA2-E00-DG2,64306-LBA2-E00-DG2 SKIRT L SIDE,Pe comanda,Marfuri gestiune 1 firma,0,BUC,0,0,,EUR,21,Carena laterala inferioara stanga
00447958,64306-LBB9-B50-N1P,64306-LBB9-B50-N1P SKIRT L SIDE,Pe comanda,Marfuri gestiune 1 firma,0,BUC,0,0,,EUR,21,
00447304,64306-LBB9-B50-NVP,64306-LBB9-B50-NVP SKIRT L SIDE,Pe comanda,Marfuri gestiune 1 firma,0,BUC,0,0,,EUR,21,
00447779,64306-LBB9-B50-R6P,64306-LBB9-B50-R6P SKIRT L SIDE,Pe comanda,Marfuri gestiune 1 firma,0,BUC,0,0,,EUR,21,
00450432,64306-LBD5-E00-HHP,64306-LBD5-E00-HHP SKIRT L SIDE (SILVER),Pe comanda,Marfuri gestiune 1 firma,0,BUC,59,59,,EUR,21,
00450499,64306-LBD5-E00-HKP,64306-LBD5-E00-HKP SKIRT L SIDE,Pe comanda,Marfuri gestiune 1 firma,0,BUC,33.79,40.21,,EUR,21,Fusta laterala dr
00450467,64306-LBD5-E00-NVP,64306-LBD5-E00-NVP SKIRT L SIDE (WHITE),Pe comanda,Marfuri gestiune 1 firma,1,BUC,59,59,,EUR,21,
00450469,64306-LBD5-E00-R6P,64306-LBD5-E00-R6P SKIRT L SIDE (RED),Pe comanda,Marfuri gestiune 1 firma,0,BUC,59,59,,EUR,21,
00450434,64306-LBD6-E00-NVP,64306-LBD6-E00-NVP SKIRT L SIDE (WHITE),Pe comanda,Marfuri gestiune 1 firma,0,BUC,59,59,,EUR,21,
00447362,64306-LCD3-E00-C6P,64306-LCD3-E00-C6P SKIRT L SIDE,Pe comanda,Marfuri gestiune 1 firma,0,BUC,0,0,,EUR,21,Carena laterala inferioara stanga
00451322,64306-LCD3-E00-N1P,64306-LCD3-E00-N1P SKIRT L SIDE,Pe comanda,Marfuri gestiune 1 firma,0,BUC,19.42,23.5,,EUR,21,Carena inferioara laterala stanga - negru
00447361,64306-LCD3-E00-N1R,64306-LCD3-E00-N1R PANEL FLOOR,Pe comanda,Marfuri gestiune 1 firma,0,BUC,0,0,,EUR,21,Carena laterala inferioara stanga
00449396,64306-LCD3-E00-N8P,64306-LCD3-E00-N8P SKIRT L SIDE,Pe comanda,Marfuri gestiune 1 firma,0,BUC,171.0744,207,,EUR,21,Carena laterala inferioara stanga (argintiu)
00446158,64306-LEA7-E00-NEP,64306-LEA7-E00-NEP SKIRT L SIDE,Pe comanda,Marfuri gestiune 1 firma,1,BUC,0,0,,EUR,21,Carena laterala stanga
00445344,64306-LEJ2-E10-D25,64306-LEJ2-E10-D25 SKIRT L SIDE,Pe comanda,Marfuri gestiune 1 firma,1,BUC,0,0,,EUR,21,
00451106,64306-LEJ2-E10-D26,64306-LEJ2-E10-D26 SKIRT L SIDE,Pe comanda,Marfuri gestiune 1 firma,0,BUC,21.21,25.24,,EUR,21,Prag lateral stanga
00450737,64306-LEJ2-E10-DG3,64306-LEJ2-E10-DG3 SKIRT L SIDE,Pe comanda,Marfuri gestiune 1 firma,0,BUC,21.21,25.24,,EUR,21,Carena laterala stanga
00447640,64306-LEJ2-E10-N1P,64306-LEJ2-E10-N1P SKIRT L SIDE,Pe comanda,Marfuri gestiune 1 firma,0,BUC,0,0,,EUR,21,
00448120,64306-LFC2-E10-N1R,64306-LFC2-E10-N1R SKIRT L SIDE,Pe comanda,Marfuri gestiune 1 firma,0,BUC,0,0,,EUR,21,
00450923,64306-LGE2-C10-N1P,64306-LGE2-C10-N1P SKIRT L SIDE,Pe comanda,Marfuri gestiune 1 firma,0,BUC,15.26,18.16,,EUR,21,Fusta laterala stanga - negru
00450768,64306-LGR5-E10-NHP,64306-LGR5-E10-NHP SKIRT R SIDE,Pe comanda,Marfuri gestiune 1 firma,0,BUC,147.899159,176,,EUR,21,Fusta laterala dreapta
00446053,64306-LKG7-E00-J8F,64306-LKG7-E00-J8F FR COVER,Pe comanda,Marfuri gestiune 1 firma,1,BUC,0,0,,EUR,21,
00451079,64306-YZA6-305-NEP,64306-YZA6-305-NEP LEFT PROTECTIVE STRIP,Pe comanda,Marfuri gestiune 1 firma,0,BUC,14.92,17.75,,EUR,21,Protectie laterala
00450249,64307-AGE2-E00-J2P,64307-AGE2-E00-J2P SKIRT B R SIDE,Pe comanda,Marfuri gestiune 1 firma,0,BUC,36.24,43.13,,EUR,21,Carena inferioara B dreapta
00451561,64307-ALJ8-E10-61P,64307-ALJ8-E10-61P COVER R SIDE SKIRT,Pe comanda,Marfuri gestiune 1 firma,0,BUC,152.0661,184,,EUR,21,Prag lateral dreapta
00451119,64307-ALJ8-E10-N1P,64307-ALJ8-E10-N1P COVER R SIDE SKIRT,Pe comanda,Marfuri gestiune 1 firma,0,BUC,17.04,20.28,,EUR,21,Carena laterala dreapta
00447572,64307-ALJ8-E10-NVP,64307-ALJ8-E10-NVP COVER R SIDE SKIRT,Pe comanda,Marfuri gestiune 1 firma,0,BUC,0,0,,EUR,21,
00446329,64307-LCA5-900,64307-LCA5-900 CAP R FR BUMBER,Pe comanda,Marfuri gestiune 1 firma,1,BUC,0,0,,EUR,21,
00449454,64307-LDF3-E01,64307-LDF3-E01 COVER R WINKER,Pe comanda,Marfuri gestiune 1 firma,0,BUC,0,0,,EUR,21,
00447291,64307-LEA7-E00-N1P,64307-LEA7-E00-N1P LID FR COVER,Pe comanda,Marfuri gestiune 1 firma,0,BUC,0,0,,EUR,21,Capac fata
00451007,64307-LFC2-E10-N1R,64307-LFC2-E10-N1R GRILLE R FR MOLDING,Pe comanda,Marfuri gestiune 1 firma,0,BUC,0.41,0.49,,EUR,21,Ornament dr.
00450833,64307-LGR2-E00-NEP,64307-LGR2-E00-NEP SKIRT FR R SIDE,Pe comanda,Marfuri gestiune 1 firma,0,BUC,30.66,36.49,,EUR,21,Fusta fata dreapta
00448059,64307-LHG7-E00-N1R,64307-LHG7-E00-N1R OUTER FR COVER,Pe comanda,Marfuri gestiune 1 firma,0,BUC,0,0,,EUR,21,
00451460,64308-AKC6-E10-63P,64308-AKC6-E10-63P COVER L SIDE SKIRT(MAT WHITE),Pe comanda,Marfuri gestiune 1 firma,1,BUC,138.843,168,,EUR,21,Capac stanga - alb
00451356,64308-AKC6-E10-J2P,64308-AKC6-E10-J2P SKIRT B L SIDE,Pe comanda,Marfuri gestiune 1 firma,0,BUC,14.52,17.57,,EUR,21,Fusta dreapta B - stanga
00451080,64308-ALJ8-E10-N1P,64308-ALJ8-E10-N1P COVER L SIDE SKIRT,Pe comanda,Marfuri gestiune 1 firma,0,BUC,16.75,19.93,,EUR,21,Carena laterala stanga
00447466,64308-LDF3-E01,64308-LDF3-E01 COVER L WINKER,Pe comanda,Marfuri gestiune 1 firma,0,BUC,0,0,,EUR,21,
00451008,64308-LFC2-E10-N1R,64308-LFC2-E10-N1R GRILLE R FR MOLDING,Pe comanda,Marfuri gestiune 1 firma,0,BUC,0.41,0.49,,EUR,21,Ornament st.
00450834,64308-LGR2-E00-NEP,64308-LGR2-E00-NEP SKIRT FR L SIDE,Pe comanda,Marfuri gestiune 1 firma,0,BUC,30.66,36.49,,EUR,21,Fusta fata stanga
00446054,64308-LKG7-E00-YYF,64308-LKG7-E00-YYF BOARD R H FR COVER,Pe comanda,Marfuri gestiune 1 firma,1,BUC,0,0,,EUR,21,
00447689,64309-KEBE-900,64309-KEBE-900 STAY R FR COVER,Pe comanda,Marfuri gestiune 1 firma,0,BUC,0,0,,EUR,21,
00448121,64309-LEJ2-E10-N1P,64309-LEJ2-E10-N1P COVER FR TOP,Pe comanda,Marfuri gestiune 1 firma,0,BUC,0,0,,EUR,21,
00447532,6430A-ALJ8-E10-N1R,6430A-ALJ8-E10-N1R FRONT COVER,Pe comanda,Marfuri gestiune 1 firma,0,BUC,70.2479,85,,EUR,21,Aripa fata dr
00447510,6430A-LDB5-E00-N1R,6430A-LDB5-E00-N1R COVER ASSY FRONT,Pe comanda,Marfuri gestiune 1 firma,2,BUC,98.3471,119,,EUR,21,Capac fata
00447530,6430B-ALJ8-E10-N1R,6430B-ALJ8-E10-N1R FRONT MOLD L SIDE ASSY,Pe comanda,Marfuri gestiune 1 firma,0,BUC,0,0,,EUR,21,
00450256,64310-AGE2-E00-N1R,64310-AGE2-E00-N1R FLOOR PANEL R,Pe comanda,Marfuri gestiune 1 firma,0,BUC,10,11.9,,EUR,21,Suport podea dr
00450884,64310-KKC4-900-N1R,64310-KKC4-900-N1R FLOOR PANEL,Pe comanda,Marfuri gestiune 1 firma,0,BUC,2.79,3.32,,EUR,21,Podea
00449516,64310-LBA2-E00-N1R,64310-LBA2-E00-N1R PANEL FLOOR,Pe comanda,Marfuri gestiune 1 firma,0,BUC,0,0,,EUR,21,
00445345,64310-LCB9-C10-N1R,64310-LCB9-C10-N1R FLOOR PANEL,Marfuri,Marfuri gestiune 1 firma,13,BUC,260.3306,315,,EUR,21,Podea
00447363,64310-LCD3-E00-N1R,64310-LCD3-E00-N1R PANEL FLOOR,Pe comanda,Marfuri gestiune 1 firma,0,BUC,0,0,,EUR,21,
00447292,64310-LEA7-E00-N1R,64310-LEA7-E00-N1R FLOOR PANE,Pe comanda,Marfuri gestiune 1 firma,0,BUC,0,0,,EUR,21,
00448073,64310-LEJ2-E10-N1R,64310-LEJ2-E10-N1R FLOOR PANEL,Pe comanda,Marfuri gestiune 1 firma,0,BUC,0,0,,EUR,21,
00448122,64310-LFC2-E11-N1R,64310-LFC2-E11-N1R FLOOR PANEL,Pe comanda,Marfuri gestiune 1 firma,0,BUC,0,0,,EUR,21,
00447293,64310-LGB5-E10-N1R,64310-LGB5-E10-N1R FLOOR PANEL,Pe comanda,Marfuri gestiune 1 firma,0,BUC,0,0,,EUR,21,
00450769,64310-LGR5-E10-N1R,64310-LGR5-E10-N1R FLOOR PANEL,Pe comanda,Marfuri gestiune 1 firma,0,BUC,167.22689,199,,EUR,21,Podea
00449599,64310-LLJ3-E00-N1R,64310-LLJ3-E00-N1R FLOOR PANEL,Pe comanda,Marfuri gestiune 1 firma,0,BUC,0,0,,EUR,21,
00449385,64311-KEBE-900-N1R,64311-KEBE-900-N1R UD SPARK PLUG,Pe comanda,Marfuri gestiune 1 firma,1,BUC,0,0,,EUR,21,
00447013,64311-KKC4-900-N1R,64311-KKC4-900-N1R COVER R PILLION STEP,Pe comanda,Marfuri gestiune 1 firma,0,BUC,0,0,,EUR,21,
00445607,64311-KUDU-900-N1R,64311-KUDU-900-N1R END R PILLON STEP,Pe comanda,Marfuri gestiune 1 firma,1,BUC,0,0,,EUR,21,
00450250,64312-AGE2-E00-J2P,64312-AGE2-E00-J2P MOLDING R FR,Pe comanda,Marfuri gestiune 1 firma,0,BUC,43.05,51.23,,EUR,21,Carena dreapta fata
00451606,64312-AKB8-E00-JDP,64312-AKB8-E00-JDP MOLDING B R SIDE,Pe comanda,Marfuri gestiune 1 firma,0,BUC,156.1983,189,,EUR,21,Carena B - dreapta
00447884,64312-ALG1-E10-NVP,64312-ALG1-E10-NVP COVER R SIDE,Pe comanda,Marfuri gestiune 1 firma,0,BUC,0,0,,EUR,21,
00451510,64312-BLB3-E10-UZP,64312-BLB3-E10-UZP MOLDING RH FR,Pe comanda,Marfuri gestiune 1 firma,3,BUC,312.3967,378,,EUR,21,Carena laterala dreapta fata
00448850,64312-KKC4-900-N1R,64312-KKC4-900-N1R SIDE R GRIP,Pe comanda,Marfuri gestiune 1 firma,0,BUC,0,0,,EUR,21,
00448852,64312-KKC4-900-N1R,64312-KKC4-900-N1R GRIDE R PILLON STEP,Pe comanda,Marfuri gestiune 1 firma,0,BUC,0,0,,EUR,21,
00450929,64312-LEA7-E00-MB1360,64312-LEA7-E00-MB1360 BOARD R PANEL FLOOR,Pe comanda,Marfuri gestiune 1 firma,0,BUC,20.19,24.03,,EUR,21,Panel podea dreapta
00448303,64312-LKC7-E00-CFP,64312-LKC7-E00-CFP MOLDING R/H FR COVER,Pe comanda,Marfuri gestiune 1 firma,0,BUC,0,0,,EUR,21,
00451612,64313-AKB8-E00-JDP,64313-AKB8-E00-JDP MOLDING B L SIDE,Pe comanda,Marfuri gestiune 1 firma,0,BUC,156.1983,189,,EUR,21,Carena B - stanga
00447885,64313-ALG1-E10-NVP,64313-ALG1-E10-NVP COVER A L SIDE FR,Pe comanda,Marfuri gestiune 1 firma,0,BUC,0,0,,EUR,21,
00447821,64313-LGN5-E00-HZF,64313-LGN5-E00-HZF COVER L GRILLE,Pe comanda,Marfuri gestiune 1 firma,0,BUC,0,0,,EUR,21,
00449066,64315-ALC9-E10,"64315-ALC9-E10 CARRIER FR, CONNECT",Pe comanda,Marfuri gestiune 1 firma,0,BUC,0,0,,EUR,21,
00446987,64315-LFC2-E10,64315-LFC2-E10 STAY FR COVER,Pe comanda,Marfuri gestiune 1 firma,0,BUC,0,0,,EUR,21,
00445174,64316-LCB9-C10-N1R,64316-LCB9-C10-N1R PLUG FLOOR,Pe comanda,Marfuri gestiune 1 firma,7,BUC,0,0,,EUR,21,
00451585,64317-AKB8-E00,64317-AKB8-E00 UNDER PIPE FR COVER,Pe comanda,Marfuri gestiune 1 firma,0,BUC,257.0248,311,,EUR,21,Carena fata sub
00448305,64318-LKG7-E00-N1R,64318-LKG7-E00-N1R GRILL R/H COVER,Pe comanda,Marfuri gestiune 1 firma,0,BUC,0,0,,EUR,21,
00447690,64319-KEBE-900,64319-KEBE-900 STAY L FR UP COVER,Pe comanda,Marfuri gestiune 1 firma,0,BUC,0,0,,EUR,21,
00451255,6431A-ACC1-E10-N1R,6431A-ACC1-E10-N1R FLOOR PANEL,Pe comanda,Marfuri gestiune 1 firma,0,BUC,6.77,8.06,,EUR,21,Podea
00447529,6431A-ALJ8-E10-N1R,6431A-ALJ8-E10-N1R FLOOR ASSY PANEL,Pe comanda,Marfuri gestiune 1 firma,0,BUC,99.1736,120,,EUR,21,Podea
00451256,64320-ACC1-E10-N1R,64320-ACC1-E10-N1R FLOOR PANEL UP,Pe comanda,Marfuri gestiune 1 firma,0,BUC,4.31,5.13,,EUR,21,Podea sup.
00450251,64320-AGE2-E00-N1R,64320-AGE2-E00-N1R MAT R FLOOR,Pe comanda,Marfuri gestiune 1 firma,0,BUC,7.17,8.53,,EUR,21,Covor podea dreapta
00447476,64320-KHD8-900-N1R,64320-KHD8-900-N1R MAT R FLOOR,Pe comanda,Marfuri gestiune 1 firma,1,BUC,0,0,,EUR,21,
00450889,64320-KKC4-900-N1R,64320-KKC4-900-N1R MAT FLOOR,Pe comanda,Marfuri gestiune 1 firma,0,BUC,9.4,11.19,,EUR,21,Covor podea
00448074,64320-LEA7-E00-N1R,64320-LEA7-E00-N1R MAR R FLOOR,Pe comanda,Marfuri gestiune 1 firma,0,BUC,0,0,,EUR,21,
00447477,64321-KHD8-900-N1R,64321-KHD8-900-N1R MAT L FLOOR,Pe comanda,Marfuri gestiune 1 firma,1,BUC,0,0,,EUR,21,
00446528,64321-KKC4-900-N1R,64321-KKC4-900-N1R COVER L OILLION STEP,Pe comanda,Marfuri gestiune 1 firma,1,BUC,0,0,,EUR,21,
00451490,64322-BLB3-E10-UZP,"64322-BLB3-E10-UZP MOLDING, L FR.",Pe comanda,Marfuri gestiune 1 firma,1,BUC,312.3967,378,,EUR,21,Carena fata stanga
00447266,64325-LEE8-E01-N1R,64325-LEE8-E01-N1R SIDE PANEL FOOTREST,Pe comanda,Marfuri gestiune 1 firma,0,BUC,0,0,,EUR,21,
00447364,64330-LCD3-E00,64330-LCD3-E00 PLATE FR INNER,Pe comanda,Marfuri gestiune 1 firma,0,BUC,0,0,,EUR,21,
00450598,64330-LDB5-E01-N1R,64330-LDB5-E01-N1R COVER R LOWER,Pe comanda,Marfuri gestiune 1 firma,1,BUC,5.39,6.41,,EUR,21,Capac prot inferior dreapta
00448760,64330-LFE9-E00-N1R,64330-LFE9-E00-N1R GUARD R BOOT,Pe comanda,Marfuri gestiune 1 firma,0,BUC,0,0,,EUR,21,
00450395,64330-LGC6-E00-N1R,64330-LGC6-E00-N1R PANEL A L FLOOR,Pe comanda,Marfuri gestiune 1 firma,0,BUC,8.32,9.9,,EUR,21,Panel A podea stanga
00451648,64336-AKB8-E00,64336-AKB8-E00 BRKT AUTO VISOR,Pe comanda,Marfuri gestiune 1 firma,0,BUC,210.7438,255,,EUR,21,Suport viziera
00446374,6433A-LEC8-E00-N1P,6433A-LEC8-E00-N1P COWL R/H FR LOWER ASSY,Pe comanda,Marfuri gestiune 1 firma,0,BUC,0,0,,EUR,21,
00449094,64340-LDB5-E01-N1R,64340-LDB5-E01-N1R COVER L LOWER,Pe comanda,Marfuri gestiune 1 firma,0,BUC,0,0,,EUR,21,
00447859,64340-LEA7-E00-N1R,64340-LEA7-E00-N1R MAT L FLOOR,Pe comanda,Marfuri gestiune 1 firma,0,BUC,0,0,,EUR,21,
00448773,64340-LFE9-E01-N1R,64340-LFE9-E01-N1R GUARD L BOOT,Pe comanda,Marfuri gestiune 1 firma,0,BUC,0,0,,EUR,21,
00445838,64341-LEC8-E00-M2S,64341-LEC8-E00-M2S GRILLE L COWL,Pe comanda,Marfuri gestiune 1 firma,1,BUC,0,0,,EUR,21,
00446159,64345-LKG7-E00-N1P,64345-LKG7-E00-N1P COVER L/H SIDE SKIRT,Pe comanda,Marfuri gestiune 1 firma,1,BUC,0,0,,EUR,21,
00447241,6434A-LEC8-E00-N1P,6434A-LEC8-E00-N1P COWL L.H FR LOWER ASSY,Pe comanda,Marfuri gestiune 1 firma,1,BUC,0,0,,EUR,21,
00448903,6434A-LEC8-E00-NHP,6434A-LEC8-E00-NHP COWL L/H LOWER ASSY,Pe comanda,Marfuri gestiune 1 firma,0,BUC,0,0,,EUR,21,
00449113,64350-LFC2-E11-N1R,64350-LFC2-E11-N1R COVER R STEP,Pe comanda,Marfuri gestiune 1 firma,0,BUC,0,0,,EUR,21,
00451624,64350-LGC6-E00-N1R,64350-LGC6-E00-N1R MAT R LEG SHIELD,Pe comanda,Marfuri gestiune 1 firma,0,BUC,33.0579,40,,EUR,21,Pres dreapta
00451625,64360-LGC6-E00-N1R,64360-LGC6-E00-N1R MAT L LEG SHIELD,Pe comanda,Marfuri gestiune 1 firma,0,BUC,33.0579,40,,EUR,21,Pres stanga
00447531,64400-ALJ8-E10-N1R,64400-ALJ8-E10-N1R COVER ASSY UNDER,Pe comanda,Marfuri gestiune 1 firma,0,BUC,0,0,,EUR,21,
00445240,64400-KKC4-900-NZP,64400-KKC4-900-NZP COVER UNDER,Pe comanda,Marfuri gestiune 1 firma,1,BUC,0,0,,EUR,21,
00447114,64400-KKC4-900-R1P,64400-KKC4-900-R1P COWL UNDER,Pe comanda,Marfuri gestiune 1 firma,0,BUC,0,0,,EUR,21,
00448092,64400-KKC4-BHP,64400-KKC4-BHP COWL UNDER,Pe comanda,Marfuri gestiune 1 firma,0,BUC,0,0,,EUR,21,
00447365,64400-LCD3-E00-C6P,64400-LCD3-E00-C6P COWL UNDER,Pe comanda,Marfuri gestiune 1 firma,0,BUC,0,0,,EUR,21,
00446752,64400-LCD3-E00-HKP,64400-LCD3-E00-HKP COWL UNDER,Pe comanda,Marfuri gestiune 1 firma,0,BUC,0,0,,EUR,21,
00450809,64400-LCD3-E00-N1P,64400-LCD3-E00-N1P COWL UNDER,Pe comanda,Marfuri gestiune 1 firma,0,BUC,37.78,44.96,,EUR,21,Carena prag
00449880,64400-LCD3-E00-NVP,64400-LCD3-E00-NVP COWL UNDER (WHITE),Pe comanda,Marfuri gestiune 1 firma,0,BUC,37.34,44.43,,EUR,21,
00446651,64400-LDC3-E00-N1P,64400-LDC3-E00-N1P COWL UNDER,Pe comanda,Marfuri gestiune 1 firma,0,BUC,0,0,,EUR,21,
00445814,64400-LEA5-E00-HTP,64400-LEA5-E00-HTP COWL UNDER,Pe comanda,Marfuri gestiune 1 firma,1,BUC,0,0,,EUR,21,
00447860,64400-LEA7-E00-N1R,64400-LEA7-E00-N1R COWEL UNDER,Pe comanda,Marfuri gestiune 1 firma,0,BUC,0,0,,EUR,21,
00447677,64400-LEJ2-E10-N1R,64400-LEJ2-E10-N1R COWL UNDER,Pe comanda,Marfuri gestiune 1 firma,0,BUC,0,0,,EUR,21,
00449583,64400-LLJ3-E00-R7P,64400-LLJ3-E00-R7P COWL UNDER,Pe comanda,Marfuri gestiune 1 firma,0,BUC,0,0,,EUR,21,
00447861,64401-LEA7-E00-N1P,64401-LEA7-E00-N1P MESH UNDER COWL,Pe comanda,Marfuri gestiune 1 firma,0,BUC,0,0,,EUR,21,
00446055,6440A-LEC8-E00-N1P,6440A-LEC8-E00-N1P COWL FR UNDER ASSY,Pe comanda,Marfuri gestiune 1 firma,3,BUC,0,0,,EUR,21,
00447427,6440A-LEC8-E00-NHP,6440A-LEC8-E00-NHP COWL FR UNDER ASSY,Pe comanda,Marfuri gestiune 1 firma,0,BUC,0,0,,EUR,21,
00446898,64500-LDB5-E01-N1R,64500-LDB5-E01-N1R GUARD BOOT,Pe comanda,Marfuri gestiune 1 firma,0,BUC,0,0,,EUR,21,
00451629,64500-LDB5-E01-N1R,64500-LDB5-E01-N1R GUARD BOOT,Pe comanda,Marfuri gestiune 1 firma,0,BUC,61.157,74,,EUR,21,Protectie
00447862,64500-LEA7-E00-N1R,64500-LEA7-E00-N1R COWL UNDER LOW,Pe comanda,Marfuri gestiune 1 firma,0,BUC,0,0,,EUR,21,
00449492,77200-ALC9-E10-T01,77200-ALC9-E10-T01 SEAT ASSY,Pe comanda,Marfuri gestiune 1 firma,0,BUC,0,0,,EUR,21,Sa
00447822,77200-LCB9-C10-T01,77200-LCB9-C10-T01 SEAT ASSY,Pe comanda,Marfuri gestiune 1 firma,2,BUC,0,0,,EUR,21,
00449262,77200-LDB5-E00-T01,77200-LDB5-E00-T01 SEAT ASSY,Pe comanda,Marfuri gestiune 1 firma,0,BUC,0,0,,EUR,21,
00448766,77200-LEC8-E00-T01,77200-LEC8-E00-T01 SHAFT ASSY,Pe comanda,Marfuri gestiune 1 firma,0,BUC,0,0,,EUR,21,
00449627,77200-LEJ2-E10-T01,77200-LEJ2-E10-T01 SEAT ASSY,Pe comanda,Marfuri gestiune 1 firma,0,BUC,0,0,,EUR,21,
00449511,77200-LFA5-E00-T01,77200-LFA5-E00-T01 SEAT ASSY,Pe comanda,Marfuri gestiune 1 firma,0,BUC,0,0,,EUR,21,
00449637,77200-LFC3-E12-T01,77200-LFC3-E12-T01 SEAT ASSY,Pe comanda,Marfuri gestiune 1 firma,0,BUC,0,0,,EUR,21,
00446233,77206-KEB7-900,77206-KEB7-900 RUBBER SEAT CUSHION,Pe comanda,Marfuri gestiune 1 firma,1,BUC,0,0,,EUR,21,
00447704,77206-LBA7-900,77206-LBA7-900 RUBBER SEAT SETTING,Pe comanda,Marfuri gestiune 1 firma,0,BUC,0,0,,EUR,21,
00448767,77210-LEC8-E00-T01,77210-LEC8-E00-T01 SEAT RR ASSY,Pe comanda,Marfuri gestiune 1 firma,0,BUC,0,0,,EUR,21,
00447691,77232-KCAC-901,77232-KCAC-901 SET SPG LOCK,Pe comanda,Marfuri gestiune 1 firma,0,BUC,0,0,,EUR,21,
00447440,77235-KGC4-E0A,77235-KGC4-E0A SEAT CATCH,Pe comanda,Marfuri gestiune 1 firma,1,BUC,0,0,,EUR,21,
00449018,77235-KGC4-E0B,77235-KGC4-E0B SEAT CATCH,Pe comanda,Marfuri gestiune 1 firma,0,BUC,0,0,,EUR,21,
00448075,77235-KKC4-80A,77235-KKC4-80A CATCH COMP SEAT,Pe comanda,Marfuri gestiune 1 firma,0,BUC,0,0,,EUR,21,
00448462,77235-LEA7-E0A,77235-LEA7-E0A SEAT CATCH,Pe comanda,Marfuri gestiune 1 firma,0,BUC,0,0,,EUR,21,
00450949,77235-LEA7-E1A,77235-LEA7-E1A SEAT CATCH,Pe comanda,Marfuri gestiune 1 firma,0,BUC,24.16,28.75,,EUR,21,Prindere sa
00449493,77235-LGB5-E10,77235-LGB5-E10 SEAT CATCH COMP,Pe comanda,Marfuri gestiune 1 firma,0,BUC,0,0,,EUR,21,
00451527,77235-ZZA6-E00,77235-ZZA6-E00 SEAT CATCH COMP,Pe comanda,Marfuri gestiune 1 firma,0,BUC,53.719,65,,EUR,21,Incuietoare sa
00450794,77239-GFY6-315-M1,77239-GFY6-315-M1 KEY SEAT COMP(SERVICE),Pe comanda,Marfuri gestiune 1 firma,0,BUC,6.15,7.32,,EUR,21,Incuietoare
00450783,77240-GGS7-001,77240-GGS7-001 CABLE SEAT LOCK,Pe comanda,Marfuri gestiune 1 firma,0,BUC,0.45,0.54,,EUR,21,Cablu sa
00450620,77240-KKC4-900,77240-KKC4-900 CABLE COMP SEAT LOCK,Pe comanda,Marfuri gestiune 1 firma,0,BUC,5.63,6.7,,EUR,21,Cablu sa
00447139,77240-LBA2-E00,77240-LBA2-E00 CABLE COMP SEAT,Pe comanda,Marfuri gestiune 1 firma,0,BUC,0,0,,EUR,21,
00445906,77240-LEA7-E30,77240-LEA7-E30 CABLE SEAT LOCK,Pe comanda,Marfuri gestiune 1 firma,0,BUC,131.405,159,,EUR,21,Cablu sa
00449494,77240-LGB5-E10,77240-LGB5-E10 CABLE COMP SEAT LOCK,Pe comanda,Marfuri gestiune 1 firma,0,BUC,0,0,,EUR,21,
00447992,77240-LLJ3-E01,77240-LLJ3-E01 CABLE COMP SEAT LOCK,Pe comanda,Marfuri gestiune 1 firma,0,BUC,0,0,,EUR,21,
00446234,77300-KGB5-900,77300-KGB5-900 SADDLE HOOK,Pe comanda,Marfuri gestiune 1 firma,1,BUC,0,0,,EUR,21,
00446918,77301-LDB5-E00,77301-LDB5-E00 LOCK COMP SEAT,Pe comanda,Marfuri gestiune 1 firma,0,BUC,0,0,,EUR,21,
00447467,77303-KFA5-900,77303-KFA5-900 HOOK SEAT LOCK,Pe comanda,Marfuri gestiune 1 firma,0,BUC,0,0,,EUR,21,
00446457,77303-KKC4-800,77303-KKC4-800 HOOK SEAT LOCK,Pe comanda,Marfuri gestiune 1 firma,1,BUC,0,0,,EUR,21,
00445978,77303-LCB9-C10,77303-LCB9-C10 HOOK SEAT LOCK,Pe comanda,Marfuri gestiune 1 firma,1,BUC,20.6612,25,,EUR,21,Carlig sa
00450291,77303-LEA5-E00,77303-LEA5-E00 HOOK SEAT LOCK,Pe comanda,Marfuri gestiune 1 firma,0,BUC,4,4,,EUR,21,
00449375,77303-LEA7-E00,77303-LEA7-E00 HOOK SEAT LOCK,Pe comanda,Marfuri gestiune 1 firma,1,BUC,0,0,,EUR,21,
00445608,77303-LLB1-900,77303-LLB1-900 HOOK ASSY SEAT LOCK,Pe comanda,Marfuri gestiune 1 firma,1,BUC,0,0,,EUR,21,
00451340,77303-LLF5-900,77303-LLF5-900 HOOK SEAT LOCK,Pe comanda,Marfuri gestiune 1 firma,0,BUC,2.06,2.49,,EUR,21,Carlig inchidere
00451418,77303-ZZA6-C00,77303-ZZA6-C00 HINGE RR SEAT,Pe comanda,Marfuri gestiune 1 firma,1,BUC,23.1405,28,,EUR,21,Carlig sa
00451301,77303-ZZA6-E00,77303-ZZA6-E00 HOOK SEAT LOCK,Pe comanda,Marfuri gestiune 1 firma,0,BUC,27.2727,33,,EUR,21,Carlig
00446946,77304-LDB5-E00,77304-LDB5-E00 MV4145 STAY HOOK,Pe comanda,Marfuri gestiune 1 firma,0,BUC,0,0,,EUR,21,
00446235,77305-KFA6-900,77305-KFA6-900 SPRING HOOK BAR,Pe comanda,Marfuri gestiune 1 firma,1,BUC,0,0,,EUR,21,
00446919,77305-LDB5-E00,77305-LDB5-E00 SPRING HOOK BAR,Pe comanda,Marfuri gestiune 1 firma,0,BUC,0,0,,EUR,21,
00448429,77330-LCA5-E00-MAS,77330-LCA5-E00-MAS RR CARRIER LUGGAGE,Pe comanda,Marfuri gestiune 1 firma,0,BUC,0,0,,EUR,21,
00447863,77430-ALD6-E00,77430-ALD6-E00 CARRIER FR RACK,Pe comanda,Marfuri gestiune 1 firma,0,BUC,0,0,,EUR,21,
00446126,77430-LCA5-E00-MAS,77430-LCA5-E00-MAS FRONT CARRIER LUGGAGE,Pe comanda,Marfuri gestiune 1 firma,0,BUC,0,0,,EUR,21,
00448044,77430-LFA5-E00-MAS,77430-LFA5-E00-MAS RACK FRONT,Pe comanda,Marfuri gestiune 1 firma,0,BUC,0,0,,EUR,21,
00448045,77437-LFA5-E00,77437-LFA5-E00 TUBE REAR MOUNTING,Pe comanda,Marfuri gestiune 1 firma,0,BUC,0,0,,EUR,21,
00445776,77500-LBA2-E00,77500-LBA2-E00 DAMPER GAS,Pe comanda,Marfuri gestiune 1 firma,1,BUC,0,0,,EUR,21,Amortizor gaz
00449144,77500-LEA7-E00,77500-LEA7-E00 DAMPER GAS,Pe comanda,Marfuri gestiune 1 firma,0,BUC,0,0,,EUR,21,
00446700,77501-LBA2-E00,77501-LBA2-E00 STAY GAS DAMPER,Pe comanda,Marfuri gestiune 1 firma,0,BUC,0,0,,EUR,21,
00446531,80100-KKC4-900-N1R,80100-KKC4-900-N1R FENDER RR TIRE,Pe comanda,Marfuri gestiune 1 firma,2,BUC,0,0,,EUR,21,
00449608,80100-LBD4-900-4R,80100-LBD4-900-4R FENDER FRONT,Pe comanda,Marfuri gestiune 1 firma,0,BUC,0,0,,EUR,21,
00447896,80100-LCA4-E00-C3R,80100-LCA4-E00-C3R FENDER REAR,Pe comanda,Marfuri gestiune 1 firma,1,BUC,0,0,,EUR,21,
00447366,80100-LCA4-E00-E4R,80100-LCA4-E00-E4R FENDER REAR,Pe comanda,Marfuri gestiune 1 firma,2,BUC,0,0,,EUR,21,
00447332,80100-LCA4-E00-HGR,80100-LCA4-E00-HGR FENDER REAR,Pe comanda,Marfuri gestiune 1 firma,1,BUC,0,0,,EUR,21,
00445979,80100-LCA4-E00-N1R,80100-LCA4-E00-N1R FENDER REAR,Pe comanda,Marfuri gestiune 1 firma,1,BUC,0,0,,EUR,21,
00448093,80100-LCA4-E00-YUR,80100-LCA4-E00-YUR FENDER REAR,Pe comanda,Marfuri gestiune 1 firma,1,BUC,0,0,,EUR,21,
00446920,80100-LCA5-E00-C3R,80100-LCA5-E00-C3R FENDER ASSY REAR,Pe comanda,Marfuri gestiune 1 firma,1,BUC,0,0,,EUR,21,
00447416,80100-LCA5-E00-E4R,80100-LCA5-E00-E4R FENDER ASSY REAR,Pe comanda,Marfuri gestiune 1 firma,0,BUC,0,0,,EUR,21,
00450529,80100-LCA5-E00-N1R,80100-LCA5-E00-N1R FENDER ASSY REAR,Pe comanda,Marfuri gestiune 1 firma,0,BUC,53.94,64.19,,EUR,21,Carena spate - negru
00451341,80100-LCD1-E00,80100-LCD1-E00 FENDER RR TIRE,Pe comanda,Marfuri gestiune 1 firma,0,BUC,61.9835,75,,EUR,21,Aparatoare spate
00447468,80100-LDB5-E00-C3R,80100-LDB5-E00-C3R FENDER REAR,Pe comanda,Marfuri gestiune 1 firma,1,BUC,0,0,,EUR,21,
00450815,80100-LDB5-E00-E4R,80100-LDB5-E00-E4R FENDER REAR,Pe comanda,Marfuri gestiune 1 firma,0,BUC,61.66,73.38,,EUR,21,Carena spate (rosu)
00447511,80100-LDB5-E00-N1R,80100-LDB5-E00-N1R FENDER REAR,Pe comanda,Marfuri gestiune 1 firma,0,BUC,0,0,,EUR,21,
00446594,80100-LDC8-E10-N1R,80100-LDC8-E10-N1R FENDER RR TIRE,Pe comanda,Marfuri gestiune 1 firma,1,BUC,0,0,,EUR,21,Aripa spate
00445423,80100-LDF7-E10-N1R,80100-LDF7-E10-N1R FENDER RR TIRE,Pe comanda,Marfuri gestiune 1 firma,0,BUC,0,0,,EUR,21,
00450976,80100-LEA7-E00-N1R,80100-LEA7-E00-N1R FENDER RR TIRE,Pe comanda,Marfuri gestiune 1 firma,0,BUC,8.37,9.96,,EUR,21,Aripa spate
00450650,80100-LGN5-E00-HGR,80100-LGN5-E00-HGR FENDER REAR,Pe comanda,Marfuri gestiune 1 firma,0,BUC,57.79,68.77,,EUR,21,Aripa spate
00448025,80100-LHB3-E10-N1R,80100-LHB3-E10-N1R FENDER RR TIRE,Pe comanda,Marfuri gestiune 1 firma,0,BUC,0,0,,EUR,21,
00447441,80100-LKG7-E00-N1R,80100-LKG7-E00-N1R FENDER REAR TIRE,Pe comanda,Marfuri gestiune 1 firma,1,BUC,0,0,,EUR,21,
00449544,80100-LKK7-E00-HGR,80100-LKK7-E00-HGR FENDER REAR WHITE,Pe comanda,Marfuri gestiune 1 firma,0,BUC,0,0,,EUR,21,
00449213,80100-LLB1-E01-C3R,80100-LLB1-E01-C3R FENDER R RR,Pe comanda,Marfuri gestiune 1 firma,0,BUC,0,0,,EUR,21,
00448992,80100-LLJ3-E00,80100-LLJ3-E00 FENDER ASSY RR TIRE,Pe comanda,Marfuri gestiune 1 firma,0,BUC,0,0,,EUR,21,
00451677,80101-LCB9-C10-N1R,80101-LCB9-C10-N1R FENDER RR INNER,Pe comanda,Marfuri gestiune 1 firma,0,BUC,103.3058,125,,EUR,21,Aripa spate
00450986,80101-LEA7-E00-N1R,80101-LEA7-E00-N1R FENDER RR INNER,Pe comanda,Marfuri gestiune 1 firma,0,BUC,4.61,5.49,,EUR,21,Aripa spate
00445609,80102-KUDU-900,80102-KUDU-900 PLATE SPLASH BOARD,Pe comanda,Marfuri gestiune 1 firma,1,BUC,0,0,,EUR,21,
00450987,80102-LEA7-E00,80102-LEA7-E00 STAY RR TIRE FENDER,Pe comanda,Marfuri gestiune 1 firma,0,BUC,2.24,2.67,,EUR,21,Suport aripa
00450988,80103-LEA7-E00,80103-LEA7-E00 SPONGE TAPE FENDER,Pe comanda,Marfuri gestiune 1 firma,0,BUC,2.28,2.71,,EUR,21,Burete aripa
00448098,80104-KED9-900,80104-KED9-900 COVER L RR CUSHION,Pe comanda,Marfuri gestiune 1 firma,1,BUC,0,0,,EUR,21,
00448228,80104-KKAK-900-F1P,80104-KKAK-900-F1P COVER L RR CUSHION,Pe comanda,Marfuri gestiune 1 firma,1,BUC,0,0,,EUR,21,
00445610,80104-KUDU-900,80104-KUDU-900 PLATE SPLASH GUARD,Pe comanda,Marfuri gestiune 1 firma,1,BUC,0,0,,EUR,21,
00447091,80105-KED9-900,80105-KED9-900 FENDER RR,Pe comanda,Marfuri gestiune 1 firma,0,BUC,0,0,,EUR,21,
00447014,80105-KKC4-900,80105-KKC4-900 FENDER RR,Pe comanda,Marfuri gestiune 1 firma,0,BUC,0,0,,EUR,21,
00446578,80105-LCB9-C10-N1R,80105-LCB9-C10-N1R FENDER REAR,Pe comanda,Marfuri gestiune 1 firma,0,BUC,0,0,,EUR,21,
00447145,80105-LDC8-E10-N1R,80105-LDC8-E10-N1R FENDER REAR,Pe comanda,Marfuri gestiune 1 firma,0,BUC,0,0,,EUR,21,
00448826,80105-LEC8-E00-N1R,80105-LEC8-E00-N1R FENDER FR,Pe comanda,Marfuri gestiune 1 firma,0,BUC,0,0,,EUR,21,
00448485,80105-LEJ2-E10-N1R,80105-LEJ2-E10-N1R FENDER REAR,Pe comanda,Marfuri gestiune 1 firma,0,BUC,0,0,,EUR,21,
00447753,80105-LFC2-E10-N1R,80105-LFC2-E10-N1R FENDER REAR,Pe comanda,Marfuri gestiune 1 firma,1,BUC,0,0,,EUR,21,
00446035,80105-LGR5-E10-N1R,80105-LGR5-E10-N1R FENDER REAR,Pe comanda,Marfuri gestiune 1 firma,1,BUC,0,0,,EUR,21,
00449269,80105-LKG7-E00-N1R,80105-LKG7-E00-N1R FENDER RR,Pe comanda,Marfuri gestiune 1 firma,0,BUC,0,0,,EUR,21,
00449215,80105-LKL5-E30-N1R,80105-LKL5-E30-N1R MB5401 KOTFLUGEL HINTEN,Pe comanda,Marfuri gestiune 1 firma,0,BUC,0,0,,EUR,21,
00451615,80106-AKC7-E10-N1R,80106-AKC7-E10-N1R FENDER RR LOW AGILITY S 125 E5,Pe comanda,Marfuri gestiune 1 firma,0,BUC,107.438,130,,EUR,21,Aripa spate inf.
00450587,80106-KGB5-900-N1R,80106-KGB5-900-N1R FENDER B REAR,Pe comanda,Marfuri gestiune 1 firma,0,BUC,2.73,3.25,,EUR,21,Aripa spate B
00447754,80106-LDC8-E10-N1R,80106-LDC8-E10-N1R FENDER RR LOW,Pe comanda,Marfuri gestiune 1 firma,0,BUC,105.7851,128,,EUR,21,Aripa spate
00448825,80106-LEC8-E00,80106-LEC8-E00 FENDER RR TIRE,Pe comanda,Marfuri gestiune 1 firma,0,BUC,0,0,,EUR,21,
00450588,80107-KEB7-900-N1R,80107-KEB7-900-N1R FENDER REAR,Pe comanda,Marfuri gestiune 1 firma,0,BUC,5.38,6.4,,EUR,21,Aripa spate
00447347,80107-LEC8-E00-N1R,80107-LEC8-E00-N1R INNER FENDER RR TIRE,Pe comanda,Marfuri gestiune 1 firma,0,BUC,0,0,,EUR,21,
00450589,80108-KEB7-900,80108-KEB7-900 PLATE SPLASH GUARD,Pe comanda,Marfuri gestiune 1 firma,0,BUC,2.24,2.67,,EUR,21,Aripa spate extensie
00451342,8010A-ABD2-C00-N1,8010A-ABD2-C00-N1 ASSY. FENDER RR.TIRE,Pe comanda,Marfuri gestiune 1 firma,0,BUC,8.6,10.41,,EUR,21,Carena aripa
00449318,8010A-LBA7-900-C3R,8010A-LBA7-900-C3R FENDER ASSY REAR,Pe comanda,Marfuri gestiune 1 firma,1,BUC,0,0,,EUR,21,
00449504,8010A-LBA7-900-N1R,8010A-LBA7-900-N1R FENDER ASSY REAR,Pe comanda,Marfuri gestiune 1 firma,0,BUC,0,0,,EUR,21,
00446300,8010A-LFC3-E10,8010A-LFC3-E10 FENDER ASSY RR TIRE,Pe comanda,Marfuri gestiune 1 firma,3,BUC,0,0,,EUR,21,
00451536,8010B-LEA5-E00,8010B-LEA5-E00 FENDER RR,Pe comanda,Marfuri gestiune 1 firma,0,BUC,74.3802,90,,EUR,21,Aripa spate
00447015,80116-KKC4-900,80116-KKC4-900 BASE OF R MIRROR,Pe comanda,Marfuri gestiune 1 firma,1,BUC,0,0,,EUR,21,
00447928,8011A-KEB7-900-N1R,8011A-KEB7-900-N1R FENDER B ASSY REAR,Pe comanda,Marfuri gestiune 1 firma,0,BUC,0,0,,EUR,21,
00445672,80121-LBA7-910-N1R,80121-LBA7-910-N1R MUDGUARD FLOOR R,Pe comanda,Marfuri gestiune 1 firma,1,BUC,0,0,,EUR,21,Treapta dreapta
00446569,80121-LCA4-E01-N1R,80121-LCA4-E01-N1R MUDGUARD FLOOR,Pe comanda,Marfuri gestiune 1 firma,2,BUC,0,0,,EUR,21,Treapta dreapta
00445346,80121-LCA5-E01-N1R,80121-LCA5-E01-N1R MUDGUARD R FLOOR,Pe comanda,Marfuri gestiune 1 firma,3,BUC,0,0,,EUR,21,Treapta dreapta
00445368,80121-LDB5-E01-N1R,80121-LDB5-E01-N1R MUDGUARD R FLOOR,Pe comanda,Marfuri gestiune 1 firma,3,BUC,0,0,,EUR,21,Treapta dreapta
00445297,80121-LFA5-E01-N1R,80121-LFA5-E01-N1R MUDGUARD R FLOOR,Pe comanda,Marfuri gestiune 1 firma,0,BUC,0,0,,EUR,21,Treapta dreapta
00448249,80121-LGN5-E01-N1R,80121-LGN5-E01-N1R MUDGUARD R FLOOR,Pe comanda,Marfuri gestiune 1 firma,0,BUC,0,0,,EUR,21,Treapta dreapta
00446513,80121-LLB1-E00-N1R,80121-LLB1-E00-N1R MUDGUARD R FLOOR,Pe comanda,Marfuri gestiune 1 firma,0,BUC,0,0,,EUR,21,Treapta dreapta
00445298,80122-LBA7-910-N1R,80122-LBA7-910-N1R MUDGUARD L FLOOR,Pe comanda,Marfuri gestiune 1 firma,1,BUC,0,0,,EUR,21,Treapta stanga
00445907,80122-LCA4-E01-N1R,80122-LCA4-E01-N1R MUDGUARD L FLOOR,Pe comanda,Marfuri gestiune 1 firma,9,BUC,0,0,,EUR,21,Treapta stanga
00445347,80122-LCA5-E01-N1R,80122-LCA5-E01-N1R MUDGUARDA L FLOOR,Pe comanda,Marfuri gestiune 1 firma,2,BUC,0,0,,EUR,21,Treapta stanga
00445369,80122-LDB5-E01-N1R,80122-LDB5-E01-N1R MUDGUARD L FLOOR,Pe comanda,Marfuri gestiune 1 firma,2,BUC,0,0,,EUR,21,Treapta stanga
00445299,80122-LFA5-E01-N1R,80122-LFA5-E01-N1R MUDGUARD L FLOOR,Pe comanda,Marfuri gestiune 1 firma,0,BUC,0,0,,EUR,21,Treapta stanga
00448250,80122-LGN5-E01-N1R,80122-LGN5-E01-N1R MUDGUARD FLOOR,Pe comanda,Marfuri gestiune 1 firma,0,BUC,0,0,,EUR,21,Treapta stanga
00446512,80122-LLB1-900-N1R,80122-LLB1-900-N1R MUDGUARD L FLOOR,Pe comanda,Marfuri gestiune 1 firma,0,BUC,0,0,,EUR,21,Treapta stanga
00445650,80123-LKA8-Y00-N1R,80123-LKA8-Y00-N1R STEP R FLOOR,Pe comanda,Marfuri gestiune 1 firma,2,BUC,0,0,,EUR,21,
00445651,80124-LKA8-Y00-N1R,80124-LKA8-Y00-N1R STEP L FLOOR,Pe comanda,Marfuri gestiune 1 firma,2,BUC,0,0,,EUR,21,
00449237,80125-LBD4-900,80125-LBD4-900 COLLAR FLOOR,Pe comanda,Marfuri gestiune 1 firma,0,BUC,0,0,,EUR,21,
00448046,80125-LFA5-E01-N1R,80125-LFA5-E01-N1R COVER OIL LEVEL,Pe comanda,Marfuri gestiune 1 firma,0,BUC,0,0,,EUR,21,
00445300,80126-KKC4-900,80126-KKC4-900 BASE OF L MIRROR,Pe comanda,Marfuri gestiune 1 firma,2,BUC,0,0,,EUR,21,
00449351,80151-KCA1-900-BMP,80151-KCA1-900-BMP COVER BATTERY,Pe comanda,Marfuri gestiune 1 firma,0,BUC,0,0,,EUR,21,
00448935,80151-LCB9-C10-N1R,80151-LCB9-C10-N1R COVER CENTER,Pe comanda,Marfuri gestiune 1 firma,0,BUC,132.2314,160,,EUR,21,Carena centrala
00447842,80151-LEJ2-E10-N1R,80151-LEJ2-E10-N1R COVER CENTRE,Pe comanda,Marfuri gestiune 1 firma,0,BUC,0,0,,EUR,21,
00450541,80151-LFC2-E10-N1R,80151-LFC2-E10-N1R COVER CENTER,Pe comanda,Marfuri gestiune 1 firma,0,BUC,11.41,13.58,,EUR,21,Carena centrala
00447649,80151-LGR5-E10-R9P,80151-LGR5-E10-R9P COVER UP CENTER,Pe comanda,Marfuri gestiune 1 firma,0,BUC,0,0,,EUR,21,
00450654,80151-LHG7-E00-N1R,80151-LHG7-E00-N1R COVER CENTER,Pe comanda,Marfuri gestiune 1 firma,0,BUC,5.99,7.13,,EUR,21,Capac central
00451491,80152-ACD5-E00-N1R,80152-ACD5-E00-N1R LID FUEL CAP MAINT (BLACK),Pe comanda,Marfuri gestiune 1 firma,1,BUC,38.0165,46,,EUR,21,Capac alimentare
00450738,80152-LEA7-E00-N1R,80152-LEA7-E00-N1R COVER PLUG MAINT,Pe comanda,Marfuri gestiune 1 firma,0,BUC,2.9,3.45,,EUR,21,Capac
00447636,80152-LGR5-E10-R9P,80152-LGR5-E10-R9P COVER LOW CENTER,Pe comanda,Marfuri gestiune 1 firma,0,BUC,0,0,,EUR,21,
00451492,8015A-ACD5-E00-N1R,8015A-ACD5-E00-N1R LID ASSY FUEL CAP,Pe comanda,Marfuri gestiune 1 firma,1,BUC,55.3719,67,,EUR,21,Capac alimentare
00451399,8015A-AHG1-E00-N1R,8015A-AHG1-E00-N1R COVER ASSY. FUEL,Pe comanda,Marfuri gestiune 1 firma,0,BUC,9.02,10.91,,EUR,21,Capac
00447417,80200-LCA5-700-E4R,80200-LCA5-700-E4R MOLDING RR FENDER,Pe comanda,Marfuri gestiune 1 firma,0,BUC,0,0,,EUR,21,
00446921,80200-LCA5-E00-C3R,80200-LCA5-E00-C3R MOLDING RR FENDER,Pe comanda,Marfuri gestiune 1 firma,0,BUC,0,0,,EUR,21,
00449565,80200-LCA5-E00-E4R,80200-LCA5-E00-E4R MOLDING RR FENDER,Pe comanda,Marfuri gestiune 1 firma,0,BUC,0,0,,EUR,21,
00449367,80200-LCA5-E00-GWR,80200-LCA5-E00-GWR MOLDIN RR FENDER,Pe comanda,Marfuri gestiune 1 firma,0,BUC,0,0,,EUR,21,
00450542,80200-LCA5-E00-N1R,80200-LCA5-E00-N1R MOLDING RR FENDER,Pe comanda,Marfuri gestiune 1 firma,0,BUC,30.82,36.68,,EUR,21,Carena spate
00445370,80200-LDB5-E01-N1R,80200-LDB5-E01-N1R MUDGUARD REAR,Pe comanda,Marfuri gestiune 1 firma,3,BUC,0,0,,EUR,21,
00447001,80300-LCA5-E00-C3R,80300-LCA5-E00-C3R COVER BATTERY,Pe comanda,Marfuri gestiune 1 firma,1,BUC,0,0,,EUR,21,
00447115,80300-LCA5-E00-E4R,80300-LCA5-E00-E4R COVER BATTERY,Pe comanda,Marfuri gestiune 1 firma,1,BUC,0,0,,EUR,21,
00449386,80300-LCA5-E00-HGR,80300-LCA5-E00-HGR COVER BATERY,Pe comanda,Marfuri gestiune 1 firma,0,BUC,0,0,,EUR,21,
00445242,80300-LCA5-E00-N1R,80300-LCA5-E00-N1R COVER BATERRY,Pe comanda,Marfuri gestiune 1 firma,1,BUC,0,0,,EUR,21,
00448461,80305-LGN5-900-N1R,80305-LGN5-900-N1R QUARD COVER R TAIL LIGHT,Pe comanda,Marfuri gestiune 1 firma,0,BUC,0,0,,EUR,21,
00448376,80307-LGC7-E00-N1R,80307-LGC7-E00-N1R COVER R TAIL LIGHT,Pe comanda,Marfuri gestiune 1 firma,0,BUC,0,0,,EUR,21,
00448717,80330-LGN5-E01-N1R,80330-LGN5-E01-N1R GUARD R RR BOOT,Pe comanda,Marfuri gestiune 1 firma,0,BUC,0,0,,EUR,21,
00448716,80340-LGN5-E01-N1R,80340-LGN5-E01-N1R GUARD L RR BOOT,Pe comanda,Marfuri gestiune 1 firma,0,BUC,0,0,,EUR,21,
00451586,81131-AKB8-E00-JJP,81131-AKB8-E00-JJP LEG SHIELD UP,Pe comanda,Marfuri gestiune 1 firma,0,BUC,209.9174,254,,EUR,21,CARENA PICIOR
00447252,81131-ALA9-E70-N1R,81131-ALA9-E70-N1R LEG SHIELD,Pe comanda,Marfuri gestiune 1 firma,1,BUC,0,0,,EUR,21,Carena picior (spatele frontalei)
00451107,81131-ALG1-E10-N1R,81131-ALG1-E10-N1R LEG SHIELD,Pe comanda,Marfuri gestiune 1 firma,0,BUC,16.15,19.22,,EUR,21,Carena picior
00447519,81131-ALJ8-710-N1R,81131-ALJ8-710-N1R LEG SHIELD UP,Pe comanda,Marfuri gestiune 1 firma,0,BUC,0,0,,EUR,21,Carena picior (spatele frontalei)
00446922,81131-KHD8-900-N1R,81131-KHD8-900-N1R LEG SHIELD,Pe comanda,Marfuri gestiune 1 firma,1,BUC,0,0,,EUR,21,
00448523,81131-KKC4-900-N1R,81131-KKC4-900-N1R MA0536 LEGSHIELD BLACK,Pe comanda,Marfuri gestiune 1 firma,1,BUC,0,0,,EUR,21,
00450890,81131-KKC4-900-N1R,81131-KKC4-900-N1R LEG SHIELD,Pe comanda,Marfuri gestiune 1 firma,0,BUC,18.2,21.66,,EUR,21,Carena picior
00445858,81131-LBA2-E01-N1R,81131-LBA2-E01-N1R LEG SHIELD,Pe comanda,Marfuri gestiune 1 firma,2,BUC,0,0,,EUR,21,Carena picior (spatele frontalei)
00446127,81131-LCB9-C10-N1R,81131-LCB9-C10-N1R LEG SHIELD,Pe comanda,Marfuri gestiune 1 firma,2,BUC,0,0,,EUR,21,Carena picior (spatele frontalei)
00447367,81131-LCD3-E01-C6P,81131-LCD3-E01-C6P LEG SHIELD,Pe comanda,Marfuri gestiune 1 firma,0,BUC,0,0,,EUR,21,
00446753,81131-LCD3-E01-HKP,81131-LCD3-E01-HKP LEG SHIELD UP,Pe comanda,Marfuri gestiune 1 firma,0,BUC,0,0,,EUR,21,
00447723,81131-LEA7-E00-N1R,81131-LEA7-E00-N1R LEG SHIELD,Pe comanda,Marfuri gestiune 1 firma,0,BUC,0,0,,EUR,21,
00448618,81131-LEC3-C10-N1R,81131-LEC3-C10-N1R LEG SHIELD,Pe comanda,Marfuri gestiune 1 firma,0,BUC,0,0,,EUR,21,
00446301,81131-LEC5-C10-N1R,81131-LEC5-C10-N1R LEG SHIELD,Pe comanda,Marfuri gestiune 1 firma,5,BUC,0,0,,EUR,21,Carena picior (spatele frontalei)
00448123,81131-LFC2-C10-N1R,81131-LFC2-C10-N1R PLUG FLOOR,Pe comanda,Marfuri gestiune 1 firma,0,BUC,0,0,,EUR,21,
00450543,81131-LFC2-E10-N1R,81131-LFC2-E10-N1R LEG SHIELD,Pe comanda,Marfuri gestiune 1 firma,0,BUC,22.11,26.31,,EUR,21,Carena picior
00447645,81131-LGR5-E10-NVP,81131-LGR5-E10-NVP LEG SHIELD UP,Pe comanda,Marfuri gestiune 1 firma,0,BUC,0,0,,EUR,21,
00446625,81132-KFA6-900-BGR,81132-KFA6-900-BGR LID LEG SHIELD (DEEP BLUE),Pe comanda,Marfuri gestiune 1 firma,0,BUC,0,0,,EUR,21,
00447222,81132-KFA6-900-N1R,81132-KFA6-900-N1R LID LEG SHIELD,Pe comanda,Marfuri gestiune 1 firma,0,BUC,0,0,,EUR,21,
00447692,81132-LCB9-C10-N1R,81132-LCB9-C10-N1R LID LEG SHIELD,Pe comanda,Marfuri gestiune 1 firma,0,BUC,0,0,,EUR,21,
00447368,81132-LCD3-E00-C6P,81132-LCD3-E00-C6P LID INNER BOX,Pe comanda,Marfuri gestiune 1 firma,0,BUC,0,0,,EUR,21,
00447577,81132-LDC8-E10-N1R,81132-LDC8-E10-N1R HOOK LUGGAGE,Pe comanda,Marfuri gestiune 1 firma,1,BUC,0,0,,EUR,21,
00449585,81133-KGBG-C00,81133-KGBG-C00 STOPPER LUGGAGE,Pe comanda,Marfuri gestiune 1 firma,0,BUC,0,0,,EUR,21,
00447568,81133-KNBN-901,81133-KNBN-901 STOPPER LUGGAGE,Pe comanda,Marfuri gestiune 1 firma,2,BUC,0,0,,EUR,21,
00449680,81133-LBA2-E00,81133-LBA2-E00 CAP LEG SHIELD,Pe comanda,Marfuri gestiune 1 firma,0,BUC,0,0,,EUR,21,
00446279,81134-KGBG-900,81134-KGBG-900 HOOK LUGGAGE,Pe comanda,Marfuri gestiune 1 firma,1,BUC,0,0,,EUR,21,
00447823,81134-LFC2-E10-N1R,81134-LFC2-E10-N1R PLATE INNER BOX,Pe comanda,Marfuri gestiune 1 firma,0,BUC,0,0,,EUR,21,
00446128,81136-KKC4-900-N1R,81136-KKC4-900-N1R LID RESERVE TANK,Pe comanda,Marfuri gestiune 1 firma,1,BUC,0,0,,EUR,21,
00448271,81137-KKC4-900-N1R,81137-KKC4-900-N1R GRID R LEG SHIELD,Pe comanda,Marfuri gestiune 1 firma,0,BUC,0,0,,EUR,21,
00451614,8113A-AKC6-E10-N1R,8113A-AKC6-E10-N1R LEG SHIELD,Pe comanda,Marfuri gestiune 1 firma,0,BUC,138.843,168,,EUR,21,Protectie picior
00448060,8113A-LHG7-E00-N1R,8113A-LHG7-E00-N1R LID ASSY INNER BOX,Pe comanda,Marfuri gestiune 1 firma,0,BUC,0,0,,EUR,21,
00451576,81141-AKB8-E00-N1R,81141-AKB8-E00-N1R LEG SHIELD LOW,Pe comanda,Marfuri gestiune 1 firma,0,BUC,100.8264,122,,EUR,21,Capac inferior
00451081,81141-ALJ8-E10-N1R,81141-ALJ8-E10-N1R LID INNER BOX,Pe comanda,Marfuri gestiune 1 firma,0,BUC,3.26,3.88,,EUR,21,Capac cutie baterie
00447369,81141-LCD3-E00-N1R,81141-LCD3-E00-N1R LEG SHIELD LOW,Pe comanda,Marfuri gestiune 1 firma,0,BUC,0,0,,EUR,21,
00446280,81141-LFC2-E10-N1R,81141-LFC2-E10-N1R LID INNER BOX,Pe comanda,Marfuri gestiune 1 firma,1,BUC,0,0,,EUR,21,
00447633,81141-LGR5-E10-R9P,81141-LGR5-E10-R9P LEG SHIELD,Pe comanda,Marfuri gestiune 1 firma,0,BUC,0,0,,EUR,21,
00447635,81146-LGR5-E10,81146-LGR5-E10 SEAL LID INNER BOX,Pe comanda,Marfuri gestiune 1 firma,0,BUC,0,0,,EUR,21,
00447993,8114A-LLJ3-E00-N1R,8114A-LLJ3-E00-N1R LOUVER ASSY L,Pe comanda,Marfuri gestiune 1 firma,0,BUC,0,0,,EUR,21,
00449902,81151-ABD2-C00-HJP,81151-ABD2-C00-HJP COVER HANDLE,Pe comanda,Marfuri gestiune 1 firma,1,BUC,13.68,16.28,,EUR,21,Carena bord
00449397,81160-LKG7-E00,81160-LKG7-E00 LOCK ASSY FR INNER BOX,Pe comanda,Marfuri gestiune 1 firma,0,BUC,0,0,,EUR,21,
00451528,81163-LKJ1-900,81163-LKJ1-900 LID LATCH LEG SHIELD,Pe comanda,Marfuri gestiune 1 firma,0,BUC,23.1405,28,,EUR,21,Capac
00451503,81164-LKJ1-900,81164-LKJ1-900 LID SPRING LEG SHIELD,Pe comanda,Marfuri gestiune 1 firma,1,BUC,14.876,18,,EUR,21,Arc capacel
00445371,81200-LDB5-E01-N1R,81200-LDB5-E01-N1R MUDGUARD R RR SIDE,Pe comanda,Marfuri gestiune 1 firma,1,BUC,0,0,,EUR,21,
00448322,81200-LEA7-E00-YYP,81200-LEA7-E00-YYP COMP RR CARRIER,Pe comanda,Marfuri gestiune 1 firma,0,BUC,0,0,,EUR,21,
00449886,81201-ABD2-C00-N1R,81201-ABD2-C00-N1R COVER CARRIER REAR,Pe comanda,Marfuri gestiune 1 firma,0,BUC,0,0,,EUR,21,
00447512,81201-LBA2-E00,81201-LBA2-E00 PLUG RR CARRIER,Pe comanda,Marfuri gestiune 1 firma,0,BUC,0,0,,EUR,21,
00449681,8120A-LCB9-C10,8120A-LCB9-C10 CARRIER ASSY LUGGAGE,Pe comanda,Marfuri gestiune 1 firma,0,BUC,0,0,,EUR,21,
00450292,81210-LEA7-E00-YYP,81210-LEA7-E00-YYP PLUG RR CARRIER,Pe comanda,Marfuri gestiune 1 firma,0,BUC,5,5,,EUR,21,
00450293,81220-LEA7-E00-YYP,81220-LEA7-E00-YYP PLUG L/H RR CARRIER,Pe comanda,Marfuri gestiune 1 firma,0,BUC,5,5,,EUR,21,
00447652,81220-LGR5-E10-NJP,81220-LGR5-E10-NJP COVER R CARRIER,Pe comanda,Marfuri gestiune 1 firma,0,BUC,0,0,,EUR,21,Capac dreapta spate
00447631,81230-LGR5-E10-NJP,81230-LGR5-E10-NJP COVER L CARRIER,Pe comanda,Marfuri gestiune 1 firma,0,BUC,0,0,,EUR,21,Capac stanga spate
00448808,81250-LCB9-C10-N1R,81250-LCB9-C10-N1R BOX LUGGAGE,Pe comanda,Marfuri gestiune 1 firma,3,BUC,0,0,,EUR,21,Cutie sa
00451278,81250-LFC2-E10-N1R,81250-LFC2-E10-N1R BOX LUGGAGE,Pe comanda,Marfuri gestiune 1 firma,0,BUC,28.39,33.78,,EUR,21,Cutie bagaj
00450110,81251-LCB9-C10-N1R,81251-LCB9-C10-N1R LID CARB MAINT,Pe comanda,Marfuri gestiune 1 firma,0,BUC,2.96,3.52,,EUR,21,Capac carburator
00451279,81251-LEJ3-E10-N1R,81251-LEJ3-E10-N1R LID CARB MAINT,Pe comanda,Marfuri gestiune 1 firma,0,BUC,2.28,2.71,,EUR,21,Capac mentenanta carb.
00450604,81251-LGR5-E10-N1R,81251-LGR5-E10-N1R LID CARB MAINT,Pe comanda,Marfuri gestiune 1 firma,0,BUC,1.75,2.08,,EUR,21,Capac mentenanta carburator
00448184,81252-LEA7-E00,81252-LEA7-E00 COVER PDA MAIN,Pe comanda,Marfuri gestiune 1 firma,0,BUC,0,0,,EUR,21,
00447549,81254-LDB2-E00,81254-LDB2-E00 COVER CARB MANT,Pe comanda,Marfuri gestiune 1 firma,0,BUC,0,0,,EUR,21,
00449095,81260-LEA7-E00,81260-LEA7-E00 BOX ASSY LUGGAGE,Pe comanda,Marfuri gestiune 1 firma,0,BUC,0,0,,EUR,21,
00445372,81300-LDB5-E01-N1R,81300-LDB5-E01-N1R KUDGUARD L RR SIDE,Pe comanda,Marfuri gestiune 1 firma,2,BUC,0,0,,EUR,21,
00449114,81305-ALC9-E10-N1R,81305-ALC9-E10-N1R CARRIER FR BOTTOM PLANK,Pe comanda,Marfuri gestiune 1 firma,0,BUC,0,0,,EUR,21,
00448851,81400-KKC4-900-N1R,81400-KKC4-900-N1R SIDE R GRIP,Pe comanda,Marfuri gestiune 1 firma,0,BUC,0,0,,EUR,21,
00447886,81500-KED9-900,81500-KED9-900 GRIP COMP L SIDE,Pe comanda,Marfuri gestiune 1 firma,0,BUC,0,0,,EUR,21,
00447742,81507-LFD6-C50-N8P,81507-LFD6-C50-N8P CATCH COMP UP,Pe comanda,Marfuri gestiune 1 firma,0,BUC,0,0,,EUR,21,
00450161,81508-LFD6-C50-N1P,81508-LFD6-C50-N1P CATCH COMP DOWN,Pe comanda,Marfuri gestiune 1 firma,0,BUC,0.92,1.09,,EUR,21,Belciug
00446988,81508-LFD6-C50-N8P,81508-LFD6-C50-N8P CATCH COMP DOWN,Pe comanda,Marfuri gestiune 1 firma,0,BUC,0,0,,EUR,21,
00448943,83500-LBA7-910-N1R,83500-LBA7-910-N1R COVER R SIDE,Pe comanda,Marfuri gestiune 1 firma,0,BUC,0,0,,EUR,21,Carena laterala dreapta
00445980,83500-LCA4-E01-N1R,83500-LCA4-E01-N1R COVER R SIDE,Pe comanda,Marfuri gestiune 1 firma,2,BUC,0,0,,EUR,21,
00446754,83500-LCA5-E01-N1R,83500-LCA5-E01-N1R COVER R SIDE,Pe comanda,Marfuri gestiune 1 firma,1,BUC,0,0,,EUR,21,Carena laterala dreapta
00449590,83500-LCB9-307-NVP,83500-LCB9-307-NVP COVER R BODY,Pe comanda,Marfuri gestiune 1 firma,0,BUC,0,0,,EUR,21,
00446281,83500-LCB9-C10-N8P,83500-LCB9-C10-N8P COVER R BODY,Pe comanda,Marfuri gestiune 1 firma,0,BUC,0,0,,EUR,21,
00451542,83500-LCB9-C10-NVP,83500-LCB9-C10-NVP BODY R COVER WHITE,Pe comanda,Marfuri gestiune 1 firma,0,BUC,239.6694,290,,EUR,21,Carena spate dreapta - alb
00446755,83500-LCD3-E00-HKP,83500-LCD3-E00-HKP COVER R BODY,Pe comanda,Marfuri gestiune 1 firma,0,BUC,0,0,,EUR,21,
00448727,83500-LDB5-E01-N1R,83500-LDB5-E01-N1R COBER S R SIDE,Pe comanda,Marfuri gestiune 1 firma,0,BUC,0,0,,EUR,21,
00445424,83500-LDF7-306-BAP,83500-LDF7-306-BAP COVER R BODY,Pe comanda,Marfuri gestiune 1 firma,1,BUC,0,0,,EUR,21,
00445425,83500-LDF7-306-R1P,83500-LDF7-306-R1P COVER R BODY,Pe comanda,Marfuri gestiune 1 firma,1,BUC,0,0,,EUR,21,
00448430,83500-LEA7-E00-N8P,83500-LEA7-E00-N8P COVE R BODY,Pe comanda,Marfuri gestiune 1 firma,0,BUC,0,0,,EUR,21,
00446535,83500-LEC8-EBP,83500-LEC8-EBP COVER R BODY,Pe comanda,Marfuri gestiune 1 firma,1,BUC,0,0,,EUR,21,
00446722,83500-LEJ2-E10-N1P,83500-LEJ2-E10-N1P COVER R BODY,Pe comanda,Marfuri gestiune 1 firma,0,BUC,0,0,,EUR,21,
00449512,83500-LFA5-E01-N1R,83500-LFA5-E01-N1R COVER R SIDE,Pe comanda,Marfuri gestiune 1 firma,0,BUC,0,0,,EUR,21,
00451149,83500-LFC2-E10-HKP,83500-LFC2-E10-HKP COVER R BODY,Pe comanda,Marfuri gestiune 1 firma,0,BUC,27.69,32.95,,EUR,21,Carena dreapta
00447780,83500-LFC8-B50-N1P,83500-LFC8-B50-N1P COVER R BODY,Pe comanda,Marfuri gestiune 1 firma,0,BUC,0,0,,EUR,21,
00450226,83500-LGB5-E10-R9P,83500-LGB5-E10-R9P COVER R BODY SIDE (RED),Pe comanda,Marfuri gestiune 1 firma,0,BUC,33.65,40.04,,EUR,21,Carena spate dreapta (rosu)
00446330,83500-LGR5-E10-BJP,83500-LGR5-E10-BJP COVER R BODY,Pe comanda,Marfuri gestiune 1 firma,1,BUC,0,0,,EUR,21,
00447647,83500-LGR5-E10-NVP,83500-LGR5-E10-NVP COVER R BODY,Pe comanda,Marfuri gestiune 1 firma,0,BUC,0,0,,EUR,21,
00447781,83501-LFC8-B50-N1R,83501-LFC8-B50-N1R MOLDING R SIDE,Pe comanda,Marfuri gestiune 1 firma,0,BUC,0,0,,EUR,21,
00446331,83501-LGR5-E10-BJP,83501-LGR5-E10-BJP MOLD R SIDE,Pe comanda,Marfuri gestiune 1 firma,1,BUC,0,0,,EUR,21,
00447642,83501-LGR5-E10-R9P,83501-LGR5-E10-R9P MOLD R SIDE,Pe comanda,Marfuri gestiune 1 firma,0,BUC,0,0,,EUR,21,
00451596,83510-AKB8-E00-N1P,83510-AKB8-E00-N1P BOARD B R SIDE,Pe comanda,Marfuri gestiune 1 firma,0,BUC,350.4132,424,,EUR,21,CAPAC LATERAL DREAPTA
00446056,83510-LKG7-E00-N1P,83510-LKG7-E00-N1P COVER SIDE R/H,Pe comanda,Marfuri gestiune 1 firma,1,BUC,0,0,,EUR,21,
00447526,8351A-ALJ8-E10-N1R,8351A-ALJ8-E10-N1R COVER R RR SIDE,Pe comanda,Marfuri gestiune 1 firma,0,BUC,61.9835,75,,EUR,21,Carena laterala dreapta
00445673,83520-LEA7-E00-YYP,83520-LEA7-E00-YYP COVER R SIDE,Pe comanda,Marfuri gestiune 1 firma,1,BUC,0,0,,EUR,21,
00446967,83520-LFC8-B50-N1R,83520-LFC8-B50-N1R COVER R SIDE,Pe comanda,Marfuri gestiune 1 firma,0,BUC,0,0,,EUR,21,
00448382,83520-LKG7-E00-YYP,83520-LKG7-E00-YYP MOLD F R/H SIDE,Pe comanda,Marfuri gestiune 1 firma,0,BUC,0,0,,EUR,21,
00449918,83534-ABD2-C00-N1R,83534-ABD2-C00-N1R SIDE COVER,Pe comanda,Marfuri gestiune 1 firma,1,BUC,0,0,,EUR,21,
00446332,83540-KKAK-900-YFP,83540-KKAK-900-YFP COVER A R SIDE,Pe comanda,Marfuri gestiune 1 firma,0,BUC,0,0,,EUR,21,
00446302,83541-LGH3-E00-F1S,83541-LGH3-E00-F1S COVER B R SIDE,Pe comanda,Marfuri gestiune 1 firma,0,BUC,0,0,,EUR,21,
00447370,83550-KEC8-900,83550-KEC8-900 COLLAR,Pe comanda,Marfuri gestiune 1 firma,0,BUC,0,0,,EUR,21,
00450712,83550-KEC8-C00,83550-KEC8-C00 COLLAR SET METER,Pe comanda,Marfuri gestiune 1 firma,1,BUC,0.44,0.52,,EUR,21,Saiba distantier surub
00448555,83551-3F76-C10,83551-3F76-C10 GROMET SIDE COVER,Pe comanda,Marfuri gestiune 1 firma,0,BUC,0,0,,EUR,21,
00448637,83551-KEC8-900,83551-KEC8-900 GROMMET COVER,Pe comanda,Marfuri gestiune 1 firma,0,BUC,0,0,,EUR,21,
00447371,83551-KEC8-C10,83551-KEC8-C10 GROMMET COVER,Pe comanda,Marfuri gestiune 1 firma,0,BUC,0,0,,EUR,21,
00448559,83551-KKAK-C00,83551-KKAK-C00 GROMMET AIR CLEANER CASE,Pe comanda,Marfuri gestiune 1 firma,0,BUC,11.5702,14,,EUR,21,Garnitura
00449227,83551-LDB5-E00,83551-LDB5-E00 GROMMET COVER,Pe comanda,Marfuri gestiune 1 firma,1,BUC,0,0,,EUR,21,
00451115,83551-LEA7-E00,83551-LEA7-E00 GROMMET FRONT COVER,Pe comanda,Marfuri gestiune 1 firma,0,BUC,0.645,0.77,,EUR,21,Tampon cauciuc
00451257,83600-ACC1-E10-J2P,83600-ACC1-E10-J2P COVER L BODY,Pe comanda,Marfuri gestiune 1 firma,0,BUC,42.44,50.5,,EUR,21,Carena corp stanga
00448944,83600-LBA7-910-N1R,83600-LBA7-910-N1R COVER L SIDE,Pe comanda,Marfuri gestiune 1 firma,0,BUC,0,0,,EUR,21,Carena laterala stanga
00445981,83600-LCA4-E01-N1R,83600-LCA4-E01-N1R COVER L SIDE,Pe comanda,Marfuri gestiune 1 firma,2,BUC,0,0,,EUR,21,
00449591,83600-LCB9-307-NVP,83600-LCB9-307-NVP COVER L BOY,Pe comanda,Marfuri gestiune 1 firma,0,BUC,235.5372,285,,EUR,21,Carena laterala stanga spate - alb
00448728,83600-LDB5-E01-N1R,83600-LDB5-E01-N1R COVER L SIDE,Pe comanda,Marfuri gestiune 1 firma,0,BUC,0,0,,EUR,21,
00449662,83600-LDF7-306-R1P,83600-LDF7-306-R1P COVER R BODY,Pe comanda,Marfuri gestiune 1 firma,1,BUC,0,0,,EUR,21,
00445426,83600-LDF7-E10-BAP,83600-LDF7-E10-BAP COVER R BODY,Pe comanda,Marfuri gestiune 1 firma,1,BUC,0,0,,EUR,21,
00445427,83600-LDF7-E10-R1,83600-LDF7-E10-R1 COVER R BODY,Pe comanda,Marfuri gestiune 1 firma,1,BUC,0,0,,EUR,21,
00448431,83600-LEA7-E00-N8P,83600-LEA7-E00-N8P COVER L BODY,Pe comanda,Marfuri gestiune 1 firma,0,BUC,0,0,,EUR,21,
00445348,83600-LEJ2-E10-R9P,83600-LEJ2-E10-R9P COVER L BODDY,Pe comanda,Marfuri gestiune 1 firma,1,BUC,0,0,,EUR,21,
00449513,83600-LFA5-E01-N1R,83600-LFA5-E01-N1R COVER L SIDE,Pe comanda,Marfuri gestiune 1 firma,0,BUC,0,0,,EUR,21,
00451150,83600-LFC2-E10-HKP,83600-LFC2-E10-HKP COVER L BODY,Pe comanda,Marfuri gestiune 1 firma,0,BUC,27.69,32.95,,EUR,21,Carena stanga
00450544,83600-LFC2-E10-NVP,83600-LFC2-E10-NVP COVER L BODY,Pe comanda,Marfuri gestiune 1 firma,0,BUC,27.69,32.95,,EUR,21,Carena laterala stanga - alb
00447782,83600-LFC8-B50-N1P,83600-LFC8-B50-N1P COVER L BODY,Pe comanda,Marfuri gestiune 1 firma,0,BUC,0,0,,EUR,21,
00447648,83600-LGR5-E10-NVP,83600-LGR5-E10-NVP COVER L BODY,Pe comanda,Marfuri gestiune 1 firma,0,BUC,0,0,,EUR,21,
00447783,83601-LFC8-B50-N1R,83601-LFC8-B50-N1R MOLDING L SIDE,Pe comanda,Marfuri gestiune 1 firma,0,BUC,0,0,,EUR,21,
00447630,83601-LGR5-E10-R9P,83601-LGR5-E10-R9P MOLD L SIDE,Pe comanda,Marfuri gestiune 1 firma,0,BUC,0,0,,EUR,21,
00445982,8360A-LCA5-E01-N1R,8360A-LCA5-E01-N1R COVER L SIDE,Pe comanda,Marfuri gestiune 1 firma,1,BUC,0,0,,EUR,21,Carena laterala stanga
00451595,83610-AKB8-E00-N1P,83610-AKB8-E00-N1P BOARD B L SIDE,Pe comanda,Marfuri gestiune 1 firma,0,BUC,350.4132,424,,EUR,21,CAPAC LATERAL
00451453,83610-AKC6-E10-N1R,83610-AKC6-E10-N1R COVER L RR SIDE,Pe comanda,Marfuri gestiune 1 firma,1,BUC,76.0331,92,,EUR,21,Carena laterala stanga spate
00447571,8361A-ALJ8-E10-N1R,8361A-ALJ8-E10-N1R COVER L SIDE,Pe comanda,Marfuri gestiune 1 firma,0,BUC,0,0,,EUR,21,
00450802,83620-LBA7-900,83620-LBA7-900 CAP PIPE,Pe comanda,Marfuri gestiune 1 firma,0,BUC,0.98,1.17,,EUR,21,Cap teava
00450803,83620-LCD9-E00,83620-LCD9-E00 CAP PIPE,Pe comanda,Marfuri gestiune 1 firma,0,BUC,1.42,1.69,,EUR,21,Cap teava
00445674,83620-LEA7-E00-YYP,83620-LEA7-E00-YYP COVER L FLOOR,Pe comanda,Marfuri gestiune 1 firma,1,BUC,0,0,,EUR,21,
00447372,83620-LFC8-B50-N1R,83620-LFC8-B50-N1R COVER L SIDE,Pe comanda,Marfuri gestiune 1 firma,0,BUC,0,0,,EUR,21,
00448061,83630-LHG7-E00-N1P,83630-LHG7-E00-N1P TOP COVER L BODY,Pe comanda,Marfuri gestiune 1 firma,0,BUC,0,0,,EUR,21,
00446333,83640-KKAK-900-YFP,83640-KKAK-900-YFP COVER A L SIDE,Pe comanda,Marfuri gestiune 1 firma,0,BUC,0,0,,EUR,21,
00446303,83641-LGH3-E00-F1S,83641-LGH3-E00-F1S COVER B L SIDE,Pe comanda,Marfuri gestiune 1 firma,0,BUC,0,0,,EUR,21,
00445675,83750-LEA7-E00-NVP,83750-LEA7-E00-NVP COVER RR CENTER,Pe comanda,Marfuri gestiune 1 firma,1,BUC,0,0,,EUR,21,
00449115,8375A-KEBE-900,8375A-KEBE-900 CLI ASSY CENTER,Pe comanda,Marfuri gestiune 1 firma,0,BUC,0,0,,EUR,21,
00449166,8376A-KEBE-900,8376A-KEBE-900 CLIP ASSY CENTER,Pe comanda,Marfuri gestiune 1 firma,0,BUC,0,0,,EUR,21,Agatatoare
00450406,85100-LBA7-900,85100-LBA7-900 PIPE COMP FR BUMPER,Pe comanda,Marfuri gestiune 1 firma,0,BUC,17.5,20.83,,EUR,21,Bulbar fier
00446652,85100-LCA4-E00,85100-LCA4-E00 PIPE COMP FR BUMPER,Pe comanda,Marfuri gestiune 1 firma,0,BUC,0,0,,EUR,21,
00445551,85100-LCA5-E00-MAS,85100-LCA5-E00-MAS PIPE COMP FR BUMPER,Pe comanda,Marfuri gestiune 1 firma,0,BUC,508.2645,615,,EUR,21,Bullbar
00447832,85100-LDB5-E00-MAS,85100-LDB5-E00-MAS PIPE COMP FR BUMPER,Pe comanda,Marfuri gestiune 1 firma,0,BUC,0,0,,EUR,21,
00448190,85100-LDB5-E00-MAS,85100-LDB5-E00-MAS (MV3746) PIPE COMP,Pe comanda,Marfuri gestiune 1 firma,0,BUC,0,0,,EUR,21,
00451039,85100-LFE9-E00-MAS,85100-LFE9-E00-MAS PIPE COMP FR BUMPER,Pe comanda,Marfuri gestiune 1 firma,0,BUC,66.28,78.87,,EUR,21,Bullbar
00449319,85100-LHM2-E00,85100-LHM2-E00 PIPE COMP FR BUMPER,Pe comanda,Marfuri gestiune 1 firma,0,BUC,0,0,,EUR,21,
00446129,86030-KKC4-900-T01,86030-KKC4-900-T01 EMB HANDLE COVER RR,Pe comanda,Marfuri gestiune 1 firma,2,BUC,0,0,,EUR,21,
00447253,86101-LGR5-E10-T01,86101-LGR5-E10-T01 STRIPE R COVER,Pe comanda,Marfuri gestiune 1 firma,1,BUC,0,0,,EUR,21,
00446634,86101-LLB1-M00-T01,86101-LLB1-M00-T01 STRIPE FR COVER,Pe comanda,Marfuri gestiune 1 firma,1,BUC,0,0,,EUR,21,
00447237,86102-KFA6-C10-T01,86102-KFA6-C10-T01 STRIPE LOGO 22MM,Pe comanda,Marfuri gestiune 1 firma,0,BUC,0,0,,EUR,21,
00451026,86102-KFA6-C10-T02,86102-KFA6-C10-T02 EMB K-LOGO 30MM,Pe comanda,Marfuri gestiune 1 firma,0,BUC,1.11,1.32,,EUR,21,Emblema K
00448617,86102-LDB5-900-T01,86102-LDB5-900-T01 EMB K-LOGGO 28.5MM,Pe comanda,Marfuri gestiune 1 firma,0,BUC,0,0,,EUR,21,
00450573,86102-LDB5-900-T02,86102-LDB5-900-T02 K-LOGO 28.5MM,Pe comanda,Marfuri gestiune 1 firma,0,BUC,5.41,6.44,,EUR,21,Logo Kymco 28.5mm
00446643,86102-LDC3-E00-T01,86102-LDC3-E00-T01 EMB K-LOGGO 38MM,Pe comanda,Marfuri gestiune 1 firma,0,BUC,0,0,,EUR,21,
00450162,86102-LEA5-E00-T01,86102-LEA5-E00-T01 EMB K-LOGO 28MM,Pe comanda,Marfuri gestiune 1 firma,0,BUC,5.06,6.02,,EUR,21,Logo Kymco 28mm
00448868,86102-LEJ2-E00-T01,86102-LEJ2-E00-T01 STRIPPER FR COVER,Pe comanda,Marfuri gestiune 1 firma,0,BUC,0,0,,EUR,21,
00448508,86102-LEJ2-E00-T02,86102-LEJ2-E00-T02 STRIPE FR COVER,Pe comanda,Marfuri gestiune 1 firma,0,BUC,0,0,,EUR,21,
00450839,86102-LGR2-E00-T02,86102-LGR2-E00-T02 EMB K LOGO,Pe comanda,Marfuri gestiune 1 firma,0,BUC,2.3,2.74,,EUR,21,Sticker K
00446334,86102-LGR5-E00-T01,86102-LGR5-E00-T01 EMB K-LOGO,Pe comanda,Marfuri gestiune 1 firma,1,BUC,0,0,,EUR,21,
00446409,86102-LHB3-E00-T01,86102-LHB3-E00-T01 STRIPE K-LOGO 68MM,Pe comanda,Marfuri gestiune 1 firma,2,BUC,0,0,,EUR,21,
00447665,86103-LEC8-E00-T02,86103-LEC8-E00-T02 STRIPE,Pe comanda,Marfuri gestiune 1 firma,0,BUC,0,0,,EUR,21,
00449198,86151-LLB1-M00-T01,86151-LLB1-M00-T01 STRIPE R FR FENDER,Pe comanda,Marfuri gestiune 1 firma,0,BUC,0,0,,EUR,21,
00446630,86151-LLB1-M00-T03,86151-LLB1-M00-T03 STRIPE R FR FENDER,Pe comanda,Marfuri gestiune 1 firma,1,BUC,0,0,,EUR,21,
00450163,86161-LEA7-E00-T01,86161-LEA7-E00-T01 STRIPE R FR FENDER,Pe comanda,Marfuri gestiune 1 firma,0,BUC,2.46,2.93,,EUR,21,Actibild fata dreapta
00450843,86161-LGR2-E00-T01,86161-LGR2-E00-T01 STRIPE R FR FENDER,Pe comanda,Marfuri gestiune 1 firma,0,BUC,1.22,1.45,,EUR,21,Sticker dreapta
00449200,86161-LLB1-M00-T01,86161-LLB1-M00-T01 STRIPE L FR FENDER,Pe comanda,Marfuri gestiune 1 firma,0,BUC,0,0,,EUR,21,
00446638,86161-LLB1-M00-T03,86161-LLB1-M00-T03 STRIPE L FR FENDER,Pe comanda,Marfuri gestiune 1 firma,1,BUC,0,0,,EUR,21,
00450164,86171-LEA7-E00-T01,86171-LEA7-E00-T01 STRIPE L FR FENDER,Pe comanda,Marfuri gestiune 1 firma,0,BUC,2.46,2.93,,EUR,21,Actibild fata stanga
00450844,86171-LGR2-E00-T01,86171-LGR2-E00-T01 STRIPE L FR FENDER,Pe comanda,Marfuri gestiune 1 firma,0,BUC,1.22,1.45,,EUR,21,Sticker stanga
00448094,86182-LFA5-M30-T01,86182-LFA5-M30-T01 SW LABEL,Pe comanda,Marfuri gestiune 1 firma,0,BUC,0,0,,EUR,21,
00445815,86201-LCB9-C00-T01,86201-LCB9-C00-T01 STRIPE BODY COVER,Pe comanda,Marfuri gestiune 1 firma,0,BUC,0,0,,EUR,21,
00446375,86201-LHB3-E00-T02,86201-LHB3-E00-T02 STRIPE BODY COVER,Pe comanda,Marfuri gestiune 1 firma,2,BUC,0,0,,EUR,21,
00449881,86202-ACJ1-E60-T05,86202-ACJ1-E60-T05 EMB BODY COVER,Pe comanda,Marfuri gestiune 1 firma,0,BUC,3.54,4.21,,EUR,21,
00451530,86202-AEF2-E60-T01,86202-AEF2-E60-T01 STRIPE TANK COVER,Pe comanda,Marfuri gestiune 1 firma,0,BUC,49.5868,60,,EUR,21,Sticker
00449079,86202-KFC8-E10-T01,86202-KFC8-E10-T01 EMB B BODY COVER,Pe comanda,Marfuri gestiune 1 firma,0,BUC,0,0,,EUR,21,
00446130,86202-KKC4-900-T01,86202-KKC4-900-T01 EMB B BPDY COVER,Pe comanda,Marfuri gestiune 1 firma,4,BUC,0,0,,EUR,21,
00450126,86202-KKD7-E00-T01,86202-KKD7-E00-T01 EMB BODY COVER,Pe comanda,Marfuri gestiune 1 firma,0,BUC,4.35,5.18,,EUR,21,Emblema
00447929,86202-LBA2-900-T01,86202-LBA2-900-T01 EMB BODY COVER,Pe comanda,Marfuri gestiune 1 firma,0,BUC,0,0,,EUR,21,
00445454,86202-LDB2-E10-T01,86202-LDB2-E10-T01 EMB BODY COVER,Pe comanda,Marfuri gestiune 1 firma,2,BUC,0,0,,EUR,21,
00450252,86202-LDC8-A60-T01,86202-LDC8-A60-T01 EMB BODY COVER,Pe comanda,Marfuri gestiune 1 firma,0,BUC,6.2,7.38,,EUR,21,Emblema Agility
00446304,86202-LDC8-E10-T01,86202-LDC8-E10-T01 STRIPE BODY COVER,Pe comanda,Marfuri gestiune 1 firma,1,BUC,0,0,,EUR,21,
00450424,86202-LDG7-E00-T01,86202-LDG7-E00-T01 EMB BODY COVER,Pe comanda,Marfuri gestiune 1 firma,0,BUC,4.07,4.84,,EUR,21,Sticker XCiting
00446186,86202-LEA5-E00-T01,86202-LEA5-E00-T01 EMB BODY COVER,Pe comanda,Marfuri gestiune 1 firma,3,BUC,0,0,,EUR,21,
00447294,86202-LEA7-E01-T01,86202-LEA7-E01-T01 EMB BODY COVER,Pe comanda,Marfuri gestiune 1 firma,0,BUC,0,0,,EUR,21,
00450845,86202-LGR2-E00-T01,86202-LGR2-E00-T01 EMB BODY COVER,Pe comanda,Marfuri gestiune 1 firma,0,BUC,6.63,7.89,,EUR,21,Emblema
00447217,86202-LGR5-E10-T01,86202-LGR5-E10-T01 EMBLEMA,Pe comanda,Marfuri gestiune 1 firma,2,BUC,0,0,,EUR,21,
00448377,86202-LHD1-E00-T01,86202-LHD1-E00-T01 EMB BODY COVER,Pe comanda,Marfuri gestiune 1 firma,0,BUC,0,0,,EUR,21,
00449357,86202-LKG7-E10-T01,86202-LKG7-E10-T01 EMB BODY COVER,Pe comanda,Marfuri gestiune 1 firma,0,BUC,0,0,,EUR,21,
00449584,86202-LLJ3-E10-T01,86202-LLJ3-E10-T01 EMB FR COVER,Pe comanda,Marfuri gestiune 1 firma,0,BUC,0,0,,EUR,21,
00450127,86212-KHD4-E00-T01,86212-KHD4-E00-T01 EMB B BODY COVER,Pe comanda,Marfuri gestiune 1 firma,0,BUC,1.56,1.86,,EUR,21,Emblema B
00446131,86212-KKC4-900-T01,86212-KKC4-900-T01 EMB B BODY COVER,Pe comanda,Marfuri gestiune 1 firma,4,BUC,0,0,,EUR,21,
00446723,86212-LEJ2-E10-T02,86212-LEJ2-E10-T02 EMB B BODY COVER,Pe comanda,Marfuri gestiune 1 firma,0,BUC,0,0,,EUR,21,
00450396,86212-LEJ3-E10-T02,86212-LEJ3-E10-T02 EMB B BODY COVER,Pe comanda,Marfuri gestiune 1 firma,0,BUC,1.11,1.32,,EUR,21,Emblema
00447994,86221-ALA9-E70-T01,86221-ALA9-E70-T01 STRIPE R BODY COVER,Pe comanda,Marfuri gestiune 1 firma,0,BUC,0,0,,EUR,21,
00446631,86221-LLJ1-E60-T03,86221-LLJ1-E60-T03 STRIPE R BODY COVER,Pe comanda,Marfuri gestiune 1 firma,1,BUC,0,0,,EUR,21,
00449909,86223-LDB5-E00-T02,86223-LDB5-E00-T02 STRIPE R FUEL TANK,Pe comanda,Marfuri gestiune 1 firma,1,BUC,6.5,7.74,,EUR,21,Actibild  dreapta
00450677,86223-LEC8-E00-T01,86223-LEC8-E00-T01 STRIPE R FUEL TANK,Pe comanda,Marfuri gestiune 1 firma,0,BUC,4.07,4.84,,EUR,21,Sticker dr rezervor
00447664,86223-LEC8-E00-T02,86223-LEC8-E00-T02 STRIPE,Pe comanda,Marfuri gestiune 1 firma,0,BUC,0,0,,EUR,21,
00450415,86223-LFA5-E61-T02,86223-LFA5-E61-T02 STRIPE R FUEL TANK,Pe comanda,Marfuri gestiune 1 firma,0,BUC,6.44,7.66,,EUR,21,Sticker dr rezervor
00447300,86223-LFE9-E61-T02,86223-LFE9-E61-T02 STRIPE R FUEL TANK,Pe comanda,Marfuri gestiune 1 firma,2,BUC,0,0,,EUR,21,
00449270,86223-LHM2-E61-T02,86223-LHM2-E61-T02 STRIPE R FUEL TANK,Pe comanda,Marfuri gestiune 1 firma,0,BUC,0,0,,EUR,21,
00447995,86231-ALA9-E07-T01,86231-ALA9-E07-T01 STRIPE R BODY COVER,Pe comanda,Marfuri gestiune 1 firma,0,BUC,0,0,,EUR,21,
00446376,86231-LHB3-E00-T03,86231-LHB3-E00-T03 STRIPE L BODY COVER,Pe comanda,Marfuri gestiune 1 firma,2,BUC,0,0,,EUR,21,
00446624,86231-LLJ1-E60-T03,86231-LLJ1-E60-T03 STRIPLE L BODY COVER,Pe comanda,Marfuri gestiune 1 firma,1,BUC,0,0,,EUR,21,
00448620,86233-LDB5-E00-T02,86233-LDB5-E00-T02 STRIPE L FUEL TANK,Pe comanda,Marfuri gestiune 1 firma,1,BUC,0,0,,EUR,21,
00450678,86233-LEC8-E00-T01,86233-LEC8-E00-T01 STRIPE L FUEL TANK,Pe comanda,Marfuri gestiune 1 firma,0,BUC,4.07,4.84,,EUR,21,Sticker st rezervor
00450416,86233-LFA5-E61-T02,86233-LFA5-E61-T02 STRIPE L FUEL TANK,Pe comanda,Marfuri gestiune 1 firma,0,BUC,6.44,7.66,,EUR,21,Sticker st rezervor
00449406,86233-LFE9-E61-T02,86233-LFE9-E61-T02 STRIP EL FUEL TANK,Pe comanda,Marfuri gestiune 1 firma,0,BUC,0,0,,EUR,21,
00449271,86233-LHM2-E61-T02,86233-LHM2-E61-T02 STRIPE L FUEL TANK,Pe comanda,Marfuri gestiune 1 firma,0,BUC,0,0,,EUR,21,
00447887,8624A-KED9-900-T01,8624A-KED9-900-T01 EMB L FUEL TANK ASSY,Pe comanda,Marfuri gestiune 1 firma,0,BUC,0,0,,EUR,21,
00451577,86282-AKB8-E00-T01,86282-AKB8-E00-T01 STRIPE R FR,Pe comanda,Marfuri gestiune 1 firma,0,BUC,20.6612,25,,EUR,21,Sticker fata dreapta
00450846,86282-LGR2-E00-T01,86282-LGR2-E00-T01 STRIPE R FR MOLD,Pe comanda,Marfuri gestiune 1 firma,0,BUC,0.2,0.24,,EUR,21,Sticker
00451578,86283-AKB8-E00-T01,86283-AKB8-E00-T01 STRIPE L FR,Pe comanda,Marfuri gestiune 1 firma,0,BUC,20.6612,25,,EUR,21,Sticker fata stanga
00450847,86283-LGR2-E00-T01,86283-LGR2-E00-T01 STRIPE L FR MOLD,Pe comanda,Marfuri gestiune 1 firma,0,BUC,0.2,0.24,,EUR,21,Sticker
00450848,86284-LGR2-E00-T01,86284-LGR2-E00-T01 STRIPE L FR MOLD,Pe comanda,Marfuri gestiune 1 firma,0,BUC,0.2,0.24,,EUR,21,Sticker
00450849,86286-LGR2-E00-T01,86286-LGR2-E00-T01 STRIPE B L FR MOLD,Pe comanda,Marfuri gestiune 1 firma,0,BUC,0.2,0.24,,EUR,21,Sticker
00449869,86300-LGC6-E00-T01,86300-LGC6-E00-T01 STRIPE SIDE MOLD,Pe comanda,Marfuri gestiune 1 firma,0,BUC,1.82,2.17,,EUR,21,
00448047,86302-LFA5-E00-T01,86302-LFA5-E00-T01 EMB GEAR REVERAL,Pe comanda,Marfuri gestiune 1 firma,0,BUC,0,0,,EUR,21,
00448619,86303-LDB5-E00-T01,86303-LDB5-E00-T01 STRIPE 4X4,Pe comanda,Marfuri gestiune 1 firma,2,BUC,0,0,,EUR,21,
00450210,86303-LDB5-E00-T02,86303-LDB5-E00-T02 STRIPE 4X4,Pe comanda,Marfuri gestiune 1 firma,0,BUC,3.06,3.64,,EUR,21,Sticker 4x4
00448136,86303-LFA5-M30-T01,86303-LFA5-M30-T01 STRIPE,Pe comanda,Marfuri gestiune 1 firma,0,BUC,0,0,,EUR,21,
00446608,86323-LBA7-E60-T06,86323-LBA7-E60-T06 STRIPE R SIDE COVER,Pe comanda,Marfuri gestiune 1 firma,1,BUC,0,0,,EUR,21,
00447662,86403-LEC8-E30-T03,86403-LEC8-E30-T03 LOGO,Pe comanda,Marfuri gestiune 1 firma,0,BUC,0,0,,EUR,21,
00445552,86523-LCA5-E61-T02,86523-LCA5-E61-T02 STRIPE R FR FENDER,Pe comanda,Marfuri gestiune 1 firma,0,BUC,0,0,,EUR,21,
00448694,86523-LGN5-E60-T05,86523-LGN5-E60-T05 MV7865 STICKER FENDER,Pe comanda,Marfuri gestiune 1 firma,0,BUC,0,0,,EUR,21,
00447494,86533-LCA4-E61-T01,86533-LCA4-E61-T01 STRIPE L FR FENDER,Pe comanda,Marfuri gestiune 1 firma,0,BUC,0,0,,EUR,21,
00450409,86533-LCA4-E61-T04,86533-LCA4-E61-T04 STRIPE L FR FENDER,Pe comanda,Marfuri gestiune 1 firma,0,BUC,8.14,9.69,,EUR,21,Actibild fata stanga
00447418,86533-LCA5-E61-T01,86533-LCA5-E61-T01 STRIPE L FR FENDER,Pe comanda,Marfuri gestiune 1 firma,0,BUC,0,0,,EUR,21,
00445553,86533-LCA5-E61-T02,86533-LCA5-E61-T02 STRIPE L FR FENDER,Pe comanda,Marfuri gestiune 1 firma,0,BUC,0,0,,EUR,21,
00447002,86533-LDB1-E61-T02,86533-LDB1-E61-T02 STRIPLE L FR FENDER,Pe comanda,Marfuri gestiune 1 firma,0,BUC,0,0,,EUR,21,
00449116,86533-LDB1-E61-T05,86533-LDB1-E61-T05 STRIPE L FR FENDER,Pe comanda,Marfuri gestiune 1 firma,0,BUC,0,0,,EUR,21,
00447003,86533-LDB1-E61-T08,86533-LDB1-E61-T08 STRIPE L FR FENDER,Pe comanda,Marfuri gestiune 1 firma,0,BUC,0,0,,EUR,21,
00449380,86533-LGN5-E60-T02,86533-LGN5-E60-T02 MV7867 STICKER FENDER,Pe comanda,Marfuri gestiune 1 firma,0,BUC,0,0,,EUR,21,
00450570,86623-ADC6-E70-T01,86623-ADC6-E70-T01 STRIPE FENDER RR,Pe comanda,Marfuri gestiune 1 firma,0,BUC,21.86,26.01,,EUR,21,Sticker aripa spate
00447495,86623-LCA4-E61-T01,86623-LCA4-E61-T01 STRIPE L SIDE COVER,Pe comanda,Marfuri gestiune 1 firma,0,BUC,0,0,,EUR,21,
00449048,86623-LDB1-E61-T02,86623-LDB1-E61-T02 STRIPE R SIDE COVER,Pe comanda,Marfuri gestiune 1 firma,0,BUC,0,0,,EUR,21,
00449117,86623-LDB1-E61-T05,86623-LDB1-E61-T05 STRIPE R SIDE COVER,Pe comanda,Marfuri gestiune 1 firma,0,BUC,0,0,,EUR,21,
00445611,86623-LDE9-E61-T01,86623-LDE9-E61-T01 STRIPPER R SIDE COVER,Pe comanda,Marfuri gestiune 1 firma,2,BUC,0,0,,EUR,21,
00450571,86633-ADC6-E70-T01,86633-ADC6-E70-T01 STRIPE FENDER RR,Pe comanda,Marfuri gestiune 1 firma,0,BUC,21.86,26.01,,EUR,21,Sticker aripa spate
00447496,86633-LCA4-E61-T01,86633-LCA4-E61-T01 STRIPE L SIDE COVER,Pe comanda,Marfuri gestiune 1 firma,0,BUC,0,0,,EUR,21,
00449050,86633-LDB1-E61-T02,86633-LDB1-E61-T02 STRIPE L SIDE COVER,Pe comanda,Marfuri gestiune 1 firma,0,BUC,0,0,,EUR,21,
00448730,86663-LGN5-E60-T02,86663-LGN5-E60-T02 STRIPE C L FENDER,Pe comanda,Marfuri gestiune 1 firma,0,BUC,0,0,,EUR,21,
00448732,86673-LGN5-E60-T02,86673-LGN5-E60-T02 STRIPE C R FENDER REAR,Pe comanda,Marfuri gestiune 1 firma,0,BUC,0,0,,EUR,21,
00448109,87129-KFW6-960-T03,87129-KFW6-960-T03 MARK UP COWL BRIDGE,Pe comanda,Marfuri gestiune 1 firma,0,BUC,0,0,,EUR,21,
00447663,87129-KFW6-960-T05,87129-KFW6-960-T05 LOGO,Pe comanda,Marfuri gestiune 1 firma,0,BUC,0,0,,EUR,21,
00449882,87140-ABD2-E00-T01,87140-ABD2-E00-T01 EMB MARK 300 TAPE A,Pe comanda,Marfuri gestiune 1 firma,0,BUC,2.96,3.52,,EUR,21,
00449080,87140-KHE6-E00-T01,87140-KHE6-E00-T01 EMB B BODY COVER,Pe comanda,Marfuri gestiune 1 firma,1,BUC,0,0,,EUR,21,
00446132,87140-KHE7-E00-NEP,87140-KHE7-E00-NEP MIRROR ASSY L BACK,Pe comanda,Marfuri gestiune 1 firma,0,BUC,0,0,,EUR,21,
00446134,87140-KHE7-E00-T01,87140-KHE7-E00-T01 EMB B BODY COVER,Pe comanda,Marfuri gestiune 1 firma,2,BUC,0,0,,EUR,21,
00446458,87140-KHE7-E00-T02,87140-KHE7-E00-T02 EMB B BODY COVER,Pe comanda,Marfuri gestiune 1 firma,2,BUC,0,0,,EUR,21,
00449883,87140-LCD1-E00-T01,87140-LCD1-E00-T01 EMB MARK 2T,Pe comanda,Marfuri gestiune 1 firma,0,BUC,2.31,2.75,,EUR,21,
00449272,87140-LCD2-E00-T01,87140-LCD2-E00-T01 EMB MARK 50 4T,Pe comanda,Marfuri gestiune 1 firma,0,BUC,0,0,,EUR,21,
00450420,87140-LDG7-E00-T01,87140-LDG7-E00-T01 EMB I MARK,Pe comanda,Marfuri gestiune 1 firma,0,BUC,2.33,2.77,,EUR,21,Emblema I
00446188,87140-LEA6-E00-T01,87140-LEA6-E00-T01 EMB MARK 200,Pe comanda,Marfuri gestiune 1 firma,1,BUC,0,0,,EUR,21,
00447066,87140-LEA7-E00-T01,87140-LEA7-E00-T01 EMB MARK 300I,Pe comanda,Marfuri gestiune 1 firma,1,BUC,0,0,,EUR,21,
00446057,87140-LKG7-E10-T01,87140-LKG7-E10-T01 EMB MARK 300I,Pe comanda,Marfuri gestiune 1 firma,2,BUC,0,0,,EUR,21,
00449884,87206-ABD2-C00-T01,87206-ABD2-C00-T01 MARK KYMCO,Pe comanda,Marfuri gestiune 1 firma,0,BUC,1.215,1.45,,EUR,21,
00449682,87206-LBA2-E00-T01,87206-LBA2-E00-T01 EMB MARK,Pe comanda,Marfuri gestiune 1 firma,0,BUC,0,0,,EUR,21,
00450841,87206-LBA2-E00-T02,87206-LBA2-E00-T02 EMB MARK KYMCO,Pe comanda,Marfuri gestiune 1 firma,0,BUC,2.31,2.75,,EUR,21,Emblema Kymco
00450425,87311-LBA2-E00-T01,87311-LBA2-E00-T01 STRIPE MARK 500,Pe comanda,Marfuri gestiune 1 firma,0,BUC,2.445,2.91,,EUR,21,Sticker 500
00450419,87311-LDG7-E00-T03,87311-LDG7-E00-T03 EMB R MARK,Pe comanda,Marfuri gestiune 1 firma,0,BUC,1.42,1.69,,EUR,21,Emblema R
00451493,87311-LFH1-E00-T02,87311-LFH1-E00-T02 EMB MARK ABS,Pe comanda,Marfuri gestiune 1 firma,1,BUC,21.4876,26,,EUR,21,Emblema ABS
00450835,87311-LGR2-E00-T01,87311-LGR2-E00-T01 EMB R MARK,Pe comanda,Marfuri gestiune 1 firma,0,BUC,1.75,2.08,,EUR,21,Emblema R
00446072,87311-LKG7-E01-T01,87311-LKG7-E01-T01 STRIPE MARK ABS,Pe comanda,Marfuri gestiune 1 firma,2,BUC,0,0,,EUR,21,
00449720,87312-KKAK-900-T01,87312-KKAK-900-T01 EMB L FUEL TANK,Pe comanda,Marfuri gestiune 1 firma,0,BUC,0,0,,EUR,21,
00446189,87322-LBA7-E00-T01,87322-LBA7-E00-T01 CAUTION SHIFITS GEARS,Pe comanda,Marfuri gestiune 1 firma,2,BUC,0,0,,EUR,21,
00446187,87410-LDG7-E00-T01,87410-LDG7-E00-T01 EMB I MARK,Pe comanda,Marfuri gestiune 1 firma,2,BUC,0,0,,EUR,21,
00450211,87503-LDB5-900-T02,87503-LDB5-900-T02 STRIPE KYMCO 120MM,Pe comanda,Marfuri gestiune 1 firma,0,BUC,2.42,2.88,,EUR,21,Sticker Kymco
00447299,87503-LDB5-900-T03,87503-LDB5-900-T03 STRIPE KYMCO,Pe comanda,Marfuri gestiune 1 firma,1,BUC,0,0,,EUR,21,
00448731,87503-LGN5-900-T02,87503-LGN5-900-T02 STRIPE KYMCO 125 MM,Pe comanda,Marfuri gestiune 1 firma,0,BUC,0,0,,EUR,21,
00449273,87503-LGN5-910-T01,87503-LGN5-910-T01 STRIPE KYMCO 185MM,Pe comanda,Marfuri gestiune 1 firma,0,BUC,0,0,,EUR,21,
00451494,87505-ACD5-E00-T01,87505-ACD5-E00-T01 LABEL TIRE,Pe comanda,Marfuri gestiune 1 firma,1,BUC,14.876,18,,EUR,21,Eticheta anvelope
00450836,87505-LBA2-E00-T01,87505-LBA2-E00-T01 LABEL TIRE,Pe comanda,Marfuri gestiune 1 firma,0,BUC,0.93,1.11,,EUR,21,Eticheta anvelopa
00448251,87505-LEA7-E01-T01,87505-LEA7-E01-T01 LABEL TIRE,Pe comanda,Marfuri gestiune 1 firma,0,BUC,0,0,,EUR,21,
00449683,87508-KKC4-E00-T01,87508-KKC4-E00-T01 LABEL CLEANNESS,Pe comanda,Marfuri gestiune 1 firma,0,BUC,0,0,,EUR,21,
00446836,87512-KEBE-E00-T01,87512-KEBE-E00-T01 CAUTION FILTER,Pe comanda,Marfuri gestiune 1 firma,0,BUC,0,0,,EUR,21,
00447419,87515-LBA7-E01-T01,87515-LBA7-E01-T01 CAUTION LIST ON ROAD,Pe comanda,Marfuri gestiune 1 firma,0,BUC,0,0,,EUR,21,
00448692,87515-LDB5-E01-T01,87515-LDB5-E01-T01 MV3755 SIGN INFORMATION GENERAL SAFETY,Pe comanda,Marfuri gestiune 1 firma,0,BUC,0,0,,EUR,21,
00449910,87515-LDB5-E61-T01,87515-LDB5-E61-T01 DRIVE WARNING LIST ON-ROAD,Pe comanda,Marfuri gestiune 1 firma,1,BUC,3.46,4.12,,EUR,21,Actibild atentionare
00446190,87517-LBA7-E00-T01,87517-LBA7-E00-T01 CAUTION DRIVE AGE,Pe comanda,Marfuri gestiune 1 firma,1,BUC,0,0,,EUR,21,
00448693,87517-LDB5-E01-T01,87517-LDB5-E01-T01 MV7308 STICKER INFO,Pe comanda,Marfuri gestiune 1 firma,0,BUC,0,0,,EUR,21,
00449911,87517-LDB5-E60-T01,87517-LDB5-E60-T01 WARNING DRIVE AGE 16,Pe comanda,Marfuri gestiune 1 firma,1,BUC,2.69,3.2,,EUR,21,Actibild varsta 16 ani
00447497,87532-LBE8-900,87532-LBE8-900 STRIPE KYMCO,Pe comanda,Marfuri gestiune 1 firma,0,BUC,0,0,,EUR,21,
00447705,87532-LBE8-900-T03,87532-LBE8-900-T03 STRIPE KYMCO,Pe comanda,Marfuri gestiune 1 firma,1,BUC,0,0,,EUR,21,
00448683,87532-LCA5-900-T02,87532-LCA5-900-T02 STRIPE K LOGO,Pe comanda,Marfuri gestiune 1 firma,0,BUC,0,0,,EUR,21,
00449118,87532-LCA5-900-T03,87532-LCA5-900-T03 STRIPE K-LOGO 60MM,Pe comanda,Marfuri gestiune 1 firma,1,BUC,0,0,,EUR,21,
00447498,87532-LCA5-900-T3,87532-LCA5-900-T3 STRIPE K-LOGO 60MM,Pe comanda,Marfuri gestiune 1 firma,0,BUC,0,0,,EUR,21,
00448124,87541-GAR1-E00-T01,87541-GAR1-E00-T01 CAUTION SIDE STAND,Pe comanda,Marfuri gestiune 1 firma,0,BUC,0,0,,EUR,21,
00448885,87541-KKC2-E00-T01,87541-KKC2-E00-T01 CAUTION MOBILE PHONE,Pe comanda,Marfuri gestiune 1 firma,0,BUC,0,0,,EUR,21,
00446724,87542-GAR1-E00-T01,87542-GAR1-E00-T01 MARK MAINT CAUTION,Pe comanda,Marfuri gestiune 1 firma,0,BUC,0,0,,EUR,21,
00445193,87560-GFY6-E00-T01,87560-GFY6-E00-T01 MARK DRIVE CAUTION,Pe comanda,Marfuri gestiune 1 firma,1,BUC,9.9174,12,,EUR,21,Sticker Caution
00448252,87560-LEA7-E00-T01,87560-LEA7-E00-T01 MARK DRIVE CAUTION,Pe comanda,Marfuri gestiune 1 firma,0,BUC,0,0,,EUR,21,
00449795,88110-ACJ1-E00-N1P,88110-ACJ1-E00-N1P MIRROR ASSY R BACK,Pe comanda,Marfuri gestiune 1 firma,0,BUC,0,0,,EUR,21,Oglinda dreapta
00451593,88110-AKB8-E00,88110-AKB8-E00 MIRROR ASSY R,Pe comanda,Marfuri gestiune 1 firma,0,BUC,320.6612,388,,EUR,21,OGLINDA DREAPTA
00446236,88110-KEB7-E00,88110-KEB7-E00 MIRROR ASSY R BACK BLACK,Pe comanda,Marfuri gestiune 1 firma,1,BUC,0,0,,EUR,21,Oglinda dreapta
00446377,88110-KEBE-E00-B4P,88110-KEBE-E00-B4P MIRROR ASSY R BACK,Pe comanda,Marfuri gestiune 1 firma,0,BUC,0,0,,EUR,21,Oglinda dreapta
00446036,88110-KEBE-E00-N8P,88110-KEBE-E00-N8P MIRROR ASSY R BACK,Pe comanda,Marfuri gestiune 1 firma,1,BUC,0,0,,EUR,21,Oglinda dreapta
00447499,88110-KEBE-E00-NFP,88110-KEBE-E00-NFP MIRROR ASSY R BACK,Pe comanda,Marfuri gestiune 1 firma,0,BUC,0,0,,EUR,21,Oglinda dreapta
00449387,88110-KEBE-E00-NJP,88110-KEBE-E00-NJP MIRROR R BACK ASSY,Pe comanda,Marfuri gestiune 1 firma,0,BUC,0,0,,EUR,21,Oglinda dreapta
00447693,88110-KEBE-E00-R1P,88110-KEBE-E00-R1P MIRROR R BACK,Pe comanda,Marfuri gestiune 1 firma,0,BUC,0,0,,EUR,21,Oglinda dreapta
00446059,88110-KEC8-E00,88110-KEC8-E00 MIRROR ASSY R BACK,Pe comanda,Marfuri gestiune 1 firma,1,BUC,0,0,,EUR,21,Oglinda dreapta
00447706,88110-KFA1-900,88110-KFA1-900 MIRROR ASSY R BACK,Pe comanda,Marfuri gestiune 1 firma,0,BUC,0,0,,EUR,21,Oglinda dreapta
00448076,88110-KHC4-C00-F15,88110-KHC4-C00-F15 MIRROR ASSY R BACK,Pe comanda,Marfuri gestiune 1 firma,0,BUC,0,0,,EUR,21,Oglinda dreapta
00446282,88110-KKC3-900-BHP,88110-KKC3-900-BHP MIRROR ASSY R BACK,Pe comanda,Marfuri gestiune 1 firma,0,BUC,0,0,,EUR,21,Oglinda dreapta
00445777,88110-KKC3-900-N8P,88110-KKC3-900-N8P MIRROR ASSY R BACK,Pe comanda,Marfuri gestiune 1 firma,1,BUC,0,0,,EUR,21,Oglinda dreapta - argintiu
00445554,88110-KUDU-E00,88110-KUDU-E00 MIRROR ASSY R BACK,Pe comanda,Marfuri gestiune 1 firma,1,BUC,0,0,,EUR,21,Oglinda dreapta
00449352,88110-KXCX-E00,88110-KXCX-E00 MIRROR ASSY R BACK,Pe comanda,Marfuri gestiune 1 firma,0,BUC,0,0,,EUR,21,Oglinda dreapta
00446701,88110-LBA2-E00-BAP,88110-LBA2-E00-BAP MIRROR ASSY R BACK,Pe comanda,Marfuri gestiune 1 firma,0,BUC,0,0,,EUR,21,Oglinda dreapta
00446483,88110-LBA2-E00-N8P,88110-LBA2-E00-N8P MIRROR ASSY R BACK,Pe comanda,Marfuri gestiune 1 firma,1,BUC,0,0,,EUR,21,Oglinda dreapta
00447428,88110-LBA2-E00-NEP,88110-LBA2-E00-NEP MIRROR ASSY R BACK,Pe comanda,Marfuri gestiune 1 firma,0,BUC,0,0,,EUR,21,Oglinda dreapta
00448822,88110-LBA2-E02-NEP,88110-LBA2-E02-NEP MIRROR ASSY R BACK,Pe comanda,Marfuri gestiune 1 firma,0,BUC,0,0,,EUR,21,Oglinda dreapta
00446410,88110-LBA7-E00,88110-LBA7-E00 MIRROR ASSY R BACK,Marfuri,Marfuri gestiune 1 firma,1,BUC,85.9504,104,,EUR,21,Oglinda dreapta
00445398,88110-LBA8-E80,88110-LBA8-E80 MIRROR R ASSY,Pe comanda,Marfuri gestiune 1 firma,2,BUC,0,0,,EUR,21,Oglinda dreapta
00449407,88110-LBD5-E00,88110-LBD5-E00 MIRROR ASSY R BACK,Pe comanda,Marfuri gestiune 1 firma,0,BUC,0,0,,EUR,21,Oglinda dreapta
00445428,88110-LCB9-C10,88110-LCB9-C10 MIRROR ASSY R BACK,Pe comanda,Marfuri gestiune 1 firma,1,BUC,0,0,,EUR,21,Oglinda dreapta
00449438,88110-LDF3-E01-N1P,88110-LDF3-E01-N1P MIRROR ASSY R BACK,Pe comanda,Marfuri gestiune 1 firma,0,BUC,0,0,,EUR,21,Oglinda dreapta
00448253,88110-LDF3-E01-N8P,88110-LDF3-E01-N8P MIRROR ASSY R BACK,Pe comanda,Marfuri gestiune 1 firma,0,BUC,0,0,,EUR,21,Oglinda dreapta
00446627,88110-LEA5-E00-NEP,88110-LEA5-E00-NEP MIRROR ASSY R BACK,Pe comanda,Marfuri gestiune 1 firma,0,BUC,0,0,,EUR,21,Oglinda dreapta
00451157,88110-LEA7-E00-N1P,88110-LEA7-E00-N1P MIRROR ASSY R,Pe comanda,Marfuri gestiune 1 firma,0,BUC,16,19.04,,EUR,21,Oglinda dreapta
00446498,88110-LEB5-C10-NEP,88110-LEB5-C10-NEP MIRROR ASSY R BACK,Pe comanda,Marfuri gestiune 1 firma,0,BUC,0,0,,EUR,21,Oglinda dreapta
00447173,88110-LEB5-C11-NEP,88110-LEB5-C11-NEP MIRROR ASSY R BACK,Pe comanda,Marfuri gestiune 1 firma,0,BUC,0,0,,EUR,21,Oglinda dreapta
00446160,88110-LEC8-E00-NEP,88110-LEC8-E00-NEP MIRROR ASSY R BACK,Pe comanda,Marfuri gestiune 1 firma,2,BUC,0,0,,EUR,21,Oglinda dreapta
00449119,88110-LEC8-E01-NEP,88110-LEC8-E01-NEP MIRROR ASSY R BACK,Pe comanda,Marfuri gestiune 1 firma,1,BUC,0,0,,EUR,21,Oglinda dreapta
00448363,88110-LFC8-890,88110-LFC8-890 MIRROR ASSY R BACK,Pe comanda,Marfuri gestiune 1 firma,0,BUC,0,0,,EUR,21,Oglinda dreapta
00448012,88110-LKH3-C01,88110-LKH3-C01 MIRROR ASSY R,Pe comanda,Marfuri gestiune 1 firma,0,BUC,0,0,,EUR,21,
00449204,88110-LLB1-E00,88110-LLB1-E00 MIRROR ASSY R BACK,Pe comanda,Marfuri gestiune 1 firma,0,BUC,56.1983,68,,EUR,21,Oglinda dreapta
00451424,88110-YZA6-E00,88110-YZA6-E00 RIGHT MIRROR,Pe comanda,Marfuri gestiune 1 firma,1,BUC,45.4545,55,,EUR,21,Oglinda dreapta
00447694,88114-KEBE-900,88114-KEBE-900 STAY B,Pe comanda,Marfuri gestiune 1 firma,9,BUC,0,0,,EUR,21,Flansa oglinda
00445175,88114-KKC4-900,88114-KKC4-900 STAY MIRROR,Marfuri,Marfuri gestiune 1 firma,0,BUC,37.1901,45,,EUR,21,Flansa oglinda
00446664,88114-LBA2-E00,88114-LBA2-E00 STAY R MIRROR,Pe comanda,Marfuri gestiune 1 firma,0,BUC,0,0,,EUR,21,Flansa oglinda
00447695,88115-KEBE-900,88115-KEBE-900 BASE WASHER R,Pe comanda,Marfuri gestiune 1 firma,1,BUC,0,0,,EUR,21,
00446191,88115-KKC4-900,88115-KKC4-900 PAD R MIRROR,Pe comanda,Marfuri gestiune 1 firma,1,BUC,0,0,,EUR,21,
00445734,88116-KKC4-900,88116-KKC4-900 BASE OF R MIRROR,Pe comanda,Marfuri gestiune 1 firma,6,BUC,0,0,,EUR,21,Baza oglinda dr
00449592,88117-LBA2-E00-N8P,88117-LBA2-E00-N8P COVER R MIRROR,Pe comanda,Marfuri gestiune 1 firma,0,BUC,0,0,,EUR,21,
00446665,88118-LBA2-E00,88118-LBA2-E00 PAD R MIRROR,Pe comanda,Marfuri gestiune 1 firma,1,BUC,0,0,,EUR,21,
00451670,88120-BBD9-EA5,88120-BBD9-EA5 MIRROR ASSY L,Pe comanda,Marfuri gestiune 1 firma,0,BUC,92.562,112,,EUR,21,Oglinda stanga
00446378,88120-KEBE-E00-B4P,88120-KEBE-E00-B4P MIRROR ASSY L BACK,Pe comanda,Marfuri gestiune 1 firma,2,BUC,0,0,,EUR,21,Oglinda stanga
00449710,88120-KEBE-E00-N8P,88120-KEBE-E00-N8P MIRROR ASSY L BACK,Pe comanda,Marfuri gestiune 1 firma,0,BUC,0,0,,EUR,21,Oglinda stanga
00449426,88120-KEBE-E00-NJP,88120-KEBE-E00-NJP MIRROR ASSY L BLACK,Pe comanda,Marfuri gestiune 1 firma,0,BUC,0,0,,EUR,21,Oglinda stanga
00447696,88120-KEBE-E00-R1P,88120-KEBE-E00-R1P MIRROR L BACK ASSY,Pe comanda,Marfuri gestiune 1 firma,0,BUC,0,0,,EUR,21,Oglinda stanga
00446058,88120-KEC8-E00,88120-KEC8-E00 MIRROR ASSY L BACK,Pe comanda,Marfuri gestiune 1 firma,1,BUC,0,0,,EUR,21,Oglinda stanga
00447707,88120-KFA1-900,88120-KFA1-900 MIRROR ASSY L BACK,Pe comanda,Marfuri gestiune 1 firma,0,BUC,0,0,,EUR,21,Oglinda stanga
00447412,88120-KHC6-C00-F1S,88120-KHC6-C00-F1S MIRROR ASSY L BACK,Pe comanda,Marfuri gestiune 1 firma,0,BUC,0,0,,EUR,21,Oglinda stanga
00446860,88120-KKC3-900-BHP,88120-KKC3-900-BHP MIRROR ASSY L BACK,Pe comanda,Marfuri gestiune 1 firma,0,BUC,0,0,,EUR,21,Oglinda stanga
00445778,88120-KKC3-900-N8P,88120-KKC3-900-N8P MIRROR ASSY L BACK,Pe comanda,Marfuri gestiune 1 firma,1,BUC,0,0,,EUR,21,Oglinda stanga
00447697,88120-KKC4-305-BHP,88120-KKC4-305-BHP MIRROR ASSY L BACK,Pe comanda,Marfuri gestiune 1 firma,0,BUC,0,0,,EUR,21,Oglinda stanga
00448402,88120-KKC4-305-N8P,88120-KKC4-305-N8P MIRROR ASSY L BACK,Pe comanda,Marfuri gestiune 1 firma,0,BUC,0,0,,EUR,21,Oglinda stanga
00447158,88120-KKC4-305-NZP,88120-KKC4-305-NZP MIRROR AASY L BACK,Pe comanda,Marfuri gestiune 1 firma,0,BUC,0,0,,EUR,21,Oglinda stanga
00446702,88120-LBA2-E00-BAP,88120-LBA2-E00-BAP MIRROR ASSY L BACK,Pe comanda,Marfuri gestiune 1 firma,2,BUC,0,0,,EUR,21,Oglinda stanga
00446470,88120-LBA2-E00-N8P,88120-LBA2-E00-N8P MIRROR ASSY L BACK,Pe comanda,Marfuri gestiune 1 firma,3,BUC,0,0,,EUR,21,Oglinda stanga
00448821,88120-LBA2-E00-NEP,88120-LBA2-E00-NEP MIRROR ASSY R BACK,Pe comanda,Marfuri gestiune 1 firma,0,BUC,0,0,,EUR,21,Oglinda stanga
00448823,88120-LBA2-E02-NEP,88120-LBA2-E02-NEP MIRROR ASSY R BACK,Pe comanda,Marfuri gestiune 1 firma,0,BUC,0,0,,EUR,21,Oglinda stanga
00446599,88120-LBA7-E00,88120-LBA7-E00 MIRROR ASSY L BACK,Marfuri,Marfuri gestiune 1 firma,1,BUC,85.9504,104,,EUR,21,Oglinda stanga
00445399,88120-LBA8-E80,88120-LBA8-E80 MIRROR L ASSY,Pe comanda,Marfuri gestiune 1 firma,1,BUC,0,0,,EUR,21,Oglinda stanga
00449408,88120-LBD5-E00,88120-LBD5-E00 MIRROR ASSY L BACK,Pe comanda,Marfuri gestiune 1 firma,0,BUC,0,0,,EUR,21,Oglinda stanga
00445429,88120-LCB9-C10,88120-LCB9-C10 MIRROR ASSY L BACK,Pe comanda,Marfuri gestiune 1 firma,2,BUC,0,0,,EUR,21,Oglinda stanga
00449439,88120-LDF3-E01-N1P,88120-LDF3-E01-N1P MIRROR ASSY L BACK,Pe comanda,Marfuri gestiune 1 firma,0,BUC,0,0,,EUR,21,Oglinda stanga
00446626,88120-LEA5-E00-NEP,88120-LEA5-E00-NEP MIRROR ASSY L BACK,Pe comanda,Marfuri gestiune 1 firma,0,BUC,0,0,,EUR,21,Oglinda stanga
00445983,88120-LEB5-C10-NEP,88120-LEB5-C10-NEP MIRROR ASSY L BACK,Pe comanda,Marfuri gestiune 1 firma,2,BUC,0,0,,EUR,21,Oglinda stanga
00447174,88120-LEB5-C11-NEP,88120-LEB5-C11-NEP MIRROR ASSY L BACK,Pe comanda,Marfuri gestiune 1 firma,0,BUC,0,0,,EUR,21,Oglinda stanga
00446133,88120-LEC8-E00-NEP,88120-LEC8-E00-NEP MIRROR ASSY L BACK,Pe comanda,Marfuri gestiune 1 firma,0,BUC,0,0,,EUR,21,Oglinda stanga
00450545,88120-LEC8-E01-NEP,88120-LEC8-E01-NEP MIRROR ASSY L BACK,Pe comanda,Marfuri gestiune 1 firma,0,BUC,30.26,36.01,,EUR,21,Oglinda stanga
00448364,88120-LFC8-890,88120-LFC8-890 MIRROR ASSY L BACK,Pe comanda,Marfuri gestiune 1 firma,1,BUC,0,0,,EUR,21,Oglinda stanga
00450035,88120-LGC6-E00,88120-LGC6-E00 MIRROR ASSY L BACK,Pe comanda,Marfuri gestiune 1 firma,0,BUC,243.697478,290,,EUR,21,Oglinda stanga
00446335,88120-LGR5-E10,88120-LGR5-E10 MIRROR ASSY L,Pe comanda,Marfuri gestiune 1 firma,1,BUC,0,0,,EUR,21,Oglinda stanga
00451228,88120-LKF5-E00-N1P,88120-LKF5-E00-N1P MIRROR ASSY L BACK (BLACK),Pe comanda,Marfuri gestiune 1 firma,0,BUC,37.18,44.24,,EUR,21,Oglinda stanga - negru
00448013,88120-LKH3-C01,88120-LKH3-C01 MIRROR ASSY L,Pe comanda,Marfuri gestiune 1 firma,0,BUC,0,0,,EUR,21,
00449205,88120-LLB1-E00,88120-LLB1-E00 MIRROR ASSY L BACK,Pe comanda,Marfuri gestiune 1 firma,0,BUC,0,0,,EUR,21,
00448526,88122-LDB5-E01-N1R,88122-LDB5-E01-N1R OGLINDA,Pe comanda,Marfuri gestiune 1 firma,1,BUC,0,0,,EUR,21,
00446666,88124-LBA2-E00,88124-LBA2-E00 STAY L MIRROR,Pe comanda,Marfuri gestiune 1 firma,2,BUC,0,0,,EUR,21,
00447159,88125-KKC4-900,88125-KKC4-900 PAD L MIRROR,Pe comanda,Marfuri gestiune 1 firma,0,BUC,0,0,,EUR,21,
00451466,88125-YZA6-E00,88125-YZA6-E00 MOUNTING SCREW SLEEVE UNDER REARVIEW MIRROR,Pe comanda,Marfuri gestiune 1 firma,1,BUC,16.5289,20,,EUR,21,Bucsa surub oglinda
00445652,88126-KKC4-900,88126-KKC4-900 BASE OF L MIRROR,Pe comanda,Marfuri gestiune 1 firma,8,BUC,0,0,,EUR,21,Baza oglinda st
00451467,88126-YZA6-E00,88126-YZA6-E00 MOUNTING SCREW SLEEVE UNDER REARVIEW MIRROR,Pe comanda,Marfuri gestiune 1 firma,1,BUC,16.5289,20,,EUR,21,Bucsa surub oglinda
00446667,88128-LBA2-E00,88128-LBA2-E00 PAD L MIRROR,Pe comanda,Marfuri gestiune 1 firma,1,BUC,0,0,,EUR,21,
00449628,88130-KEBE-900,88130-KEBE-900 BOLT SPECIAL,Pe comanda,Marfuri gestiune 1 firma,0,BUC,0,0,,EUR,21,
00446192,88130-KKC4-900,88130-KKC4-900 BOLT SPECIAL,Pe comanda,Marfuri gestiune 1 firma,1,BUC,0,0,,EUR,21,
00446668,88132-LBA2-E00,88132-LBA2-E00 BOLT SPECIAL M8,Pe comanda,Marfuri gestiune 1 firma,4,BUC,0,0,,EUR,21,
00447698,88135-KEBE-900,88135-KEBE-900 BASE WASHER,Pe comanda,Marfuri gestiune 1 firma,0,BUC,0,0,,EUR,21,
00446193,88135-KKC4-900,88135-KKC4-900 SCREW PAN 5*16,Pe comanda,Marfuri gestiune 1 firma,1,BUC,0,0,,EUR,21,
00447602,88144-LBA2-E00,88144-LBA2-E00 STAY R MIRROR,Pe comanda,Marfuri gestiune 1 firma,1,BUC,0,0,,EUR,21,
00448560,89010-KGB4-C00,89010-KGB4-C00 TOOL SET,Pe comanda,Marfuri gestiune 1 firma,0,BUC,0,0,,EUR,21,
00450837,89010-LBA2-E00,89010-LBA2-E00 TOOL SET,Pe comanda,Marfuri gestiune 1 firma,0,BUC,13.1,15.59,,EUR,21,Set scule
00445779,89010-LDB2-E00,89010-LDB2-E00 TOOL SET,Pe comanda,Marfuri gestiune 1 firma,1,BUC,0,0,,EUR,21,
00448833,89020-KKC4-900,89020-KKC4-900 BAND TOOL SET,Pe comanda,Marfuri gestiune 1 firma,0,BUC,0,0,,EUR,21,
00448225,89105-KED9-900,89105-KED9-900 HOLDER HEX SPANER,Pe comanda,Marfuri gestiune 1 firma,0,BUC,0,0,,EUR,21,
00450913,90001-GBHB-711,90001-GBHB-711 BOLT FLANGE SHF 6*40,Pe comanda,Marfuri gestiune 1 firma,2,BUC,0.39,0.46,,EUR,21,Surub 6*40
00448799,90001-GFY6-901,90001-GFY6-901 BOLT SOCKET,Pe comanda,Marfuri gestiune 1 firma,0,BUC,0,0,,EUR,21,
00448811,90001-GFY6-901,90001-GFY6-901 MS6175 SCREW,Pe comanda,Marfuri gestiune 1 firma,0,BUC,0,0,,EUR,21,
00449136,90001-GKAK-901,90001-GKAK-901 BOLT FLANGE ADJUSTNG,Pe comanda,Marfuri gestiune 1 firma,4,BUC,0,0,,EUR,21,Prezon
00446870,90001-GLW0-90A,90001-GLW0-90A BRG BALL RADIAL 6204,Pe comanda,Marfuri gestiune 1 firma,1,BUC,0,0,,EUR,21,
00450700,90001-LBA2-E00,90001-LBA2-E00 BOLT UBS 8*137,Pe comanda,Marfuri gestiune 1 firma,0,BUC,2.38,2.83,,EUR,21,Surub 8*137
00450221,90005-KEC8-900,90005-KEC8-900 BOLT SPECIAL 6*6,Pe comanda,Marfuri gestiune 1 firma,0,BUC,0.8,0.95,,EUR,21,Surub special 6*6
00451438,90005-KED9-900,90005-KED9-900 BOLT SPECIAL 6*6,Pe comanda,Marfuri gestiune 1 firma,2,BUC,18.1818,22,,EUR,21,Surub special
00450560,90005-KED9-900-MA8296,90005-KED9-900-MA8296 BOLT SPECIAL 6*6,Pe comanda,Marfuri gestiune 1 firma,0,BUC,1.65,1.96,,EUR,21,Surub special 6*6
00445612,9000A-KTDT-900,9000A-KTDT-900 BOLT ASSY SPECIAL,Marfuri,Marfuri gestiune 1 firma,10,BUC,12.3967,15,,EUR,21,Surub special capac
00449804,9000A-KTDT-C03,9000A-KTDT-C03 BOLT ASSY SPECIAL 6X29.5,Pe comanda,Marfuri gestiune 1 firma,20,BUC,0,0,,EUR,21,
00448202,9000A-LEJ2-E10,9000A-LEJ2-E10 BOLT ASSY SPECIAL,Pe comanda,Marfuri gestiune 1 firma,0,BUC,0,0,,EUR,21,
00450273,90012-3C33-001,90012-3C33-001 SCREW TAPPED ADJUSTING,Pe comanda,Marfuri gestiune 1 firma,2,BUC,12.605042,15,,EUR,21,Surub reglaj culbutor
00446004,90012-4E15-001,90012-4E15-001 SCREW TAPPET ADJUSTING,Pe comanda,Marfuri gestiune 1 firma,2,BUC,0,0,,EUR,21,Surub reglaj culbutor
00446411,90014-KED9-900,90014-KED9-900 BOLT UBS 10*35,Pe comanda,Marfuri gestiune 1 firma,1,BUC,0,0,,EUR,21,
00447348,90017-KED9-900,90017-KED9-900 BOLT ASSY HEAD COVER,Pe comanda,Marfuri gestiune 1 firma,4,BUC,0,0,,EUR,21,Surub chiulasa
00450379,90017-KKE5-E00,90017-KKE5-E00 BOLT ASSY HEAD COVER,Pe comanda,Marfuri gestiune 1 firma,0,BUC,3.47,4.13,,EUR,21,Surub capac chiulasa
00447513,90031-KEBE-900,90031-KEBE-900 BOLT A STUD 8MM,Pe comanda,Marfuri gestiune 1 firma,0,BUC,0,0,,EUR,21,
00449642,90031-KUDU-900,90031-KUDU-900 BOLT A STUD 8*200.5,Pe comanda,Marfuri gestiune 1 firma,0,BUC,0,0,,EUR,21,
00449170,90031-LBA2-E00,90031-LBA2-E00 BOLT UBS 10*220,Pe comanda,Marfuri gestiune 1 firma,0,BUC,0,0,,EUR,21,
00449320,90031-LCE6-E80,90031-LCE6-E80 BOLT STUD M7*189*M6,Pe comanda,Marfuri gestiune 1 firma,0,BUC,0,0,,EUR,21,
00447514,90032-KEBE-900,90032-KEBE-900 BOLT B STUD 8MM,Pe comanda,Marfuri gestiune 1 firma,0,BUC,0,0,,EUR,21,
00449643,90032-KUDU-900,90032-KUDU-900 BOLY B STUD 8X208.5,Pe comanda,Marfuri gestiune 1 firma,0,BUC,0,0,,EUR,21,
00449171,90032-LBA2-E00,90032-LBA2-E00 BOLT UBS 10*210,Pe comanda,Marfuri gestiune 1 firma,0,BUC,0,0,,EUR,21,
00449721,90033-0A41-021,90033-0A41-021 BOLT STUD 6*32,Pe comanda,Marfuri gestiune 1 firma,0,BUC,0,0,,EUR,21,
00449722,90033-GFY6-C11,90033-GFY6-C11 BOLT STUD 6*16,Pe comanda,Marfuri gestiune 1 firma,0,BUC,0,0,,EUR,21,
00447175,90081-PWB1-900,90081-PWB1-900 PLUG CASE,Pe comanda,Marfuri gestiune 1 firma,0,BUC,0,0,,EUR,21,
00450810,90084-4H28-001-NJA,90084-4H28-001-NJA CAP A.C.G,Pe comanda,Marfuri gestiune 1 firma,0,BUC,0.86,1.02,,EUR,21,Cap
00448985,9008A-KBE2-900-NEA,9008A-KBE2-900-NEA CAP ASSY 30MM,Pe comanda,Marfuri gestiune 1 firma,0,BUC,0,0,,EUR,21,
00450854,9008A-LBA7-900,9008A-LBA7-900 CAP ASSY R COVER,Pe comanda,Marfuri gestiune 1 firma,0,BUC,2.37,2.82,,EUR,21,Capac
00451522,9008A-PTA1-900-NEA,9008A-PTA1-900-NEA CAP ASSY (MAT BLACK),Pe comanda,Marfuri gestiune 1 firma,1,BUC,33.0579,40,,EUR,21,Capac
00447976,900BA-LCA5-E00,900BA-LCA5-E00 COVER ASSY HOLDER,Pe comanda,Marfuri gestiune 1 firma,1,BUC,0,0,,EUR,21,
00447442,90101-KNBN-200,90101-KNBN-200 BOLT FLANGE,Pe comanda,Marfuri gestiune 1 firma,1,BUC,0,0,,EUR,21,
00447726,90101-LCA5-E00,90101-LCA5-E00 BOLT SOCKET 5*12,Pe comanda,Marfuri gestiune 1 firma,1,BUC,0,0,,EUR,21,
00450924,90101-LEA7-E00,90101-LEA7-E00 BOLT FLANGE SH6*28,Pe comanda,Marfuri gestiune 1 firma,0,BUC,1.11,1.32,,EUR,21,Surub 6*28
00449067,90101-LKF5-E00,90101-LKF5-E00 BOLT FLANGE 10X272,Pe comanda,Marfuri gestiune 1 firma,0,BUC,0,0,,EUR,21,
00449167,90102-GLE0-001,90102-GLE0-001 BOLT HINGE PIVOT,Pe comanda,Marfuri gestiune 1 firma,4,BUC,0,0,,EUR,21,Surub cric
00447676,90102-LEC8-001,90102-LEC8-001 BOLT SPECIAL 5MM,Pe comanda,Marfuri gestiune 1 firma,6,BUC,0,0,,EUR,21,
00447295,90103-LEA7-E00,90103-LEA7-E00 SCREW WASHER SPECIAL,Pe comanda,Marfuri gestiune 1 firma,0,BUC,0,0,,EUR,21,
00449292,90104-LBA7-900,90104-LBA7-900 BOLT WELD 10*25,Pe comanda,Marfuri gestiune 1 firma,0,BUC,0,0,,EUR,21,
00451155,90105-KCR3-001,90105-KCR3-001 BOLT FR DISK 8*24,Pe comanda,Marfuri gestiune 1 firma,0,BUC,1.33,1.58,,EUR,21,Surub disc de frana
00449684,90105-KHB4-900,90105-KHB4-900 BOLT WASH 8*60,Pe comanda,Marfuri gestiune 1 firma,0,BUC,0,0,,EUR,21,
00447554,90105-KKAK-900,90105-KKAK-900 BOLT FLANGE 8*38,Pe comanda,Marfuri gestiune 1 firma,1,BUC,0,0,,EUR,21,
00448226,90105-LBA7-900,90105-LBA7-900 BOLT CONECTOR,Pe comanda,Marfuri gestiune 1 firma,2,BUC,20.6612,25,,EUR,21,Bolt roata
00451247,90105-LDC8-E11,90105-LDC8-E11 SQUARE BOLT M10*50,Pe comanda,Marfuri gestiune 1 firma,0,BUC,2,2.38,,EUR,21,Surub patrat
00451160,90105-LEA7-E00,90105-LEA7-E00 BOLT FR DISK,Pe comanda,Marfuri gestiune 1 firma,0,BUC,2,2.38,,EUR,21,Surub disc de frana
00449705,90105-LFA1-E01,90105-LFA1-E01 MA6076 SCREW M10X355,Pe comanda,Marfuri gestiune 1 firma,0,BUC,0,0,,EUR,21,
00448704,90105-LLB1-900,90105-LLB1-900 BOLT HUB 10*25,Pe comanda,Marfuri gestiune 1 firma,4,BUC,0,0,,EUR,21,
00450580,90105-MLL0-731,90105-MLL0-731 BOLT STEP HOLDER 8*24,Pe comanda,Marfuri gestiune 1 firma,0,BUC,1.21,1.44,,EUR,21,Surub 8*24
00447724,90105-MLLO-731,90105-MLLO-731 BOLT RR DISK 8*24,Pe comanda,Marfuri gestiune 1 firma,0,BUC,0,0,,EUR,21,
00449417,90106-GEN5-901,90106-GEN5-901 BOLT FLANGE 10*50,Pe comanda,Marfuri gestiune 1 firma,0,BUC,0,0,,EUR,21,
00448014,90106-KFC2-900,90106-KFC2-900 BOLT SPECIAL,Pe comanda,Marfuri gestiune 1 firma,0,BUC,0,0,,EUR,21,
00447784,90106-LEA7-E00,90106-LEA7-E00 BOLT FLANGE 15*118,Pe comanda,Marfuri gestiune 1 firma,0,BUC,0,0,,EUR,21,
00445176,90106-LEC8-900,90106-LEC8-900 BOLT SPECIAL M8,Pe comanda,Marfuri gestiune 1 firma,0,BUC,0,0,,EUR,21,
00450382,90106-PWB1-900,90106-PWB1-900 BRAKE DISK BOLT,Pe comanda,Marfuri gestiune 1 firma,0,BUC,2.1,2.5,,EUR,21,Surub disc frana
00451168,90107-LEA7-C01,90107-LEA7-C01 BOLT SPECIAL 8*26,Pe comanda,Marfuri gestiune 1 firma,0,BUC,0.9375,1.12,,EUR,21,Surub special
00445703,90108-KEB7-E00,90108-KEB7-E00 SCREW SIDE STAND PIVOT,Pe comanda,Marfuri gestiune 1 firma,1,BUC,0,0,,EUR,21,
00451415,90108-KFA6-E00,90108-KFA6-E00 SCREW SIDE STAND PIVOT,Pe comanda,Marfuri gestiune 1 firma,1,BUC,1.75,1.75,,EUR,21,Surub cric lateral
00446305,90110-GLW0-001,90110-GLW0-001 SCREW SPECIAL 6*14,Pe comanda,Marfuri gestiune 1 firma,0,BUC,0,0,,EUR,21,
00446088,90110-KEB7-900,90110-KEB7-900 SCREW SPECIAL 6*14,Pe comanda,Marfuri gestiune 1 firma,1,BUC,0,0,,EUR,21,
00445349,90110-KEBE-900,90110-KEBE-900 SCREW SPECIAL 6*22,Pe comanda,Marfuri gestiune 1 firma,1,BUC,0,0,,EUR,21,
00446161,90110-KED9-900,90110-KED9-900 SCREW PAN 6*18,Pe comanda,Marfuri gestiune 1 firma,6,BUC,0,0,,EUR,21,
00450631,90110-KHD8-900,90110-KHD8-900 SCREW SPECIAL 6X20,Pe comanda,Marfuri gestiune 1 firma,4,BUC,0.39,0.46,,EUR,21,Surub special 6*20
00451388,90110-LCD4-E00,90110-LCD4-E00 BOLT,Pe comanda,Marfuri gestiune 1 firma,0,BUC,0.5025,0.61,,EUR,21,Surub
00446162,90110-LLB1-800,90110-LLB1-800 SCREW SPECIAL 6*16,Pe comanda,Marfuri gestiune 1 firma,1,BUC,0,0,,EUR,21,
00448048,90110-PWB1-900,90110-PWB1-900 SCREW SPECIAL 6*20,Pe comanda,Marfuri gestiune 1 firma,0,BUC,0,0,,EUR,21,
00446497,90111-1G87-00A,90111-1G87-00A BOLT FLANGE 6MM,Pe comanda,Marfuri gestiune 1 firma,1,BUC,0,0,,EUR,21,
00446194,90111-KED9-900,90111-KED9-900 SCREW PAN 6*14,Pe comanda,Marfuri gestiune 1 firma,6,BUC,0,0,,EUR,21,
00447349,90112-KNBN-901,90112-KNBN-901 BOLT FLANGE 6MM,Pe comanda,Marfuri gestiune 1 firma,0,BUC,0,0,,EUR,21,
00446475,90112-LBD4-800,90112-LBD4-800 BOLT DISK,Pe comanda,Marfuri gestiune 1 firma,2,BUC,0,0,,EUR,21,
00446837,90113-4B22-001,90113-4B22-001 BOLT L STRG HANDLE LEVER PIVOT,Pe comanda,Marfuri gestiune 1 firma,0,BUC,0,0,,EUR,21,
00447785,90113-KKA8-900,90113-KKA8-900 BOLT L STEERING HANDLE,Pe comanda,Marfuri gestiune 1 firma,0,BUC,18.1818,22,,EUR,21,Surub
00447067,90114-1F66-007,90114-1F66-007 BOLT HANDLE LEVER,Pe comanda,Marfuri gestiune 1 firma,0,BUC,0,0,,EUR,21,
00446838,90114-KED9-900,90114-KED9-900 SCREW PAN 6*12,Pe comanda,Marfuri gestiune 1 firma,0,BUC,0,0,,EUR,21,
00445735,90115-GLE0-001,90115-GLE0-001 BOLT HANDLE LEVER PIVOT,Pe comanda,Marfuri gestiune 1 firma,1,BUC,0,0,,EUR,21,
00445243,90116-KED9-900,90116-KED9-900 BOLT FLANGE 6*24,Pe comanda,Marfuri gestiune 1 firma,3,BUC,0,0,,EUR,21,
00447786,90117-KED9-900,90117-KED9-900 BOLT FLANGER 0*265,Pe comanda,Marfuri gestiune 1 firma,0,BUC,0,0,,EUR,21,
00446089,90121-KBE2-981,90121-KBE2-981 BOLT RR FORK PIVOT,Pe comanda,Marfuri gestiune 1 firma,1,BUC,0,0,,EUR,21,
00451511,90121-KBE2-C01,90121-KBE2-C01 BOLT RR FORK PIVOT,Pe comanda,Marfuri gestiune 1 firma,1,BUC,53.719,65,,EUR,21,Ax roata fata
00445301,90121-LBA7-900,90121-LBA7-900 BOLT RR FORK PIVOT,Marfuri,Marfuri gestiune 1 firma,1,BUC,0,0,,EUR,21,Ax bascula
00450111,90122-LCD9-E00,90122-LCD9-E00 FORK PIVOT BOLT RH,Pe comanda,Marfuri gestiune 1 firma,0,BUC,6.09,7.25,,EUR,21,Surub bascula dr
00448386,90123-LCD9-E00,90123-LCD9-E00 FORKO PIVOT NUT LOCK,Pe comanda,Marfuri gestiune 1 firma,0,BUC,0,0,,EUR,21,
00447160,90128-KEC8-900,90128-KEC8-900 PIN SPRKT FIX,Pe comanda,Marfuri gestiune 1 firma,0,BUC,0,0,,EUR,21,
00449121,90128-KEC8-900,90128-KEC8-900 PIN SPRKT FIX MX3155,Pe comanda,Marfuri gestiune 1 firma,0,BUC,0,0,,EUR,21,
00449028,90133-LLB1-900,90133-LLB1-900 WASHER BOLT SEAT,Pe comanda,Marfuri gestiune 1 firma,0,BUC,9.9174,12,,EUR,21,Saiba
00447068,90145-MKS9-61A,90145-MKS9-61A OIL BOLT 10*22,Pe comanda,Marfuri gestiune 1 firma,2,BUC,0,0,,EUR,21,
00449574,90201-GFY6-901,90201-GFY6-901 NUT LOCK 22MM,Pe comanda,Marfuri gestiune 1 firma,0,BUC,0,0,,EUR,21,
00448520,90201-KGB4-C00,90201-KGB4-C00 NUT CAP 7MM,Pe comanda,Marfuri gestiune 1 firma,0,BUC,0,0,,EUR,21,
00446459,90201-KHE7-900,90201-KHE7-900 NUT C FLANGE M12,Pe comanda,Marfuri gestiune 1 firma,1,BUC,0,0,,EUR,21,
00450483,90201-KHE7-C00,90201-KHE7-C00 NUT C FLANCE M12,Pe comanda,Marfuri gestiune 1 firma,1,BUC,0.94,1.12,,EUR,21,Piulita M12
00446460,90201-KHR8-75A,90201-KHR8-75A NUT FLANGE 14MM,Marfuri,Marfuri gestiune 1 firma,2,BUC,0,0,,EUR,21,Piulita variator
00449862,90201-KHR8-C00,90201-KHR8-C00 NUT FLANGE 14MM,Pe comanda,Marfuri gestiune 1 firma,0,BUC,0.78,0.93,,EUR,21,
00450739,90201-KHR8-C01,90201-KHR8-C01 NUT FLANGE 14MM,Pe comanda,Marfuri gestiune 1 firma,2,BUC,18.1818,22,,EUR,21,Piulita 14mm
00446839,90201-LBA2-E00,90201-LBA2-E00 NUT STRG STEM,Pe comanda,Marfuri gestiune 1 firma,0,BUC,0,0,,EUR,21,
00450546,90201-PHB8-001,90201-PHB8-001 NUT COMPRESSOR FLANGE 12MM,Pe comanda,Marfuri gestiune 1 firma,0,BUC,0.93,1.11,,EUR,21,Piulita guler 12mm
00446923,90202-1G87-001,90202-1G87-001 SPECIAL NUT 28MM,Marfuri,Marfuri gestiune 1 firma,4,BUC,18.1818,22,,EUR,21,Piulita ambreaj
00449955,90202-1G87-001,90202-1G87-001 - 15000 SPECIAL NUT 28MM,Pe comanda,Marfuri gestiune 1 firma,1,BUC,0.88,1.05,,EUR,21,Piulita aftermarket
00450715,90202-LDB5-E00,90202-LDB5-E00 NUT SPECIAL 36 MM,Pe comanda,Marfuri gestiune 1 firma,0,BUC,2.4,2.86,,EUR,21,Piulita 26mm
00448496,90202-LEA7-E00,90202-LEA7-E00 NUT SPECIAL 28MM,Pe comanda,Marfuri gestiune 1 firma,0,BUC,0,0,,EUR,21,
00447150,90203-LDB5-E00,90203-LDB5-E00 NUT SPECIAL 20MM,Pe comanda,Marfuri gestiune 1 firma,0,BUC,0,0,,EUR,21,Piulita speciala 20mm
00446840,90205-LBA2-E00,90205-LBA2-E00 NUT FLANGE 18MM,Pe comanda,Marfuri gestiune 1 firma,0,BUC,0,0,,EUR,21,
00447397,90205-LDB5-E00,90205-LDB5-E00 NUT FLANGE 16MM,Pe comanda,Marfuri gestiune 1 firma,0,BUC,0,0,,EUR,21,
00450272,90206-0A01-001,90206-0A01-001 NUT TAPPET ADJUSTING,Pe comanda,Marfuri gestiune 1 firma,0,BUC,8.403361,10,,EUR,21,Piulita reglaj culbutor
00447350,90206-0A01-C00,90206-0A01-C00 NUT TAPPET ADJUSTING,Marfuri,Marfuri gestiune 1 firma,2,BUC,12.3967,15,,EUR,21,Piulita reglaj culbutor
00449893,90206-2L50-001,90206-2L50-001 NUT TAPPED ADJUSTING,Pe comanda,Marfuri gestiune 1 firma,2,BUC,0.8,0.95,,EUR,21,PIULITA SUPAPE
00446841,90215-GLM0-910,90215-GLM0-910 NUT CAP 6MM,Pe comanda,Marfuri gestiune 1 firma,0,BUC,0,0,,EUR,21,
00446195,90215-KKC4-900,90215-KKC4-900 NUT CAP 6MM,Pe comanda,Marfuri gestiune 1 firma,3,BUC,0,0,,EUR,21,
00448570,90231-0G87-C00,90231-0G87-C00 NUT LOCK B 14MM,Pe comanda,Marfuri gestiune 1 firma,0,BUC,0,0,,EUR,21,
00447141,90231-KEC2-900,90231-KEC2-900 NUT LOCK 16MM,Pe comanda,Marfuri gestiune 1 firma,1,BUC,0,0,,EUR,21,
00445926,90242-LDB5-E00,90242-LDB5-E00 NUT LOCK 70MM,Pe comanda,Marfuri gestiune 1 firma,1,BUC,0,0,,EUR,21,
00449168,90301-4C73-004,90301-4C73-004 NUT U 6MM,Pe comanda,Marfuri gestiune 1 firma,6,BUC,0,0,,EUR,21,Piulita surub cric
00450410,90301-4C73-C01,90301-4C73-C01 NUT U 6MM,Pe comanda,Marfuri gestiune 1 firma,0,BUC,0.5,0.6,,EUR,21,Piulita U 6mm
00451282,90301-6D34-671,90301-6D34-671 NUT FLANGE 6MM,Pe comanda,Marfuri gestiune 1 firma,1,BUC,1,1.19,,EUR,21,Piulita 6mm
00450925,90301-GFY6-901,90301-GFY6-901 NUT (HEX) CAP 8MM,Pe comanda,Marfuri gestiune 1 firma,0,BUC,1.51,1.8,,EUR,21,Piulita 8mm
00447231,90301-KGBG-900,90301-KGBG-900 NUT CAP 6MM,Pe comanda,Marfuri gestiune 1 firma,0,BUC,0,0,,EUR,21,
00446472,90301-LBA7-900,90301-LBA7-900 NUT WHEEL,Pe comanda,Marfuri gestiune 1 firma,27,BUC,0,0,,EUR,21,Piulita roata
00451241,90301-LDB5-E00,90301-LDB5-E00 NUT WHEEL,Pe comanda,Marfuri gestiune 1 firma,0,BUC,45,45,,EUR,21,Piulita roata
00450989,90302-GBR2-001,90302-GBR2-001 BOLT WASHER 5*16,Pe comanda,Marfuri gestiune 1 firma,0,BUC,0.93,1.11,,EUR,21,Surub 5*16
00446583,90302-GFY6-901,90302-GFY6-901 BOLT WASH 5*12,Pe comanda,Marfuri gestiune 1 firma,0,BUC,9.9174,12,,EUR,21,Surub 5*12
00447351,90302-GFY6-940,90302-GFY6-940 BOLT WASHER 5*16,Pe comanda,Marfuri gestiune 1 firma,0,BUC,12.3967,15,,EUR,21,Surub 5*16
00446756,90302-LLB1-E00,90302-LLB1-E00 BOLT WASHER 5*12,Pe comanda,Marfuri gestiune 1 firma,0,BUC,0,0,,EUR,21,
00446163,90302-SDA4-004,90302-SDA4-004 NUT SPRING 4MM,Pe comanda,Marfuri gestiune 1 firma,1,BUC,0,0,,EUR,21,
00449723,90304-4H38-001,90304-4H38-001 NUT HEX CAP 6MM,Pe comanda,Marfuri gestiune 1 firma,0,BUC,0,0,,EUR,21,
00449418,90304-GHE8-004,90304-GHE8-004 NUT U 10MM,Pe comanda,Marfuri gestiune 1 firma,0,BUC,0,0,,EUR,21,
00448715,90304-GLW0-90A,90304-GLW0-90A NUT FLANGE 10MM,Pe comanda,Marfuri gestiune 1 firma,0,BUC,0,0,,EUR,21,
00445302,90305-GHE8-004,90305-GHE8-004 NUT U 14 MM,Marfuri,Marfuri gestiune 1 firma,1,BUC,0,0,,EUR,21,Piulita ax bascula
00448095,90305-GHK8-001,90305-GHK8-001 NUT CLIP 6MM,Pe comanda,Marfuri gestiune 1 firma,0,BUC,0,0,,EUR,21,
00448227,90305-KFW6-91A,90305-KFW6-91A NUT FLANGE 16MM,Pe comanda,Marfuri gestiune 1 firma,0,BUC,0,0,,EUR,21,
00446486,90305-KNBN-90B,90305-KNBN-90B NUT FLANGE 16MM,Pe comanda,Marfuri gestiune 1 firma,0,BUC,0,0,,EUR,21,Piulita guler 16mm
00447591,90305-LBA2-E00,90305-LBA2-E00 NUT CLIP 6MM,Pe comanda,Marfuri gestiune 1 firma,1,BUC,0,0,,EUR,21,
00447410,90305-LBD4-900,90305-LBD4-900 NUT U 14MM,Pe comanda,Marfuri gestiune 1 firma,0,BUC,0,0,,EUR,21,
00451592,90305-MAA1-004,90305-MAA1-004 U NUT FLANGE 14MM,Pe comanda,Marfuri gestiune 1 firma,0,BUC,20.6612,25,,EUR,21,Piulita 14 mm
00446489,90306-GLW0-90A,90306-GLW0-90A NUT U FLANGE 12MM,Pe comanda,Marfuri gestiune 1 firma,1,BUC,0,0,,EUR,21,Piulita guler 12mm
00446090,90306-KLF0-901,90306-KLF0-901 NUT FLANGR 12MM,Pe comanda,Marfuri gestiune 1 firma,1,BUC,0,0,,EUR,21,
00445555,90306-LCD9-E00,90306-LCD9-E00 NUT U 20MM,Pe comanda,Marfuri gestiune 1 firma,1,BUC,18.1818,22,,EUR,21,Piulita 20 mm
00448170,90311-LCD9-E00,90311-LCD9-E00 SHIM DRIVE BEVEL GEAR,Pe comanda,Marfuri gestiune 1 firma,0,BUC,0,0,,EUR,21,
00451207,90311-LDB5-E00,90311-LDB5-E00 SHIM BEVEL GEAR A (0.6),Pe comanda,Marfuri gestiune 1 firma,0,BUC,1.42,1.69,,EUR,21,Saiba distantiera
00449321,90313-LDB5-E00,90313-LDB5-E00 SHIM FINAL BEVL GEAR,Pe comanda,Marfuri gestiune 1 firma,0,BUC,0,0,,EUR,21,
00446237,90314-LCD9-E00,90314-LCD9-E00 SHIM DRIVE BEVEL GEAR D 0.75MM,Pe comanda,Marfuri gestiune 1 firma,1,BUC,0,0,,EUR,21,
00448856,90315-LCD9-E00,"90315-LCD9-E00 SHIM DRIVE BEVEL GEAR 0.3,,MM",Pe comanda,Marfuri gestiune 1 firma,0,BUC,0,0,,EUR,21,
00451229,90315-LDB5-E00,90315-LDB5-E00 SHIM DRIVE BEVEL GEAR E (0.775~0.825),Pe comanda,Marfuri gestiune 1 firma,0,BUC,2,2,,EUR,21,
00446238,90316-LCD9-E00,90316-LCD9-E00 SHIM DRIVE BEVEL GEAR F 0.85MM,Pe comanda,Marfuri gestiune 1 firma,1,BUC,0,0,,EUR,21,
00449322,90316-LDB5-E00,90316-LDB5-E00 SHIM FINAL BEVEL GEAR F,Pe comanda,Marfuri gestiune 1 firma,0,BUC,0,0,,EUR,21,
00450484,90317-LCD9-E00,90317-LCD9-E00 SHIM DRIVE BEVEL GEAR G 0.9MM,Pe comanda,Marfuri gestiune 1 firma,0,BUC,1.42,1.69,,EUR,21,Saiba 0.9mm
00449323,90319-LDB5-E00,90319-LDB5-E00 SHIM GEAR BEVEL I (1.0),Pe comanda,Marfuri gestiune 1 firma,0,BUC,0,0,,EUR,21,Saiba distantiera
00451169,90319-LDB5-E00,90319-LDB5-E00 SHIM GEAR BEVEL I (1.0),Pe comanda,Marfuri gestiune 1 firma,1,BUC,1.42,1.69,,EUR,21,
00451230,90320-LDB5-E00,90320-LDB5-E00 SHIM DRIVE BEVEL GEAR J (1.025~1.075),Pe comanda,Marfuri gestiune 1 firma,0,BUC,2,2,,EUR,21,
00451004,90321-KKAK-900,90321-KKAK-900 NUT FIXING,Pe comanda,Marfuri gestiune 1 firma,0,BUC,0.93,1.11,,EUR,21,
00450632,90321-LLB1-810,90321-LLB1-810 NUT FIXING,Pe comanda,Marfuri gestiune 1 firma,0,BUC,0.94,1.12,,EUR,21,Piulita fixare
00449324,90322-LDB5-E00,90322-LDB5-E00 SHIM BEVEL GEAR L (1.15),Pe comanda,Marfuri gestiune 1 firma,0,BUC,0,0,,EUR,21,Saiba distantiera
00450485,90331-LCD9-E00,90331-LCD9-E00 SHIM DRIVEN BEVEL GEAR A 0.6MM,Pe comanda,Marfuri gestiune 1 firma,0,BUC,1.42,1.69,,EUR,21,Saiba 0.6mm
00450557,90332-LCD9-E00,90332-LCD9-E00 SHIM DRIVEN BEVEL GEAR B,Pe comanda,Marfuri gestiune 1 firma,0,BUC,0.3,0.36,,EUR,21,Saiba distantier B
00450486,90337-LCD9-E00,90337-LCD9-E00 SHIM DRIVEN BEVEL GEAR G 0.9MM,Pe comanda,Marfuri gestiune 1 firma,0,BUC,1.42,1.69,,EUR,21,Saiba 0.9mm
00448521,90401-KGB4-C00,90401-KGB4-C00 WASHER 17.4MM,Pe comanda,Marfuri gestiune 1 firma,0,BUC,0,0,,EUR,21,
00446989,90401-KKJ9-001,90401-KKJ9-001 WASHER THRUST 14*28*2,Pe comanda,Marfuri gestiune 1 firma,0,BUC,0,0,,EUR,21,
00449042,90401-LEA7-E00,90401-LEA7-E00 WASHER THRUST 14-28*2,Pe comanda,Marfuri gestiune 1 firma,0,BUC,0,0,,EUR,21,
00449398,90402-LBA2-E00,90402-LBA2-E00 WASHER THRUST 46*80*1.5,Pe comanda,Marfuri gestiune 1 firma,0,BUC,0,0,,EUR,21,
00450915,90402-LEA7-E00,90402-LEA7-E00 THRUST WASHER 36X60X3,Pe comanda,Marfuri gestiune 1 firma,0,BUC,0.99,1.18,,EUR,21,Saiba putere
00451357,90403-GFY6-C00,90403-GFY6-C00 WASHER THRUST 22. 2*31*2.5,Pe comanda,Marfuri gestiune 1 firma,0,BUC,0.54,0.65,,EUR,21,Saiba 22.2*31*2.5
00449575,90403-KUDU-900,90403-KUDU-900 WASHERR TRHURST 22.2*39*2.5,Pe comanda,Marfuri gestiune 1 firma,0,BUC,0,0,,EUR,21,
00449576,90403-LCD9-E00,90403-LCD9-E00 WASHER THRUST 20MM,Pe comanda,Marfuri gestiune 1 firma,0,BUC,0,0,,EUR,21,
00447761,90403-LEA7-E00,90403-LEA7-E00 WASHER THRUST 20.2*35*2.35,Pe comanda,Marfuri gestiune 1 firma,1,BUC,0,0,,EUR,21,
00447843,90404-PWA1-E00,90404-PWA1-E00 WASHER THRUST,Pe comanda,Marfuri gestiune 1 firma,1,BUC,19.0083,23,,EUR,21,Saiba putere
00448978,90405-LDB5-E00,90405-LDB5-E00 WASHER,Pe comanda,Marfuri gestiune 1 firma,0,BUC,0,0,,EUR,21,
00448979,90406-LDB5-E00,90406-LDB5-E00 WASHER 25*33*4,Pe comanda,Marfuri gestiune 1 firma,0,BUC,0,0,,EUR,21,
00448684,90411-KAM1-001,90411-KAM1-001 WASHER THRUST 14X3X1,Pe comanda,Marfuri gestiune 1 firma,0,BUC,0,0,,EUR,21,
00450760,90412-3K29-001,90412-3K29-001 WASHER THRUST 10MM,Pe comanda,Marfuri gestiune 1 firma,0,BUC,0.6,0.71,,EUR,21,Saiba 10mm
00445676,90423-KKJ9-001,90423-KKJ9-001 WASHER 7.2*13*1.2,Pe comanda,Marfuri gestiune 1 firma,4,BUC,0,0,,EUR,21,
00450184,90428-9H58-001,90428-9H58-001 WASHER 14MM,Pe comanda,Marfuri gestiune 1 firma,1,BUC,0.86,1.02,,EUR,21,Saiba 14mm
00450267,90429-KNBN-901,90429-KNBN-901 WASHER SIDE 12MM,Pe comanda,Marfuri gestiune 1 firma,0,BUC,0.72,0.86,,EUR,21,Saiba 12mm
00450287,90432-KFA5-900,90432-KFA5-900 WASHER LOCK,Pe comanda,Marfuri gestiune 1 firma,0,BUC,0.67,0.8,,EUR,21,Saiba
00447736,90432-LBA7-900,90432-LBA7-900 WASHER LOCK,Pe comanda,Marfuri gestiune 1 firma,0,BUC,0,0,,EUR,21,
00448810,90441-KDY4-901,90441-KDY4-901 MV0315 RETAINING SHEET FOR BEARING,Pe comanda,Marfuri gestiune 1 firma,0,BUC,0,0,,EUR,21,
00448592,90441-LBA7-900,90441-LBA7-900 PLATE BRG HOLDER,Pe comanda,Marfuri gestiune 1 firma,0,BUC,0,0,,EUR,21,
00449586,90441-LDE9-E00,90441-LDE9-E00 MV2165 LOCKING SHIFT,Pe comanda,Marfuri gestiune 1 firma,0,BUC,0,0,,EUR,21,
00448729,90441-PWA1-E00,90441-PWA1-E00 PLATE BRG HOLD,Pe comanda,Marfuri gestiune 1 firma,0,BUC,11.5702,14,,EUR,21,Placuta fixare
00448724,90446-3G57-001,90446-3G57-001 WASHER TRUST,Pe comanda,Marfuri gestiune 1 firma,0,BUC,0,0,,EUR,21,
00451235,90446-PWB1-900,90446-PWB1-900 WASHER 25X32X1,Pe comanda,Marfuri gestiune 1 firma,0,BUC,0.5,0.6,,EUR,21,Saiba
00445704,90447-KED9-900,90447-KED9-900 WASHER THRUST 17.5MM,Pe comanda,Marfuri gestiune 1 firma,1,BUC,0,0,,EUR,21,
00445927,90451-GBN2-601,90451-GBN2-601 WASHER KICK SPINDLE,Marfuri,Marfuri gestiune 1 firma,5,BUC,9.9174,12,,EUR,21,Saiba capac variator
00446805,90451-LBA7-900,90451-LBA7-900 WASHER THRUST 20MM,Pe comanda,Marfuri gestiune 1 firma,0,BUC,17.3554,21,,EUR,21,Saiba 20mm
00450691,90451-LBA7-900-MV1267,90451-LBA7-900-MV1267 WASHER,Pe comanda,Marfuri gestiune 1 firma,0,BUC,1.65,1.96,,EUR,21,Saiba
00446798,90451-LCD9-E00,90451-LCD9-E00 WASHER THRUST 17.5,Pe comanda,Marfuri gestiune 1 firma,0,BUC,0,0,,EUR,21,Saiba 17.5
00446476,90451-LDE9-E00,90451-LDE9-E00 WASHER THRUST 30*20*3,Pe comanda,Marfuri gestiune 1 firma,2,BUC,0,0,,EUR,21,
00447864,90452-KED9-900,90452-KED9-900 WASHER 25*31*1.5,Pe comanda,Marfuri gestiune 1 firma,0,BUC,0,0,,EUR,21,
00446807,90452-LBA7-900,90452-LBA7-900 WASHER THRUST 25MM,Pe comanda,Marfuri gestiune 1 firma,1,BUC,0,0,,EUR,21,Saiba 25mm
00447398,90452-LDB5-E00,90452-LDB5-E00 WASHER THRUST 20*63*3,Pe comanda,Marfuri gestiune 1 firma,0,BUC,0,0,,EUR,21,
00450234,90454-1G07-001,90454-1G07-001 WASHER THRUST 20MM B,Pe comanda,Marfuri gestiune 1 firma,0,BUC,0.19,0.23,,EUR,21,Saiba
00447373,90454-1G07-C00,90454-1G07-C00 WASHER THRUST 20MM,Pe comanda,Marfuri gestiune 1 firma,0,BUC,11.5702,14,,EUR,21,Saiba
00451237,90454-KED9-900,90454-KED9-900 WASHER THRUST 20*1 VENOX250,Pe comanda,Marfuri gestiune 1 firma,0,BUC,0.5,0.6,,EUR,21,
00446802,90455-LBA7-900,90455-LBA7-900 WASHER SPLINE,Pe comanda,Marfuri gestiune 1 firma,0,BUC,0,0,,EUR,21,
00447798,90455-LDE9-E00,90455-LDE9-E00 WASHER SPLINE 20MM,Pe comanda,Marfuri gestiune 1 firma,2,BUC,0,0,,EUR,21,
00446795,90455-PWA1-E00,90455-PWA1-E00 WASHER SPLINE 25*31*1.6,Pe comanda,Marfuri gestiune 1 firma,2,BUC,11.5702,14,,EUR,21,Saiba canelata
00449000,90458-LBA7-E00,90458-LBA7-E00 THRUST WASHER 8MM,Pe comanda,Marfuri gestiune 1 firma,0,BUC,0,0,,EUR,21,
00451236,90459-PWB1-900,90459-PWB1-900 WASHER 12X2X1,Pe comanda,Marfuri gestiune 1 firma,0,BUC,0.5,0.6,,EUR,21,Saiba
00450746,90465-MDC4-001,90465-MDC4-001 WASHER 8MM,Pe comanda,Marfuri gestiune 1 firma,0,BUC,0.35,0.42,,EUR,21,Saiba 8mm
00450665,90474-3C33-C00,90474-3C33-C00 WASHER 8MM,Pe comanda,Marfuri gestiune 1 firma,0,BUC,0.61,0.73,,EUR,21,Saiba 8mm
00446924,90478-7L00-001,90478-7L00-001 WASHER 6MM,Pe comanda,Marfuri gestiune 1 firma,0,BUC,0,0,,EUR,21,
00447542,90481-0E35-001,90481-0E35-001 WASHER 8MM,Pe comanda,Marfuri gestiune 1 firma,1,BUC,0,0,,EUR,21,
00450404,90488-7L00-001,90488-7L00-001 WASHER A 8MM,Pe comanda,Marfuri gestiune 1 firma,0,BUC,0.39,0.46,,EUR,21,Saiba 8mm
00449265,90501-LBA7-900,90501-LBA7-900 WASHER THRUST 16MM,Pe comanda,Marfuri gestiune 1 firma,1,BUC,0,0,,EUR,21,
00449754,90501-LCA4-E00,90501-LCA4-E00 WASHER 14MM,Pe comanda,Marfuri gestiune 1 firma,0,BUC,0,0,,EUR,21,
00447016,90502-LBA8-C10,90502-LBA8-C10 RECTANGULAR RING,Pe comanda,Marfuri gestiune 1 firma,0,BUC,0,0,,EUR,21,
00446990,90503-LEA7-E00,90503-LEA7-E00 WASHER STRG STEM NUT,Pe comanda,Marfuri gestiune 1 firma,1,BUC,0,0,,EUR,21,
00451082,90503-YZA6-E00,90503-YZA6-E00 INSURANCE FILM,Pe comanda,Marfuri gestiune 1 firma,0,BUC,9.9174,12,,EUR,21,Saiba sigurantare
00450185,90521-0H28-001,90521-0H28-001 DIA WASHER 17*22,Pe comanda,Marfuri gestiune 1 firma,0,BUC,0.39,0.46,,EUR,21,Saiba
00447620,90521-GFY6-950,90521-GFY6-950 DRAIN COCK PACKING,Pe comanda,Marfuri gestiune 1 firma,0,BUC,0,0,,EUR,21,
00447959,90521-OH28-001,90521-OH28-001 DIA WASHER 17*22,Pe comanda,Marfuri gestiune 1 firma,0,BUC,0,0,,EUR,21,
00446336,9052A-GFY6-950,9052A-GFY6-950 BOLT ASSY DRAIN PLUG,Pe comanda,Marfuri gestiune 1 firma,1,BUC,18.1818,22,,EUR,21,Surub scurgere
00448522,9052A-KGB4-C00,9052A-KGB4-C00 BO;T ASSY DRAIN PLUG,Pe comanda,Marfuri gestiune 1 firma,0,BUC,0,0,,EUR,21,
00446991,9052A-LEB1-900,9052A-LEB1-900 BOLT ASSY,Pe comanda,Marfuri gestiune 1 firma,2,BUC,0,0,,EUR,21,
00451330,9052A-PUA3-B50,9052A-PUA3-B50 BOLT ASSY DRAIN PLUG 12*15,Pe comanda,Marfuri gestiune 1 firma,0,BUC,1.41,1.71,,EUR,21,Surub drenare
00447116,90541-KED9-900,90541-KED9-900 RUBBER MOUNTING,Pe comanda,Marfuri gestiune 1 firma,0,BUC,0,0,,EUR,21,
00448001,90544-KEC8-900,90544-KEC8-900 PACKING,Pe comanda,Marfuri gestiune 1 firma,0,BUC,18.1818,22,,EUR,21,Saiba
00450950,90544-LDC8-E10,90544-LDC8-E10 PACKING B,Pe comanda,Marfuri gestiune 1 firma,0,BUC,3.2533,3.87,,EUR,21,Protectie
00447069,90545-3L00-001,90545-3L00-001 WASHER OIL BOLT,Pe comanda,Marfuri gestiune 1 firma,12,BUC,0,0,,EUR,21,
00449019,90601-LLJ3-E00,90601-LLJ3-E00 RING OIL SEAL STOPPER,Pe comanda,Marfuri gestiune 1 firma,0,BUC,0,0,,EUR,21,
00451529,90605-1F66-721,90605-1F66-721 CIR CLIP 7 MM,Pe comanda,Marfuri gestiune 1 firma,0,BUC,7.438,9,,EUR,21,Siguranta 7mm
00445705,90605-KED9-900,90605-KED9-900 SET RING 28MM,Pe comanda,Marfuri gestiune 1 firma,4,BUC,0,0,,EUR,21,Siguranta
00448288,90605-KED9-900,"90605-KED9-900 MV1314 RETAINING RING 28,,",Pe comanda,Marfuri gestiune 1 firma,3,BUC,0,0,,EUR,21,
00445303,90651-LBA7-900,90651-LBA7-900 RING SNAP,Pe comanda,Marfuri gestiune 1 firma,1,BUC,0,0,,EUR,21,Inel siguranta
00445984,90651-LCA5-E00,90651-LCA5-E00 CLIP FENDER,Pe comanda,Marfuri gestiune 1 firma,1,BUC,0,0,,EUR,21,
00446060,90652-4L10-007,90652-4L10-007 DUST SEAL 4*50*5,Pe comanda,Marfuri gestiune 1 firma,0,BUC,0,0,,EUR,21,
00445373,90652-LCA4-E00,90652-LCA4-E00 CLIP MUDGUARD,Pe comanda,Marfuri gestiune 1 firma,74,BUC,9.9174,12,,EUR,21,Clip
00447865,90652-LDB5-900,90652-LDB5-900 CLIP MUDGUARD,Pe comanda,Marfuri gestiune 1 firma,0,BUC,0,0,,EUR,21,
00445928,90652-LEC8-E00,90652-LEC8-E00 CLIP MUDGUARD,Pe comanda,Marfuri gestiune 1 firma,16,BUC,0,0,,EUR,21,
00446062,90652-LFB5-900,90652-LFB5-900 CLIP MUDGUARD,Pe comanda,Marfuri gestiune 1 firma,5,BUC,7.8512,9.5,,EUR,21,Clips
00450261,90652-LFB5-C00,90652-LFB5-C00 CLIP MUDGUARD,Pe comanda,Marfuri gestiune 1 firma,0,BUC,0.54,0.64,,EUR,21,Clips
00451097,90652-LGC6-E00,90652-LGC6-E00 PUSH RIVET,Pe comanda,Marfuri gestiune 1 firma,0,BUC,1.22,1.45,,EUR,21,Clips plastic
00446757,90653-LCA4-E00,90653-LCA4-E00 CLIP MUDGUARD,Pe comanda,Marfuri gestiune 1 firma,0,BUC,0,0,,EUR,21,
00450169,90653-LDB5-E00-MV6474,90653-LDB5-E00-MV6474 BAND,Pe comanda,Marfuri gestiune 1 firma,0,BUC,21.008403,25,,EUR,21,
00450478,90653-LGC6-E00,90653-LGC6-E00 CLIP MUDGUARD,Pe comanda,Marfuri gestiune 1 firma,0,BUC,1.17,1.39,,EUR,21,Clips prindere
00449238,90655-PWA2-900,90655-PWA2-900 CLIP FENDER MOUNTING,Pe comanda,Marfuri gestiune 1 firma,0,BUC,0,0,,EUR,21,
00447161,90664-2F16-901,90664-2F16-901 CIR CLIP 58MM,Pe comanda,Marfuri gestiune 1 firma,0,BUC,0,0,,EUR,21,
00450614,90677-GAR1-004,90677-GAR1-004 NUT CLIP 5MM,Pe comanda,Marfuri gestiune 1 firma,0,BUC,1,1,,EUR,21,
00449685,90683-GAR1-004,90683-GAR1-004 CLIP BODY COVER,Pe comanda,Marfuri gestiune 1 firma,0,BUC,0,0,,EUR,21,
00450553,90701-9E65-001,90701-9E65-001 PIN DOWEL 10*16,Pe comanda,Marfuri gestiune 1 firma,0,BUC,0.93,1.11,,EUR,21,Bucsa ghidaj 10*16
00446925,90701-GFF6-001,90701-GFF6-001 PIN DOWEL SPECIAL 8*14,Pe comanda,Marfuri gestiune 1 firma,3,BUC,0,0,,EUR,21,
00451182,90701-GFF6-C00,90701-GFF6-C00 PIN DOWEL SPECIAL 8*14,Pe comanda,Marfuri gestiune 1 firma,0,BUC,0.39,0.46,,EUR,21,Bucsa ghidaj
00447930,90701-HFB6-011,90701-HFB6-011 KEY WOODRUFF 25*14*4,Pe comanda,Marfuri gestiune 1 firma,1,BUC,0,0,,EUR,21,Pana 25*14*4
00449476,90701-LDB5-E00,90701-LDB5-E00 MV3779 WEDGE CRANKSHAFT,Pe comanda,Marfuri gestiune 1 firma,1,BUC,0,0,,EUR,21,
00450045,90701-LDB5-E00,90701-LDB5-E00 KEY WOODRUFF 25*17*5,Pe comanda,Marfuri gestiune 1 firma,0,BUC,0.8033,0.96,,EUR,21,Pana
00447238,90741-0E35-001,90741-0E35-001 KEY WOODRUFF,Pe comanda,Marfuri gestiune 1 firma,0,BUC,16.5289,20,,EUR,21,Pana
00447136,90750-LLB1-900,90750-LLB1-900 SPRING BOLT,Pe comanda,Marfuri gestiune 1 firma,1,BUC,11.5702,14,,EUR,21,Arc bila
00451274,90753-GDB4-68A,90753-GDB4-68A OIL SEAL 27*40*6 (2ND),Pe comanda,Marfuri gestiune 1 firma,0,BUC,0,0,,EUR,21,Simering
00450795,90754-GHC8-00C,90754-GHC8-00C OIL SEAL 20*32*5,Pe comanda,Marfuri gestiune 1 firma,0,BUC,1.33,1.58,,EUR,21,Simering
00449755,90754-GHC8-C00,90754-GHC8-C00 DUST SEAL 20*32*5,Pe comanda,Marfuri gestiune 1 firma,0,BUC,16.5289,20,,EUR,21,Simering praf
00445304,90754-GHC8-OOA,90754-GHC8-OOA DUST SEAL,Pe comanda,Marfuri gestiune 1 firma,1,BUC,0,0,,EUR,21,
00451223,90754-LLB1-900,90754-LLB1-900 DUST SEAL 22*35*7,Pe comanda,Marfuri gestiune 1 firma,0,BUC,0.93,1.11,,EUR,21,Simering 22*35*7
00450822,90754-LLJ3-E00,90754-LLJ3-E00 DUST SEAL,Pe comanda,Marfuri gestiune 1 firma,2,BUC,0.93,1.11,,EUR,21,Simering praf
00445244,90912-GHC8-00A,90912-GHC8-00A BEARING 6201LU/2A,Pe comanda,Marfuri gestiune 1 firma,2,BUC,28.9256,35,,EUR,21,Rulment roata
00451299,90912-GHC8-C00,90912-GHC8-C00 BEARING 62019U) NTN,Pe comanda,Marfuri gestiune 1 firma,0,BUC,4,4.76,,EUR,21,Rulment
00445305,90912-KFLF-00A,90912-KFLF-00A BEARING,Pe comanda,Marfuri gestiune 1 firma,1,BUC,29.7521,36,,EUR,21,Rulment
00450615,90913-KKC4-900,90913-KKC4-900 TUBE ASSY WATER PUMP TO RAD,Pe comanda,Marfuri gestiune 1 firma,0,BUC,6,6,,EUR,21,
00447960,91001-GFY6-90A,91001-GFY6-90A BRG MDL 20*29*18,Pe comanda,Marfuri gestiune 1 firma,0,BUC,0,0,,EUR,21,
00445455,91001-GGA7-70A,91001-GGA7-70A BRG BALL RADIAL 6901U,Pe comanda,Marfuri gestiune 1 firma,0,BUC,0,0,,EUR,21,
00446725,91001-GLW0-90A,91001-GLW0-90A BRG BALL RADIAL 6204,Pe comanda,Marfuri gestiune 1 firma,2,BUC,61.9835,75,,EUR,21,Rulment 6204 - ambielaj
00446037,91001-KFA5-900,91001-KFA5-900 BRG BALL RADIAL 609LLU,Pe comanda,Marfuri gestiune 1 firma,0,BUC,0,0,,EUR,21,Rulment 609 LLU
00451296,91001-KFBF-90A,91001-KFBF-90A BEARING 6305,Pe comanda,Marfuri gestiune 1 firma,0,BUC,6,7.14,,EUR,21,Rulment 6305
00446758,91001-KHV8-004,91001-KHV8-004 BRG BALL 6305,Pe comanda,Marfuri gestiune 1 firma,1,BUC,0,0,,EUR,21,Rulment ax ambreaj
00447209,91001-KKJ9-006,91001-KKJ9-006 BEARING BALL RADIAL,Pe comanda,Marfuri gestiune 1 firma,0,BUC,0,0,,EUR,21,
00451302,91001-KKJ9-C00,91001-KKJ9-C00 BRG BALL RADIAL 6901,Pe comanda,Marfuri gestiune 1 firma,0,BUC,8,8,,EUR,21,
00448601,91002-GFY6-90A,91002-GFY6-90A BRG BALL RADIAL,Pe comanda,Marfuri gestiune 1 firma,0,BUC,0,0,,EUR,21,
00448312,91002-GGA7-70A,91002-GGA7-70A BRG BALL RADIAL,Pe comanda,Marfuri gestiune 1 firma,1,BUC,52.8926,64,,EUR,21,Rulment
00446038,91002-KFA5-900,91002-KFA5-900 BRG BALL RADIAL 699LLU,Pe comanda,Marfuri gestiune 1 firma,0,BUC,0,0,,EUR,21,Rulment 699 LLU
00448604,91002-LDE9-E00,91002-LDE9-E00 BRG BALL RADIAL62 28,Pe comanda,Marfuri gestiune 1 firma,0,BUC,0,0,,EUR,21,
00448920,91002-PWB1-90A,91002-PWB1-90A BRG BALL RADIAL 6207LUAC3,Pe comanda,Marfuri gestiune 1 firma,0,BUC,0,0,,EUR,21,
00447996,91003-GAR1-004,91003-GAR1-004 BRG NEEDLE 17*25*18,Pe comanda,Marfuri gestiune 1 firma,1,BUC,0,0,,EUR,21,
00447931,91003-KDS4-004,91003-KDS4-004 BRG BALL RADIAL,Pe comanda,Marfuri gestiune 1 firma,1,BUC,0,0,,EUR,21,
00451515,91003-KDS4-C00,91003-KDS4-C00 BRG BALL RADIAL 6301TMB,Pe comanda,Marfuri gestiune 1 firma,0,BUC,53.719,65,,EUR,21,Rulment
00448921,91003-PWB1-900,91003-PWB1-900 BRG BALL RADIAL 6207-9C3,Pe comanda,Marfuri gestiune 1 firma,0,BUC,0,0,,EUR,21,
00449358,91004-KBN2-90A,91004-KBN2-90A BRG BALL RADIAL 6201,Pe comanda,Marfuri gestiune 1 firma,0,BUC,0,0,,EUR,21,Rulment 6201
00445677,91004-KHE7-900,91004-KHE7-900 BRG NDL 22*19*18,Marfuri,Marfuri gestiune 1 firma,2,BUC,77.686,94,,EUR,21,Rulment cu ace 22*19*18
00445245,91004-KNBN-92A,91004-KNBN-92A BRG BALL RADIAL 6201,Pe comanda,Marfuri gestiune 1 firma,1,BUC,0,0,,EUR,21,
00450441,91004-KNBN-C00,91004-KNBN-C00 BRG BALL RADIAL 6203 SPC,Pe comanda,Marfuri gestiune 1 firma,0,BUC,7.47,8.89,,EUR,21,Rulment 6203 SPC
00450445,91004-LEA7-E00,91004-LEA7-E00 BEARING NEEDLE 25X32X14,Pe comanda,Marfuri gestiune 1 firma,0,BUC,14.77,17.58,,EUR,21,Rulment cu ace 25X32X14
00448497,91004-PWB1-900,91004-PWB1-900 BRG NDL 25*33*18,Pe comanda,Marfuri gestiune 1 firma,0,BUC,0,0,,EUR,21,
00448973,91004-PWB1-90D,91004-PWB1-90D BRG BALL RADIAL,Pe comanda,Marfuri gestiune 1 firma,0,BUC,0,0,,EUR,21,
00451495,91005-GCW3-95A,91005-GCW3-95A BRG BALL RADIAL 6304SPL,Pe comanda,Marfuri gestiune 1 firma,1,BUC,61.9835,75,,EUR,21,Rulment ambielaj
00449427,91005-LBA7-900,91005-LBA7-900 BRG RADIAL 6005 LLU,Pe comanda,Marfuri gestiune 1 firma,0,BUC,0,0,,EUR,21,
00451202,91005-LDB5-E00,91005-LDB5-E00 BRG BALL RADIAL 6205JR2,Pe comanda,Marfuri gestiune 1 firma,0,BUC,5,5.95,,EUR,21,Rulment
00446726,91006-KNBN-901,91006-KNBN-901 BRG BALL RADIAL 25*56*12,Pe comanda,Marfuri gestiune 1 firma,2,BUC,63.6364,77,,EUR,21,Rulment 25*56*12 ambielaj
00450375,91006-LKF5-E00,91006-LKF5-E00 BEARING NK20*34*18,Pe comanda,Marfuri gestiune 1 firma,0,BUC,21.96,26.13,,EUR,21,Rulment directie
00447333,91008-LBA7-900,91008-LBA7-900 BRG BALL RADIAL 6205 LLU,Pe comanda,Marfuri gestiune 1 firma,0,BUC,0,0,,EUR,21,
00447932,91009-GLE0-004,91009-GLE0-004 BRG BALL RADIAL 6004,Pe comanda,Marfuri gestiune 1 firma,1,BUC,53.719,65,,EUR,21,Rulment 6004
00451516,91009-GLE0-C00,91009-GLE0-C00 BRG BALL RADIAL 6004 UU,Pe comanda,Marfuri gestiune 1 firma,0,BUC,53.719,65,,EUR,21,Rulment
00451678,91009-YZA6-E00,91009-YZA6-E00 BEARING,Pe comanda,Marfuri gestiune 1 firma,0,BUC,42.9752,52,,EUR,21,Rulment
00449137,91014-LLJ3-C00,91014-LLJ3-C00 CASE STRG TOP,Pe comanda,Marfuri gestiune 1 firma,0,BUC,15.7025,19,,EUR,21,Colivie sup
00448605,91015-LLJ3-C00,91015-LLJ3-C00 CASE STRG BOT,Pe comanda,Marfuri gestiune 1 firma,0,BUC,15.7025,19,,EUR,21,Colivie inf
00445350,91021-LDB5-E00,91021-LDB5-E00 BEARING ONE WAY,Pe comanda,Marfuri gestiune 1 firma,14,BUC,483.4711,585,,EUR,21,Rulment uni-sens
00450417,91051-KFBF-901,91051-KFBF-901 BRG BALL 6203LLU,Pe comanda,Marfuri gestiune 1 firma,0,BUC,4.98,5.93,,EUR,21,Rulment 6203LLU
00448143,91101-1K79-711,91101-1K79-711 ROLLER 10*10,Pe comanda,Marfuri gestiune 1 firma,6,BUC,0,0,,EUR,21,Rola bendix
00449455,91101-KED9-900,91101-KED9-900 ROLLER 11.5*10,Pe comanda,Marfuri gestiune 1 firma,0,BUC,0,0,,EUR,21,
00449698,91101-LCA5-E0A,91101-LCA5-E0A BEARING NEEDLE 30*42*23,Pe comanda,Marfuri gestiune 1 firma,0,BUC,0,0,,EUR,21,
00448460,91101-LCA5-E0B,91101-LCA5-E0B BEARING NEEDLE,Pe comanda,Marfuri gestiune 1 firma,0,BUC,0,0,,EUR,21,
00446039,91101-LLB1-900,91101-LLB1-900 BEARING NEEDLE 30*42*17,Pe comanda,Marfuri gestiune 1 firma,0,BUC,0,0,,EUR,21,
00445456,91102-GLW0-009,91102-GLW0-009 BRG CON ROD,Pe comanda,Marfuri gestiune 1 firma,4,BUC,0,0,,EUR,21,Colivie biela
00450488,91102-GLW0-C00,91102-GLW0-C00 BRG CON-ROD,Marfuri,Marfuri gestiune 1 firma,0,BUC,2.93,3.49,,EUR,21,Colivie ambielaj
00445457,91103-GAR1-004,91103-GAR1-004 BRG NEEDLE 17*25*18,Pe comanda,Marfuri gestiune 1 firma,0,BUC,0,0,,EUR,21,
00448292,91103-GAR1-004,91103-GAR1-004 MS4057 NEEDLE BEARING,Pe comanda,Marfuri gestiune 1 firma,0,BUC,0,0,,EUR,21,
00450939,91103-GAR1-C00,91103-GAR1-C00 BRG NEEDLE 17X25X18 WS,Pe comanda,Marfuri gestiune 1 firma,0,BUC,2.96,3.52,,EUR,21,Rulment cu ace 17*25*18
00447583,91104-GFY6-90C-B,91104-GFY6-90C-B BRG NEEDLE 28*32*17,Pe comanda,Marfuri gestiune 1 firma,0,BUC,0,0,,EUR,21,
00447589,91104-GFY6-90C-R,91104-GFY6-90C-R BRG NEEDLE 28*32*17,Pe comanda,Marfuri gestiune 1 firma,0,BUC,0,0,,EUR,21,
00446412,91104-GFY6-C00,91104-GFY6-C00 BRG NEEDLE 28*32*17,Pe comanda,Marfuri gestiune 1 firma,1,BUC,0,0,,EUR,21,
00445859,91104-KEC8-90A-R,91104-KEC8-90A-R BRG NEEDLE 22*28,Pe comanda,Marfuri gestiune 1 firma,1,BUC,0,0,,EUR,21,Rulment cu ace
00445860,91104-KEC8-90A-W,91104-KEC8-90A-W BRG NEEDLE 22*18,Pe comanda,Marfuri gestiune 1 firma,1,BUC,0,0,,EUR,21,
00448726,91104-KGN7-671,91104-KGN7-671 BRG BALL RADIAL,Pe comanda,Marfuri gestiune 1 firma,1,BUC,66.1157,80,,EUR,21,Rulment
00450621,91104-PWB1-90A,91104-PWB1-90A RG NEEDLE 31X39X18,Pe comanda,Marfuri gestiune 1 firma,0,BUC,22.04,26.23,,EUR,21,Rulment cu ace 31*39*18
00448742,91105-KGN7-672,91105-KGN7-672 BRG NEEDLE,Pe comanda,Marfuri gestiune 1 firma,0,BUC,0,0,,EUR,21,
00445653,91106-LBA7-900,91106-LBA7-900 BRG NEEDLE 20*26*16,Pe comanda,Marfuri gestiune 1 firma,2,BUC,0,0,,EUR,21,Rulment cu ace 20*26*16
00446968,91106-LCD9-E00,91106-LCD9-E00 BRG NEEDLE 14*20*12,Pe comanda,Marfuri gestiune 1 firma,2,BUC,0,0,,EUR,21,
00448437,91106-LDB5-E00,91106-LDB5-E00 BRG NEEDLE,Pe comanda,Marfuri gestiune 1 firma,0,BUC,0,0,,EUR,21,
00448329,91107-LBA7-900,91107-LBA7-900 BEARING NEEDLE,Pe comanda,Marfuri gestiune 1 firma,0,BUC,0,0,,EUR,21,
00449263,91107-LBA7-90A,91107-LBA7-90A BEARING NEEDLE 25*53*16,Pe comanda,Marfuri gestiune 1 firma,0,BUC,0,0,,EUR,21,
00450638,91107-LLB1-900,91107-LLB1-900 BEARING NEEDLE 22*30*13,Pe comanda,Marfuri gestiune 1 firma,0,BUC,14.2,16.9,,EUR,21,Rulment cu ace 22*30*13
00445985,91108-LDB5-E00,91108-LDB5-E00 BRG NEEDLE 16*22*12,Pe comanda,Marfuri gestiune 1 firma,1,BUC,72.7273,88,,EUR,21,Rulment cu ace
00448212,91108-LEE8-E00,91108-LEE8-E00 BRG NEEDLE 20*22*28,Pe comanda,Marfuri gestiune 1 firma,0,BUC,0,0,,EUR,21,
00450710,91201-0L30-034,91201-0L30-034 OIL SEAL 20*34*7,Pe comanda,Marfuri gestiune 1 firma,0,BUC,1.36,1.62,,EUR,21,Simering 20*34*7
00449232,91201-9A51-004,91201-9A51-004 OIL SEAL 12*18*3,Pe comanda,Marfuri gestiune 1 firma,0,BUC,0,0,,EUR,21,
00447254,91201-GFY6-C00,91201-GFY6-C00 OIL SEAL 19.8*30*5,Pe comanda,Marfuri gestiune 1 firma,0,BUC,0,0,,EUR,21,
00446164,91201-KGBG-90A,91201-KGBG-90A OIL SEAL 16.4*30*5,Pe comanda,Marfuri gestiune 1 firma,0,BUC,0,0,,EUR,21,Simering 16.4*30*5
00447621,91201-KKJ9-004,91201-KKJ9-004 OIL SEAL 12*20*4,Pe comanda,Marfuri gestiune 1 firma,1,BUC,0,0,,EUR,21,
00446135,91201-KNBN-92A,91201-KNBN-92A OIL SEAL 15.6*25.5*7,Pe comanda,Marfuri gestiune 1 firma,2,BUC,24.7934,30,,EUR,21,Simering 15.6*25.5*7
00446871,91201-LCD9-E00,91201-LCD9-E00 OIL SEAL 13*17.5*4.5,Pe comanda,Marfuri gestiune 1 firma,0,BUC,0,0,,EUR,21,Simering furca cardan
00446413,91201-LDB5-E00,91201-LDB5-E00 SEALING RING 15.6*22.6*3.2,Pe comanda,Marfuri gestiune 1 firma,0,BUC,0,0,,EUR,21,Simering cruce cardan
00448577,91201-LEA7-E00,91201-LEA7-E00 OIL SEAL 30*50*7,Pe comanda,Marfuri gestiune 1 firma,0,BUC,0,0,,EUR,21,
00451281,91201-PWB1-900,91201-PWB1-900 OIL SEAL 54*70*8,Pe comanda,Marfuri gestiune 1 firma,0,BUC,25,29.75,,EUR,21,Simering
00448974,91201-PWB1-90C,91201-PWB1-90C OIL SEAL 54*70*8,Pe comanda,Marfuri gestiune 1 firma,0,BUC,162.8099,197,,EUR,21,Simering oala ambreaj
00448323,91202-GFY6-90A,91202-GFY6-90A OIL SEAL,Pe comanda,Marfuri gestiune 1 firma,1,BUC,0,0,,EUR,21,
00445458,91202-GFY6-90B,91202-GFY6-90B OIL SEAL 19.8*30.5,Pe comanda,Marfuri gestiune 1 firma,0,BUC,0,0,,EUR,21,
00449686,91202-GFY6-90C,91202-GFY6-90C OIL SEAL 19.8*30*5,Marfuri,Marfuri gestiune 1 firma,16,BUC,24.7934,30,,EUR,21,Simering ambielaj
00448384,91202-GFY6-C00,91202-GFY6-C00 OIL SEAL,Pe comanda,Marfuri gestiune 1 firma,3,BUC,0,0,,EUR,21,
00445614,91202-KGB4-C00,91202-KGB4-C00 OIL SEAL 13.7*24*5,Pe comanda,Marfuri gestiune 1 firma,1,BUC,0,0,,EUR,21,
00446356,91202-KHE7-900,91202-KHE7-900 OIL SEAL 22*34*6,Pe comanda,Marfuri gestiune 1 firma,4,BUC,28.0992,34,,EUR,21,Simering 22*34*6
00447210,91202-KKC4-900,91202-KKC4-900 OIL SEAL,Pe comanda,Marfuri gestiune 1 firma,0,BUC,0,0,,EUR,21,
00450473,91202-KKC4-90B,91202-KKC4-90B OIL SEAL 27X42X7,Pe comanda,Marfuri gestiune 1 firma,0,BUC,2.86,3.4,,EUR,21,Simering 27x42x7 mm
00449853,91202-KKC4-C00,91202-KKC4-C00 OIL SEAL 27X42X7,Pe comanda,Marfuri gestiune 1 firma,0,BUC,2.14,2.55,,EUR,21,
00446759,91202-KKJ9-C00,91202-KKJ9-C00 OIL SEAL 20*32*6,Pe comanda,Marfuri gestiune 1 firma,1,BUC,0,0,,EUR,21,Simering 20*32*6
00446136,91202-KNBN-92A,91202-KNBN-92A OIL SEAL 20*31*7,Pe comanda,Marfuri gestiune 1 firma,1,BUC,24.7934,30,,EUR,21,Simering 20*31*7
00448422,91202-LBA2-E00,91202-LBA2-E00 MA3282 SEAL,Pe comanda,Marfuri gestiune 1 firma,0,BUC,0,0,,EUR,21,
00450686,91202-LBA2-E00,91202-LBA2-E00 OIL SEAL 35*47*7,Pe comanda,Marfuri gestiune 1 firma,0,BUC,4.19,4.99,,EUR,21,Simering 35*47*7
00448566,91202-LDB5-E00,91202-LDB5-E00 OIL SEAL 44*77*7,Pe comanda,Marfuri gestiune 1 firma,0,BUC,62.8099,76,,EUR,21,Simering 44*77*7
00448330,91202-LEA7-E0A,91202-LEA7-E0A OIL SEAL,Pe comanda,Marfuri gestiune 1 firma,0,BUC,0,0,,EUR,21,Simering 25*35*6
00451566,91202-LEB1-900,91202-LEB1-900 DUST SEAL 25*35*5,Pe comanda,Marfuri gestiune 1 firma,0,BUC,31.405,38,,EUR,21,Simering 25*35*5
00451649,91202-LEB1-C00,91202-LEB1-C00 DUST SEAL 25*35*5,Pe comanda,Marfuri gestiune 1 firma,0,BUC,33.0579,40,,EUR,21,Simering
00446760,91202-LHG7-E00,91202-LHG7-E00 OIL SEAL 22*34*6,Pe comanda,Marfuri gestiune 1 firma,0,BUC,0,0,,EUR,21,
00447018,91202-LKG2-900,91202-LKG2-900 OIL SEAL 13.7*24.5,Pe comanda,Marfuri gestiune 1 firma,0,BUC,0,0,,EUR,21,
00446379,91202-LLB1-900,91202-LLB1-900 OIL SEAL 22*35*7,Pe comanda,Marfuri gestiune 1 firma,1,BUC,0,0,,EUR,21,
00451389,91202-PWB1-900,91202-PWB1-900 OIL SEAL 34X52X6,Pe comanda,Marfuri gestiune 1 firma,0,BUC,39.6694,48,,EUR,21,Simering 34*52*6
00451679,91202-YZA6-E00,91202-YZA6-E00 OIL SEAL,Pe comanda,Marfuri gestiune 1 firma,0,BUC,15.7025,19,,EUR,21,Simering
00451650,91203-AFF8-90A,91203-AFF8-90A OIL SEAL 20X32X6,Pe comanda,Marfuri gestiune 1 firma,0,BUC,35.5372,43,,EUR,21,Simering
00447978,91203-KGB4-C00,91203-KGB4-C00 OIL SEAL 17*29*5,Pe comanda,Marfuri gestiune 1 firma,0,BUC,0,0,,EUR,21,
00447961,91203-KGBG-C00,91203-KGBG-C00 OIL SEAL 17*29*5,Pe comanda,Marfuri gestiune 1 firma,0,BUC,0,0,,EUR,21,
00447622,91204-2K59-004,91204-2K59-004 OIL SEAL 16*28*7,Pe comanda,Marfuri gestiune 1 firma,0,BUC,0,0,,EUR,21,
00445246,91204-KNBN-90A,91204-KNBN-90A OIL SEAL 17*30*6,Marfuri,Marfuri gestiune 1 firma,6,BUC,0,0,,EUR,21,Simering ambielaj
00449325,91204-LBA8-C10,91204-LBA8-C10 OIL SEAL 17*29*5,Pe comanda,Marfuri gestiune 1 firma,0,BUC,0,0,,EUR,21,
00449233,91206-2F86-014,91206-2F86-014 OIL SEAL 14*28*7,Pe comanda,Marfuri gestiune 1 firma,0,BUC,0,0,,EUR,21,Simering 14*28*7
00449531,91206-2FB6-014,91206-2FB6-014 OIL SEAL 14*28*7,Pe comanda,Marfuri gestiune 1 firma,0,BUC,0,0,,EUR,21,Simering 14*28*7
00449326,91206-LBA8-C10,91206-LBA8-C10 OIL SEAL 18.9*30*5,Pe comanda,Marfuri gestiune 1 firma,0,BUC,0,0,,EUR,21,Simering
00449029,91206-LDB5-E00,91206-LDB5-E00 OIL SEAL 14*24*7,Pe comanda,Marfuri gestiune 1 firma,0,BUC,23.9669,29,,EUR,21,Simering 14*24*7
00447334,91207-LBA7-900,91207-LBA7-900 OIL SEAL 30*40*7,Pe comanda,Marfuri gestiune 1 firma,0,BUC,0,0,,EUR,21,
00446283,91209-KED9-900,91209-KED9-900 OIL SEAL 12*22*7,Pe comanda,Marfuri gestiune 1 firma,1,BUC,0,0,,EUR,21,
00446926,91211-GHK8-014,91211-GHK8-014 OIL SEAL 34*39*3,Pe comanda,Marfuri gestiune 1 firma,0,BUC,0,0,,EUR,21,
00445781,91211-KEE1-900,91211-KEE1-900 OIL SEAL 34*39*3,Pe comanda,Marfuri gestiune 1 firma,2,BUC,0,0,,EUR,21,
00448593,91211-KHE7-900,91211-KHE7-900 SEAL DRIVEN FACE 40*47*4,Pe comanda,Marfuri gestiune 1 firma,0,BUC,0,0,,EUR,21,Simering 40*47*4
00447962,91251-GAR1-950,91251-GAR1-950 OIL SEAL,Pe comanda,Marfuri gestiune 1 firma,1,BUC,0,0,,EUR,21,
00448708,91251-GHC8-004,91251-GHC8-004 OIL SEAL 45*51*5,Pe comanda,Marfuri gestiune 1 firma,0,BUC,0,0,,EUR,21,
00448002,91251-KKAK-900,91251-KKAK-900 OIL SEAL,Pe comanda,Marfuri gestiune 1 firma,0,BUC,59.5041,72,,EUR,21,Simering ulei
00447443,91251-LBA2-E00,91251-LBA2-E00 OIL SEAL,Pe comanda,Marfuri gestiune 1 firma,2,BUC,0,0,,EUR,21,Simering ulei furca
00447500,91251-LCD9-E00,91251-LCD9-E00 OIL SEAL 35*70*10,Pe comanda,Marfuri gestiune 1 firma,2,BUC,0,0,,EUR,21,
00445929,91251-LDB5-E00,91251-LDB5-E00 OIL SEAL 40*75*10,Pe comanda,Marfuri gestiune 1 firma,2,BUC,0,0,,EUR,21,Simering 40*70*10
00448419,91251-LDB5-E00,91251-LDB5-E00 MV4007 SEAL,Pe comanda,Marfuri gestiune 1 firma,1,BUC,0,0,,EUR,21,
00445615,91251-LDC8-E10,91251-LDC8-E10 OIL SEAL,Pe comanda,Marfuri gestiune 1 firma,2,BUC,0,0,,EUR,21,
00448213,91251-LEE8-E00,91251-LEE8-E00 OIL SEAL,Pe comanda,Marfuri gestiune 1 firma,0,BUC,0,0,,EUR,21,
00449096,91251-LEJ2-E10,91251-LEJ2-E10 OIL SEAL,Pe comanda,Marfuri gestiune 1 firma,4,BUC,24.7934,30,,EUR,21,Simering ulei furca
00450186,91251-LLJ3-C00,91251-LLJ3-C00 OIL SEAL,Pe comanda,Marfuri gestiune 1 firma,4,BUC,4.19,4.99,,EUR,21,Simering ulei furca
00449020,91251-LLJ3-E00,91251-LLJ3-E00 OIL SEAL,Pe comanda,Marfuri gestiune 1 firma,0,BUC,0,0,,EUR,21,Simering furca
00449068,91251-PWA1-600,91251-PWA1-600 OIL SEAL 38.2X47X6,Pe comanda,Marfuri gestiune 1 firma,1,BUC,0,0,,EUR,21,
00451435,91251-PWB1-600,91251-PWB1-600 OIL SEAL 38.2X47X6,Pe comanda,Marfuri gestiune 1 firma,0,BUC,37.1901,45,,EUR,21,Simering
00450926,91252-0L30-00A,91252-0L30-00A OIL SEAL WHEEL 23*37*77,Pe comanda,Marfuri gestiune 1 firma,0,BUC,0.93,1.11,,EUR,21,Simering 23*37*7
00448003,91254-KHD8-900,91254-KHD8-900 DUST SEAL,Pe comanda,Marfuri gestiune 1 firma,0,BUC,18.1818,22,,EUR,21,Simering praf
00447444,91254-LBA2-E00,91254-LBA2-E00 DUST SEAL,Pe comanda,Marfuri gestiune 1 firma,1,BUC,0,0,,EUR,21,Simering praf
00447267,91254-LBA7-900,91254-LBA7-900 OIL SEAL 52*62*7,Pe comanda,Marfuri gestiune 1 firma,5,BUC,23.1405,28,,EUR,21,Simering 52*62*7
00445986,91254-LDB5-E00,91254-LDB5-E00 SEAL DUST CVJ 38*55*7,Pe comanda,Marfuri gestiune 1 firma,2,BUC,0,0,,EUR,21,Simering 38*55*7
00445616,91254-LDC8-E10,91254-LDC8-E10 DUST SEAL,Pe comanda,Marfuri gestiune 1 firma,0,BUC,0,0,,EUR,21,
00447933,91254-LDE9-E00,91254-LDE9-E00 OIL SEAL 26-40*5,Pe comanda,Marfuri gestiune 1 firma,0,BUC,0,0,,EUR,21,Simering 26-40*5
00449169,91254-LEJ2-E10,91254-LEJ2-E10 DUST SEAL,Pe comanda,Marfuri gestiune 1 firma,1,BUC,12.3967,15,,EUR,21,Simering praf furca
00448110,91254-LKC2-E00,91254-LKC2-E00 OIL SEAL 52*68*7,Pe comanda,Marfuri gestiune 1 firma,0,BUC,0,0,,EUR,21,
00446284,91254-LLB1-900,91254-LLB1-900 DUST SEAL,Pe comanda,Marfuri gestiune 1 firma,2,BUC,19.8347,24,,EUR,21,Simering praf
00449659,91255-4F46-014,91255-4F46-014 OIL SEAL,Pe comanda,Marfuri gestiune 1 firma,2,BUC,0,0,,EUR,21,
00447733,91255-GLE0-006,91255-GLE0-006 OIL SEAL 27*42*7,Pe comanda,Marfuri gestiune 1 firma,4,BUC,0,0,,EUR,21,Simering 27*42*7
00448572,91255-KHE7-900,91255-KHE7-900 OIL SEAL 34*52*7,Pe comanda,Marfuri gestiune 1 firma,0,BUC,0,0,,EUR,21,Simering 34*52*7
00450871,91255-LBA2-E00,91255-LBA2-E00 OIL SEAL 38*50*7,Pe comanda,Marfuri gestiune 1 firma,0,BUC,2.44,2.9,,EUR,21,Simering 38*50*7
00447335,91255-LBA7-900,91255-LBA7-900 OIL SEAL 30*40*7,Pe comanda,Marfuri gestiune 1 firma,0,BUC,0,0,,EUR,21,
00448435,91255-LDB5-E00,91255-LDB5-E00 OIL SEAL,Pe comanda,Marfuri gestiune 1 firma,0,BUC,57.0248,69,,EUR,21,Simering 35*67*7
00446579,91255-LDC8-E10,91255-LDC8-E10 OIL SEAL 27*42*7,Pe comanda,Marfuri gestiune 1 firma,0,BUC,17.3554,21,,EUR,21,Simering
00449699,91255-LLB1-900,91255-LLB1-900 OIL SEAL 30*40*7,Pe comanda,Marfuri gestiune 1 firma,0,BUC,0,0,,EUR,21,
00451680,91255-YZA6-E00,91255-YZA6-E00 OIL SEAL,Pe comanda,Marfuri gestiune 1 firma,0,BUC,30.5785,37,,EUR,21,Simering
00446683,91256-LCD9-E00,91256-LCD9-E00 OIL SEAL 28*59*7,Pe comanda,Marfuri gestiune 1 firma,1,BUC,48.7603,59,,EUR,21,Simering  28*59*7
00445930,91256-LDB1-700,91256-LDB1-700 OIL SEAL 20*42.2*7,Pe comanda,Marfuri gestiune 1 firma,1,BUC,0,0,,EUR,21,
00446196,91256-LDB5-E00,91256-LDB5-E00 OIL SEAL 35*90*7,Pe comanda,Marfuri gestiune 1 firma,4,BUC,89.2562,108,,EUR,21,Simering 35*90*7
00447004,91256-LLB1-900,91256-LLB1-900 OIL SEAL 28.8*52.2*7,Pe comanda,Marfuri gestiune 1 firma,1,BUC,37.1901,45,,EUR,21,Simering 28.8*52.2*7
00448286,91256-LLB1-900,91256-LLB1-900 MV1718 SEAL 24,Pe comanda,Marfuri gestiune 1 firma,2,BUC,0,0,,EUR,21,
00449600,91256-PWB1-900,91256-PWB1-900 OIL SEAL 34*52*9,Pe comanda,Marfuri gestiune 1 firma,0,BUC,33.0579,40,,EUR,21,Simering 34*52*9
00448645,91257-2L30-006,91257-2L30-006 OIL SEAL 28*42*7,Pe comanda,Marfuri gestiune 1 firma,0,BUC,16.5289,20,,EUR,21,Simering 28*42*7
00449293,91257-KED9-900,91257-KED9-900 DUST SEAL 28*42*8,Pe comanda,Marfuri gestiune 1 firma,0,BUC,0,0,,EUR,21,
00445782,91257-KGC4-E01,91257-KGC4-E01 DUST SEAL,Pe comanda,Marfuri gestiune 1 firma,1,BUC,0,0,,EUR,21,
00448646,91257-LBA7-900,91257-LBA7-900 OIL SEAL 20*35*7,Pe comanda,Marfuri gestiune 1 firma,0,BUC,23.1405,28,,EUR,21,Simering 20*35*7
00447546,91257-LDB5-E00,91257-LDB5-E00 OIL SEAL 45*60*7,Pe comanda,Marfuri gestiune 1 firma,1,BUC,47.9339,58,,EUR,21,Simering 45*60*7
00449468,91257-PWB1-900,91257-PWB1-900 OIL SEAL 25*48*7,Pe comanda,Marfuri gestiune 1 firma,0,BUC,48.7603,59,,EUR,21,Simering
00446061,91258-4L10-007,91258-4L10-007 DUST SEAL 4*50*5,Pe comanda,Marfuri gestiune 1 firma,1,BUC,0,0,,EUR,21,
00447399,91258-KAM1-00A,91258-KAM1-00A SEAL SPDMT,Pe comanda,Marfuri gestiune 1 firma,0,BUC,16.5289,20,,EUR,21,Simering
00446727,91258-LBA7-900,91258-LBA7-900 DUST SEAL STAND,Pe comanda,Marfuri gestiune 1 firma,10,BUC,0,0,,EUR,21,Simering praf
00449724,91258-LDB5-900,91258-LDB5-900 OIL SEAL 56.5*80*7,Pe comanda,Marfuri gestiune 1 firma,0,BUC,0,0,,EUR,21,Simering 56.5*80*7
00445783,91258-LDB5-E00,91258-LDB5-E00 SEAL DUST HUB 38*55*7,Pe comanda,Marfuri gestiune 1 firma,4,BUC,35.5372,43,,EUR,21,Simering 38*55*7
00448745,91259-KFBF-900,91259-KFBF-900 SEAL OIL,Pe comanda,Marfuri gestiune 1 firma,0,BUC,0,0,,EUR,21,Simering
00446761,91261-4E15-004,91261-4E15-004 OIL SEAL 25*40*8,Pe comanda,Marfuri gestiune 1 firma,0,BUC,0,0,,EUR,21,Simering 25*40*8
00447117,91261-LCD9-E00,91261-LCD9-E00 OIL SEAL 42*51*7,Pe comanda,Marfuri gestiune 1 firma,2,BUC,0,0,,EUR,21,
00448125,91261-LDB5-E00,91261-LDB5-E00 OIL SEAL,Pe comanda,Marfuri gestiune 1 firma,2,BUC,72.7273,88,,EUR,21,Simering 30*72*8
00448214,91261-LEE8-E00,91261-LEE8-E00 OIL SEAL,Pe comanda,Marfuri gestiune 1 firma,0,BUC,0,0,,EUR,21,
00446239,91271-LCD9-E00,91271-LCD9-E00 OIL SEAL 42*62*7,Pe comanda,Marfuri gestiune 1 firma,1,BUC,0,0,,EUR,21,
00446414,91271-LDB5-E00,91271-LDB5-E00 OIL SEAL74.4*3.1,Pe comanda,Marfuri gestiune 1 firma,1,BUC,0,0,,EUR,21,
00449081,91301-0H28-001,91301-0H28-001 ORING 27*2.0,Pe comanda,Marfuri gestiune 1 firma,0,BUC,0,0,,EUR,21,Oring 27*2.0
00446861,91301-2L00-001,91301-2L00-001 O-RING 6.8*1.9,Pe comanda,Marfuri gestiune 1 firma,0,BUC,0,0,,EUR,21,
00450704,91301-KBE2-710,91301-KBE2-710 O-RING 6.8*1.9,Pe comanda,Marfuri gestiune 1 firma,0,BUC,0.14,0.17,,EUR,21,O-RING 6.8*1.9
00446927,91301-KEA5-742,91301-KEA5-742 ORING 36*1.5,Pe comanda,Marfuri gestiune 1 firma,1,BUC,0,0,,EUR,21,
00445784,91301-KEE1-900,91301-KEE1-900 O-RING 36*1.5,Pe comanda,Marfuri gestiune 1 firma,0,BUC,0,0,,EUR,21,
00446342,91301-KGV7-671,91301-KGV7-671 ORING 14.8*19,Pe comanda,Marfuri gestiune 1 firma,1,BUC,0,0,,EUR,21,
00447070,91301-KHE7-900,91301-KHE7-900 ORING 17.8*1.9,Pe comanda,Marfuri gestiune 1 firma,0,BUC,0,0,,EUR,21,O-ring
00446240,91301-LCD9-E00,91301-LCD9-E00 O-RING 74.4*3.1,Pe comanda,Marfuri gestiune 1 firma,2,BUC,0,0,,EUR,21,
00448418,91301-LCD9-E00,91301-LCD9-E00 MV2124 ORING,Pe comanda,Marfuri gestiune 1 firma,0,BUC,0,0,,EUR,21,
00449294,91301-LDB5-E00,91301-LDB5-E00 ORING 16MM,Pe comanda,Marfuri gestiune 1 firma,0,BUC,0,0,,EUR,21,
00445931,91301-LDC9-E00,91301-LDC9-E00 O-RING 74.4*3.1,Pe comanda,Marfuri gestiune 1 firma,1,BUC,0,0,,EUR,21,
00448378,91301-LDF2-800,91301-LDF2-800 O-RING 7.47*3.6,Pe comanda,Marfuri gestiune 1 firma,1,BUC,0,0,,EUR,21,
00448445,91301-LDF2-M90,91301-LDF2-M90 ORING,Pe comanda,Marfuri gestiune 1 firma,0,BUC,0,0,,EUR,21,
00445247,91302-0A01-021,91302-0A01-021 ORING 30*2 MM,Pe comanda,Marfuri gestiune 1 firma,3,BUC,12.3967,15,,EUR,21,O-RING 30*2 MM
00445908,91302-0A01-021,91302-0A01-021 ORING 30*8MM,Pe comanda,Marfuri gestiune 1 firma,10,BUC,0,0,,EUR,21,O-RING 30*2 MM
00450241,91302-0A01-C00,91302-0A01-C00 O-RING 30.8MM,Pe comanda,Marfuri gestiune 1 firma,6,BUC,0.48,0.57,,EUR,21,O-RING 30.8 mm
00446928,91302-2L00-001,91302-2L00-001 ORING 33.5*3,Pe comanda,Marfuri gestiune 1 firma,0,BUC,0,0,,EUR,21,
00448379,91302-5G67-004,91302-5G67-004 O-RING,Pe comanda,Marfuri gestiune 1 firma,0,BUC,0,0,,EUR,21,
00445617,91302-KED9-900,91302-KED9-900 O RING 32.95*2.62,Pe comanda,Marfuri gestiune 1 firma,1,BUC,0,0,,EUR,21,
00445785,91302-KEE1-900,91302-KEE1-900 ORING 39.8*2.2,Pe comanda,Marfuri gestiune 1 firma,1,BUC,0,0,,EUR,21,
00446762,91302-KHE7-900,91302-KHE7-900 ORING 27.4*2.1,Pe comanda,Marfuri gestiune 1 firma,0,BUC,0,0,,EUR,21,
00448820,91302-LBA2-E00,91302-LBA2-E00 RING 13.8*24*5,Pe comanda,Marfuri gestiune 1 firma,1,BUC,0,0,,EUR,21,
00450744,91302-LDB2-E00,91302-LDB2-E00 O-RING 37*3,Pe comanda,Marfuri gestiune 1 firma,0,BUC,0.54,0.64,,EUR,21,O-RING 37*3
00445618,91302-LDE9-E00,91302-LDE9-E00 OIL RING 37*3,Pe comanda,Marfuri gestiune 1 firma,1,BUC,0,0,,EUR,21,
00448380,91302-LDF2-800,91302-LDF2-800 SEAL RING,Pe comanda,Marfuri gestiune 1 firma,1,BUC,0,0,,EUR,21,Simering
00448446,91302-LDF2-M90,91302-LDF2-M90 SEAL RING,Pe comanda,Marfuri gestiune 1 firma,0,BUC,0,0,,EUR,21,
00451144,91302-LEA7-E00,91302-LEA7-E00 O-RING,Pe comanda,Marfuri gestiune 1 firma,0,BUC,2.96,3.52,,EUR,21,O-ring
00446929,91302-PKA9-004,91302-PKA9-004 ORING 39.8*2.2,Pe comanda,Marfuri gestiune 1 firma,0,BUC,0,0,,EUR,21,
00451523,91302-YZA6-E00,91302-YZA6-E00 O-RING,Pe comanda,Marfuri gestiune 1 firma,6,BUC,9.9174,12,,EUR,21,O-ring
00446197,91303-1G07-001,91303-1G07-001 O-RING 35*3,Pe comanda,Marfuri gestiune 1 firma,1,BUC,0,0,,EUR,21,
00446930,91303-3G77-001,91303-3G77-001 ORING 13.8*2.5,Pe comanda,Marfuri gestiune 1 firma,0,BUC,0,0,,EUR,21,
00448982,91303-5G67-004,91303-5G67-004 ORING 27.4*2.4,Pe comanda,Marfuri gestiune 1 firma,0,BUC,0,0,,EUR,21,
00445786,91303-KGC4-E01,91303-KGC4-E01 O-RING RR WHEEL,Pe comanda,Marfuri gestiune 1 firma,1,BUC,0,0,,EUR,21,
00446241,91303-LCD9-E00,91303-LCD9-E00 O-RING 31.7*3.5,Pe comanda,Marfuri gestiune 1 firma,2,BUC,0,0,,EUR,21,
00445556,91303-LEA7-E00,91303-LEA7-E00 O-RING 52.5*2.5,Pe comanda,Marfuri gestiune 1 firma,14,BUC,15.7025,19,,EUR,21,O-ring 52.5*2.5
00451364,91303-LKM5-E00,91303-LKM5-E00 SET RUBBER,Pe comanda,Marfuri gestiune 1 firma,0,BUC,1.83,2.21,,EUR,21,Garnitura
00447755,91303-PWB1-900,91303-PWB1-900 ORING INSPECTION CAP,Marfuri,Marfuri gestiune 1 firma,2,BUC,18.1818,22,,EUR,21,Oring chiulasa
00446931,91304-GLB0-911,91304-GLB0-911 ORING 20.6*1.9T,Pe comanda,Marfuri gestiune 1 firma,0,BUC,0,0,,EUR,21,
00447296,91304-KGBG-900,"91304-KGBG-900 ORING 20,6*2,0R",Pe comanda,Marfuri gestiune 1 firma,0,BUC,0,0,,EUR,21,
00447019,91304-LBA8-C10,"91304-LBA8-C10 RECTANGULAR RING 9X1, 7X15",Pe comanda,Marfuri gestiune 1 firma,0,BUC,0,0,,EUR,21,
00450510,91304-PWB1-900,91304-PWB1-900 O-RING STARTER CUP,Pe comanda,Marfuri gestiune 1 firma,0,BUC,14.0496,17,,EUR,21,O-ring
00450046,91305-0H28-C00,91305-0H28-C00 O-RING 9*1.6,Pe comanda,Marfuri gestiune 1 firma,0,BUC,9.9174,12,,EUR,21,O-Ring
00449619,91305-LEH6-E00,91305-LEH6-E00 O RING 19.8*1.9,Pe comanda,Marfuri gestiune 1 firma,0,BUC,0,0,,EUR,21,
00447413,91306-1E05-691,91306-1E05-691 RING 1.5*9.5,Pe comanda,Marfuri gestiune 1 firma,2,BUC,0,0,,EUR,21,O-ring
00445816,91306-LBA7-900,91306-LBA7-900 GASKET STARTING COVER,Pe comanda,Marfuri gestiune 1 firma,3,BUC,0,0,,EUR,21,Garnitura capac
00449327,91306-LBA8-C10,91306-LBA8-C10 ORIN 25*2.4,Pe comanda,Marfuri gestiune 1 firma,0,BUC,0,0,,EUR,21,
00446416,91306-LDB5-E00,91306-LDB5-E00 O-RING 41MM,Pe comanda,Marfuri gestiune 1 firma,0,BUC,0,0,,EUR,21,
00448922,91306-PTA1-900,91306-PTA1-900 GASKET STARTING COVER,Pe comanda,Marfuri gestiune 1 firma,1,BUC,30.5785,37,,EUR,21,Garnitura capac pornire
00450968,91306-PUA5-E00,91306-PUA5-E00 O-RING 13*1.5,Pe comanda,Marfuri gestiune 1 firma,0,BUC,1.17,1.39,,EUR,21,O-RING 13*1.5
00446285,91307-0E35-001,91307-0E35-001 RING 18*3,Pe comanda,Marfuri gestiune 1 firma,1,BUC,0,0,,EUR,21,
00448904,91307-PUA5-E00,91307-PUA5-E00 ORING 18*2,Pe comanda,Marfuri gestiune 1 firma,0,BUC,0,0,,EUR,21,
00447352,91308-KED9-900,91308-KED9-900 O-RING 17.5X1.5,Pe comanda,Marfuri gestiune 1 firma,0,BUC,0,0,,EUR,21,
00448975,91309-3G77-001,91309-3G77-001 ORING 13.8*2.5,Pe comanda,Marfuri gestiune 1 firma,1,BUC,0,0,,EUR,21,
00446242,91309-4E25-004,91309-4E25-004 O-RING 24.4*3.1,Pe comanda,Marfuri gestiune 1 firma,0,BUC,0,0,,EUR,21,Oring
00446623,91309-GKAK-901,91309-GKAK-901 ORING,Pe comanda,Marfuri gestiune 1 firma,1,BUC,0,0,,EUR,21,
00446684,91309-LCD9-E00,91309-LCD9-E00 ORING 58.4*3.1,Pe comanda,Marfuri gestiune 1 firma,0,BUC,0,0,,EUR,21,
00445619,91309-LDE9-E00,91309-LDE9-E00 O-RING 58.4*3.00,Pe comanda,Marfuri gestiune 1 firma,2,BUC,0,0,,EUR,21,
00445620,91312-KED9-900,91312-KED9-900 O-RING 17.5*2.8,Pe comanda,Marfuri gestiune 1 firma,2,BUC,0,0,,EUR,21,
00451681,91314-KED9-900,91314-KED9-900 O-RING 84.4*3.1,Pe comanda,Marfuri gestiune 1 firma,0,BUC,18.1818,22,,EUR,21,O-ring
00447580,91351-6B42-000,91351-6B42-000 PINION CAP ORING,Pe comanda,Marfuri gestiune 1 firma,0,BUC,0,0,,EUR,21,
00448077,91351-GAR1-001,91351-GAR1-001 ORING 38.5*2,Pe comanda,Marfuri gestiune 1 firma,0,BUC,0,0,,EUR,21,
00448594,91351-KHE7-900,91351-KHE7-900 ORING PINION CAP,Pe comanda,Marfuri gestiune 1 firma,0,BUC,0,0,,EUR,21,
00447164,91408-KEC8-900,91408-KEC8-900 WASHER TONGUED 10MM,Pe comanda,Marfuri gestiune 1 firma,2,BUC,0,0,,EUR,21,
00447565,91508-KGV7-67A,91508-KGV7-67A SCREW TAPPING 4*14,Pe comanda,Marfuri gestiune 1 firma,0,BUC,0,0,,EUR,21,
00449002,91509-LBA7-E00,91509-LBA7-E00 BOLT TACHOMETER,Pe comanda,Marfuri gestiune 1 firma,0,BUC,0,0,,EUR,21,
00449030,91509-LLB1-900,91509-LLB1-900 BOLT SEAT BALL STOPPER,Pe comanda,Marfuri gestiune 1 firma,0,BUC,18.1818,22,,EUR,21,Surub
00446165,93404-KKC2-900,93404-KKC2-900 BOLT WASHER 6*16,Pe comanda,Marfuri gestiune 1 firma,1,BUC,0,0,,EUR,21,
00445680,93903-GFY6-900,93903-GFY6-900 SCREW TAPPING 4*14,Pe comanda,Marfuri gestiune 1 firma,3,BUC,6.6116,8,,EUR,21,Surub
00450193,93903-GFY6-C01,93903-GFY6-C01 SCREW TAPPING 4*14,Pe comanda,Marfuri gestiune 1 firma,0,BUC,0.28,0.33,,EUR,21,Surub 4*14
00449629,93903-KEB7-900-06,93903-KEB7-900-06 SCREW TAPPING 5*16,Pe comanda,Marfuri gestiune 1 firma,2,BUC,0,0,,EUR,21,
00448873,93903-PWB1-900,93903-PWB1-900 SCREW BODY SELF TAP,Pe comanda,Marfuri gestiune 1 firma,0,BUC,0,0,,EUR,21,
00446504,94001-LBA7-900,94001-LBA7-900 NUT HEX 8MM,Pe comanda,Marfuri gestiune 1 firma,2,BUC,0,0,,EUR,21,
00451138,94001-LLB1-800,94001-LLB1-800 NUT HEX 10MM,Pe comanda,Marfuri gestiune 1 firma,0,BUC,0.645,0.77,,EUR,21,Piulita 10mm
00451139,94001-LLB1-900,94001-LLB1-900 NUT HEX LH 10MM,Pe comanda,Marfuri gestiune 1 firma,0,BUC,0.69,0.82,,EUR,21,Piulita LH 10mm
00450377,94001-LLB1-900-MV0422,94001-LLB1-900-MV0422 NUT HEX,Pe comanda,Marfuri gestiune 1 firma,0,BUC,0.88,1.05,,EUR,21,Piulita
00449399,94001-PWB1-800,94001-PWB1-800 NUT 16MM,Pe comanda,Marfuri gestiune 1 firma,1,BUC,0,0,,EUR,21,
00448203,94001-PWB1-900,94001-PWB1-900 NUT 16MM,Pe comanda,Marfuri gestiune 1 firma,0,BUC,35.5372,43,,EUR,21,Piulita 16mm
00448204,94002-PWB1-900,94002-PWB1-900 NUT 16MM,Pe comanda,Marfuri gestiune 1 firma,1,BUC,35.5372,43,,EUR,21,Piulita 16mm
00445613,94011-KAM1-001,94011-KAM1-001 WASHER THRUST 14*32*1,Pe comanda,Marfuri gestiune 1 firma,0,BUC,0,0,,EUR,21,
00445621,94011-LBA7-900,94011-LBA7-900 NUT FLANGE 16MM,Pe comanda,Marfuri gestiune 1 firma,6,BUC,0,0,,EUR,21,Piulita roata 16mm
00451140,94011-LKA8-E00,94011-LKA8-E00 NUT TOP LOCK,Pe comanda,Marfuri gestiune 1 firma,0,BUC,1.575,1.87,,EUR,21,Piulita
00449228,94011-LLB1-900,94011-LLB1-900 NUT FLANGE 14MM,Pe comanda,Marfuri gestiune 1 firma,2,BUC,0,0,,EUR,21,
00449496,94012-LDB5-E00,94012-LDB5-E00 NUT FLANGE CASTLE 18MM,Pe comanda,Marfuri gestiune 1 firma,1,BUC,28.9256,35,,EUR,21,Piulita ax roata
00448547,94012-LLB1-900,94012-LLB1-900 NUT CASTLE 10MM,Pe comanda,Marfuri gestiune 1 firma,0,BUC,0,0,,EUR,21,
00448602,94031-LCD9-E00,94031-LCD9-E00 NUT HEX 16MM,Pe comanda,Marfuri gestiune 1 firma,0,BUC,33.0579,40,,EUR,21,Piulita hex 16mm
00450911,94050-KFA5-900,94050-KFA5-900 NUT WATER PUMP,Pe comanda,Marfuri gestiune 1 firma,0,BUC,2.86,3.4,,EUR,21,Piulita pompa apa
00446765,94050-LDE9-E00,94050-LDE9-E00 NUT LOCK,Pe comanda,Marfuri gestiune 1 firma,0,BUC,0,0,,EUR,21,
00450288,94051-KFA5-910,94051-KFA5-910 DAMPER NUT,Pe comanda,Marfuri gestiune 1 firma,0,BUC,0.49,0.58,,EUR,21,Amortizor piulita
00450289,94052-KFA5-900,94052-KFA5-900 DAMPER B NUT,Pe comanda,Marfuri gestiune 1 firma,1,BUC,0.32,0.38,,EUR,21,Amortizor B piulita
00450498,94402-LFA5-900,94402-LFA5-900 KEY 6*6*30,Pe comanda,Marfuri gestiune 1 firma,0,BUC,10.7438,13,,EUR,21,Pana 6*6*30
00450506,94402-PWB1-900,94402-PWB1-900 KEY 6X6X30,Pe comanda,Marfuri gestiune 1 firma,0,BUC,1.44,1.71,,EUR,21,Pana
00447847,94510-PWB1-900,94510-PWB1-900 (MV7512) SEEGERRING 27MM,Pe comanda,Marfuri gestiune 1 firma,0,BUC,0,0,,EUR,21,
00450386,94510-PWB1-900,94510-PWB1-900 CIRCLIP EX 29,Pe comanda,Marfuri gestiune 1 firma,0,BUC,1.22,1.45,,EUR,21,Siguranta
00447963,94540-LCD9-E00,94540-LCD9-E00 E RING 15 SPECIAL,Pe comanda,Marfuri gestiune 1 firma,0,BUC,0,0,,EUR,21,
00449243,94591-KFBF-900,94591-KFBF-900 CLIP 2*71,Pe comanda,Marfuri gestiune 1 firma,0,BUC,0,0,,EUR,21,
00450641,94601-LKM5-E00,94601-LKM5-E00 CLIP PISTON PIN,Pe comanda,Marfuri gestiune 1 firma,2,BUC,0.76,0.9,,EUR,21,Siguranta bolt
00448268,94601-PWB1-900,94601-PWB1-900 CLIP PISTON PIN 20MM,Marfuri,Marfuri gestiune 1 firma,33,BUC,5.7851,7,,EUR,21,Siguranta bolt piston
00450233,94608-LBA2-E00,94608-LBA2-E00 O-RING,Pe comanda,Marfuri gestiune 1 firma,0,BUC,0.77,0.92,,EUR,21,O-ring
00448004,94608-LCD3-E00,94608-LCD3-E00 ORING,Pe comanda,Marfuri gestiune 1 firma,0,BUC,0,0,,EUR,21,Oring
00445623,94608-LDC8-E10,94608-LDC8-E10 O-RING B,Pe comanda,Marfuri gestiune 1 firma,2,BUC,0,0,,EUR,21,
00451461,94608-LKF5-E00,94608-LKF5-E00 O-RING,Pe comanda,Marfuri gestiune 1 firma,1,BUC,16.5289,20,,EUR,21,O-ring
00450217,94608-LLJ3-E00,94608-LLJ3-E00 O-RING,Pe comanda,Marfuri gestiune 1 firma,0,BUC,0.41,0.49,,EUR,21,O-ring
00449440,94621-PWB1-900,94621-PWB1-900 BEARING,Pe comanda,Marfuri gestiune 1 firma,0,BUC,0,0,,EUR,21,
00451550,95002-KKD6-E05,95002-KKD6-E05 CLAMBER D18 TUBE,Pe comanda,Marfuri gestiune 1 firma,0,BUC,23.1405,28,,EUR,21,Colier
00446503,95005-LCD9-E00,95005-LCD9-E00 BREATHER TUBE RR GEAR ASSY,Pe comanda,Marfuri gestiune 1 firma,0,BUC,32.2314,39,,EUR,21,Tub aerisire grup
00448800,95005-PWB1-900,95005-PWB1-900 BREATHER TUBE RR GEAR,Pe comanda,Marfuri gestiune 1 firma,0,BUC,0,0,,EUR,21,
00446766,9500C-LBA7-900,9500C-LBA7-900 TYBE ASSY FUEL,Pe comanda,Marfuri gestiune 1 firma,1,BUC,0,0,,EUR,21,
00446534,9500C-LLJ1-900,9500C-LLJ1-900 TUBE ASSY CHOKE STRAINER,Pe comanda,Marfuri gestiune 1 firma,2,BUC,0,0,,EUR,21,
00446767,9500E-LBA7-900,9500E-LBA7-900 TUBE ASSY FUEL,Pe comanda,Marfuri gestiune 1 firma,1,BUC,0,0,,EUR,21,
00448111,95012-KED9-900,95012-KED9-900 BATTERY BAND,Pe comanda,Marfuri gestiune 1 firma,0,BUC,0,0,,EUR,21,
00446933,95012-KKA7-900,95012-KKA7-900 TOOL BAND,Pe comanda,Marfuri gestiune 1 firma,0,BUC,0,0,,EUR,21,
00448736,95012-LEJ2-E10,95012-LEJ2-E10 BATTERY BAND,Pe comanda,Marfuri gestiune 1 firma,0,BUC,0,0,,EUR,21,
00446842,95701-KED9-900,95701-KED9-900 BOLT SPECIAL 8*23,Pe comanda,Marfuri gestiune 1 firma,0,BUC,0,0,,EUR,21,
00450666,95701-LDF2-800,"95701-LDF2-800 BOLT FLANGE M5*6,5",Pe comanda,Marfuri gestiune 1 firma,0,BUC,1.19,1.42,,EUR,21,"Surub M5 * 6,5"
00446843,95702-KED9-900,95702-KED9-900 BOLT NUT 8MM,Pe comanda,Marfuri gestiune 1 firma,0,BUC,0,0,,EUR,21,
00451331,95801-KGB5-E00,95801-KGB5-E00 BOLT TORX M8*60,Pe comanda,Marfuri gestiune 1 firma,0,BUC,1.75,2.12,,EUR,21,Surub torx 8*60
00448778,95802-PWB1-900,95802-PWB1-900 MV7394 SCREW,Pe comanda,Marfuri gestiune 1 firma,0,BUC,0,0,,EUR,21,
00451656,95802-PWB1-900,95802-PWB1-900 SCREW CAP HFH 25X180,Pe comanda,Marfuri gestiune 1 firma,0,BUC,15,18.15,,EUR,21,Surub
00451410,96120-PWB1-900,96120-PWB1-900 BEARIN BALL D/R 30X62X23.8,Pe comanda,Marfuri gestiune 1 firma,1,BUC,27,27,,EUR,21,Rulment
00449441,96130-PWB1-900,96130-PWB1-900 BEARING BALL D/R 25*52*20.6,Pe comanda,Marfuri gestiune 1 firma,0,BUC,0,0,,EUR,21,
00448815,96151-PWB1-900,96151-PWB1-900 MV7400 BALL BEARING,Pe comanda,Marfuri gestiune 1 firma,0,BUC,0,0,,EUR,21,
00450277,96151-PWB1-900,96151-PWB1-900 BEARING WHEEL,Pe comanda,Marfuri gestiune 1 firma,0,BUC,260.504201,310,,EUR,21,Rulment roata
00451120,96211-YZA6-E00,96211-YZA6-E00 UPPER BALL ASSEMBLY,Pe comanda,Marfuri gestiune 1 firma,0,BUC,18.1818,22,,EUR,21,Colivie bile superioara
00451083,96212-YZA6-E00,96212-YZA6-E00 LOWER BALL ASSEMBLY,Pe comanda,Marfuri gestiune 1 firma,0,BUC,18.1818,22,,EUR,21,Colivie bile inferioara
00450198,96220-LDC5-C00,"96220-LDC5-C00 ROLLER 2*14,8",Pe comanda,Marfuri gestiune 1 firma,1,BUC,12.3967,15,,EUR,21,Bolt pinion pompa ulei
00450209,96220-LDC5-C00,96220-LDC5-C00 ROLLER 2*14.8,Pe comanda,Marfuri gestiune 1 firma,0,BUC,15.12605,18,,EUR,21,
00450991,96600-LDB5-E00,96600-LDB5-E00 SOCKET BOLT 8*20,Pe comanda,Marfuri gestiune 1 firma,6,BUC,1.5,1.79,,EUR,21,Surub 8*20 -- lipsa
00450477,96600-LEA7-E01,96600-LEA7-E01 SOCKET BOLT,Pe comanda,Marfuri gestiune 1 firma,0,BUC,0.85,1.01,,EUR,21,Soclu surub
00451496,98059-AAC9-900,98059-AAC9-900 SPARK PLUG LR7D,Pe comanda,Marfuri gestiune 1 firma,1,BUC,38.0165,46,,EUR,21,Bujie
00448813,AFA520XLR2-94,AFA520XLR2-94 DRIVE CHAIN,Marfuri,Marfuri gestiune 1 firma,1,BUC,318.1818,385,,EUR,21,Lant transmisie
